:020000040800F2
:1000000000400020890400087304000875040008FB
:1000100077040008790400087B0400080000000051
:100020000000000000000000000000007D04000847
:100030007F04000800000000810400088304000819
:10004000D9040008D9040008D9040008D90400081C
:10005000D9040008D9040008D9040008D90400080C
:10006000D9040008D9040008D9040008D9040008FC
:10007000D9040008D9040008D9040008D9040008EC
:10008000D9040008D9040008D9040008D9040008DC
:1000900000000000D9040008D9040008D9040008B1
:1000A000D9040008D9040008D9040008D9040008BC
:1000B000D9040008D9040008D9040008D9040008AC
:1000C000D9040008D9040008D9040008D90400089C
:1000D000D9040008D9040008D9040008D90400088C
:1000E000D9040008D9040008D9040008D90400087C
:1000F000D90400080000000000000000D904000836
:10010000D9040008D9040008D9040008D90400085B
:10011000D9040008D9040008D9040008D90400084B
:10012000D9040008D9040008D9040008D90400083B
:10013000D9040008D904000810B5054C237833B958
:10014000044B13B10448AFF300800123237010BDAA
:100150000C000020000000005814000808B5034BF4
:100160001BB103490348AFF3008008BD0000000045
:10017000100000205814000830B521F003010E4D86
:10018000034601444FF0FF308B4200D130BD9A78D6
:100190005C78120442EA04221C782243DC7842EAAA
:1001A00004625040202200284FEA4000B8BF684057
:1001B000013AF8D10433E7E7B71DC10430B585B083
:1001C0000C46054600F082FA0C4B9A6942F0404218
:1001D0009A6105F178454CF2FA3204F2FF741A6123
:1001E00069460223ED0AE40A01A8019302950394EB
:1001F00000F0FEFA00F07CFA05B030BD0040005877
:1002000000B59BB04422002109A801F0F9F818229A
:10021000002102A801F0F4F8154A136823F4C06322
:1002200043F480631360136803F4C0630193019B7C
:100230002023012108936022002308A8CDE9101390
:10024000CDE9122300F062FD014608B172B6FEE767
:100250004F23CDE90230CDE90400CDE9060002A824
:1002600000F0EEFF08B172B6FEE71BB05DF804FBCC
:10027000000400582DE9F043764D87B000F07AF97C
:10028000FFF7BEFF2A68744B9A4240F09980EB68F2
:10029000012B40F095806968B1F5604F00F29080C5
:1002A0006E48FFF769FFAB68984240F08980DFF83D
:1002B000B091DFF8B081032772B64FF46041484631
:1002C000FFF77CFF6C6800F001FAD8F8183043F0B3
:1002D0004043C8F8183007344CF2FA3324F00704CE
:1002E000C8F810300026B4420BD800F001FA62B60C
:1002F00069684846FFF740FFAC68231A5C425C41DE
:100300000FE006F1006101F58833D3E9002301F520
:100310004051012000F026FAC8B100F0E9F962B6B8
:100320000024013F15D0002CC6D04A484FF400618C
:10033000FFF744FFBFF34F8F4B494C4BCA6802F4A1
:10034000E0621343CB60BFF34F8F00BFFDE7083679
:10035000C9E7002CE9D14FF0B0434FF48875DA6C4F
:1003600042F00102DA64DB6C059403F001030093B0
:10037000009B01A901234FF09040CDE90344CDE952
:10038000015300F083FA224629464FF0904000F0D6
:1003900029FB01224FF480714FF0904000F022FBC6
:1003A0004FF4967000F00EF900224FF480714FF078
:1003B000904000F017FB4FF4967000F003F9E8E767
:1003C000274B1D685C6872B6264B1A6822F40072CF
:1003D0001A601A6842F400621A601A6822F4006215
:1003E0001A601A6842F400721A601A6822F4806275
:1003F0001A601A6842F480521A601A6822F4805215
:100400001A601A6842F480621A604FF0FF310022CD
:10041000930003F1604303F561430132082AC3F8F6
:100420008010C3F88011F3D100F078FB00F056F88B
:100430004FF0E02300221A615A619A61084AC3F81A
:10044000082DBFF34F8FBFF36F8F85F3088862B617
:10045000A047FEE700F001083143414D00100108BC
:10046000003000080040005800ED00E00400FA05EC
:100470007047FEE7FEE7FEE7FEE7FEE770477047DE
:10048000704700F08DB870470D488546FFF7FBFFB9
:100490000C480D490D4A002302E0D458C4500433DF
:1004A000C4188C42F9D30A4A0A4C002301E01360B5
:1004B0000432A242FBD300F0ABFFFFF7DBFEFEE706
:1004C00000400020000000200C000020041500085F
:1004D0000C00002044000020FEE770474FF0B043BE
:1004E00010B59A6B4FF0FF329A63D96BDA63002430
:1004F000996B9C63D96BDC63196C1A64196C1C646E
:10050000596C5A64596C5C64996A9A62996A9C62E3
:10051000D96ADA62D96ADC62196B1A631A6B1C63D6
:10052000FFF7DBFF204610BD38B5104C2378054699
:100530000BB9012038BD00F0D9FB22784FF47A7353
:10054000B3FBF2F3B0FBF3F000F094F8044600289C
:10055000EFD10F2DEDD8024629464FF0FF3000F0C5
:1005600057F8034B20461D60E4E700BF040000205D
:100570000800002010B5032000F038F800F0B6FBAA
:10058000064B18600F20FFF7CFFF044618B9FFF79E
:100590006FFF204610BD0124FBE700BF00000020D4
:1005A000034A044B11681B780B441360704700BF6B
:1005B0002800002004000020014B1868704700BF8D
:1005C0002800002038B50446FFF7F6FF631C1CBF67
:1005D000054B1B78054618BFE418FFF7EDFF431BDA
:1005E000A342FAD338BD00BF040000200749CA68FF
:1005F00022F4E0620302120403F4E063120C1343DA
:1006000043F0BF6343F40033CB60704700ED00E07C
:10061000164B30B5DC68C4F30224C4F10703251D72
:10062000042B28BF0423062D4FF0FF358CBF033C5D
:10063000002405FA03F321EA0303A54022EA050298
:10064000A340002843EA0203ACBF00F16040084A1F
:100650004FEA0313B8BF00F00F00DBB2AABF00F5EA
:100660006140135480F8003330BD00BF00ED00E05E
:1006700014ED00E00138B0F1807F0BD24FF0E023A1
:10068000054A5861F02182F8231000200722986162
:100690001A6170470120704700ED00E00A4A536973
:1006A00043F4802330B55361EFF3108472B6002316
:1006B000CD58C5500433B3F5807FF9D11369DB03FE
:1006C000FCD484F3108830BD00400058064B5A69B2
:1006D000002ABFBF054A9A6002F188329A60BABF09
:1006E0005869C00F0020704700400058230167453B
:1006F000044B5A6942F000425A615869C043C00F26
:10070000704700BF0040005870B50546FFF754FF22
:10071000124E04463369D90313D43369DA0744BF50
:10072000012232614CF2FA32134011D10B4E306982
:1007300010F480200BD0FFF73FFF001BA842F6D338
:1007400004E0FFF739FF001BA842E3D3032070BD8C
:10075000024A1361024A01205360F8E70040005842
:100760002C0000202DE9F041184D98462B78012BE4
:1007700006460C46174626D001232B704FF47A709C
:1007800000236B60FFF7C0FFA0B9012E16D1104AFD
:10079000536943F0010353612760BFF36F8FC4F8BF
:1007A00004804FF47A70FFF7AFFF094A536923EAD8
:1007B0000603536100232B70BDE8F08139462046C3
:1007C000FFF76CFFEDE70220F6E700BF2C000020EA
:1007D00000400058054A536923F47E7343EAC00081
:1007E00040F4803040F002005061704700400058F3
:1007F0002DE9F041234F3B78012B054688463FD039
:1008000001233B704FF47A7000237B60FFF77CFF7D
:10081000044688B92B68042B13D11B4A536943F44F
:10082000803343F0040353614FF47A70FFF76CFF99
:100830000446154B1A681B6800233B702046BDE830
:10084000F0814FF0FF33C8F800306E68D5E901320F
:100850001344B3420AD93046FFF7BCFF4FF47A7015
:10086000FFF752FF50B1C8F800600446064A5369CA
:1008700023F47E7323F002035361DAE70136E5E7E0
:100880000224DBE72C000020004000582DE9F04F47
:10089000524C00234FF00F090A6832FA03F501D1D8
:1008A000BDE8F08F012505FA03F818EA020200F00E
:1008B0008E804E68032706F003054FEA430E07FAC1
:1008C0000EFC6F1E012F6FEA0C0C32D8876807EA06
:1008D0000C0ACF6807FA0EF747EA0A0787604768ED
:1008E00027EA0808C6F300179F4047EA0807476051
:1008F000C76807EA0C088F6807FA0EF747EA080787
:10090000022DC76017D14FEAD30800EB880803F027
:10091000070AD8F820704FEA8A0A09FA0AFB27EA80
:100920000B0B0F6907FA0AF747EA0B07C8F82070A4
:1009300001E0032DDCD1076805FA0EF507EA0C0784
:100940003D4316F4403F056041D023F0030707F113
:10095000804707F5803703F0030CBD684FEA8C0C25
:100960004FF0070E0EFA0CFEB0F1904F25EA0E0E76
:100970002FD01B4DA8422ED005F58065A84214BF8C
:100980000725022505FA0CF545EA0E05BD60256828
:10099000D74316F4801F0CBF3D40154325606568A2
:1009A00016F4001F0CBF3D4015436560D4F880501D
:1009B00016F4803F0CBF3D401543C4F88050D4F876
:1009C0008450B60354BF3D401543C4F884500133EE
:1009D00062E70025D6E70125D4E700BF00080058EC
:1009E000000400480AB181617047816270470000CD
:1009F000024A136843F48073136070470004005880
:100A0000024B186800F4C060704700BF0004005833
:100A10004FF0B0431868C0F3404070474FF0B04308
:100A20001868C0F3400070474FF0B042536823F499
:100A30007F4343EA0023536070474FF0B043186888
:100A4000C0F34060704700007FB54FF0B0432C4AC0
:100A5000D3F80831C0F3031003F00F0352F820401D
:100A6000284A52F82330B4FBF3F4FFF7C9FF264BB2
:100A7000054693E80700B5F5007F04AB03E90700DE
:100A800010D0224B9C4218D303F5B70303F67F53D3
:100A90009C4229D903F5741303F510639C4225D8B1
:100AA00002230BE01A4B9C4207D91A4B9C421BD9DC
:100AB00003F5370303F5D853F0E7002304AA02EB4C
:100AC000830353F80C4C144D2B6823F00703234386
:100AD0002B60FFF771FD06462B6803F007039C426D
:100AE00006D1002004B070BD0123E7E70024EAE747
:100AF000FFF762FD801B0228EED90320F2E700BF5A
:100B00007C140008BC14000870140008C0CF6A00F0
:100B1000BFEA21013F9334020040005870B5FFF74F
:100B20004BFD4FF0B0420446136843F001031360DD
:100B3000FFF774FF002848D04FF0B044002023682E
:100B400023F0F00343F060032360FFF76DFF636859
:100B500023F0FE4343F080436360FFF72DFD002345
:100B60000546A36041F28836A36813F00C0F33D119
:100B70002268224B13402360FFF71EFD0446FFF757
:100B800047FF78BB4FF0B042136823F400131360A3
:100B9000FFF712FD0446FFF750FF48BB4FF0B0438C
:100BA000174ADA604FF0FF3298611A624FF4403210
:100BB000C3F80821134B144A1A60144B1868FFF746
:100BC000B3FC003818BF012005E0FFF7F5FC001B5F
:100BD0000228ADD9032070BDFFF7EEFC401BB042E8
:100BE000C2D9F7E7FFF7E8FC001B6428C7D9F1E793
:100BF000FFF7E2FC001B0A28CDD9EBE7FFF4EEFE7D
:100C0000000104220000002000093D00080000202F
:100C10004FF0B04310B59A68D96812F00C0205D0B5
:100C20000C2A4AD101F00303012B51D14FF0B041FE
:100C30002B480B6813F0080306D00B6813F0080369
:100C400037D1D1F8941007E00C68240756BFD1F8CB
:100C500094300968C3F3032350F82330002A0CBFF3
:100C6000184600204FF0B0418A6802F00C020C2AAE
:100C70001ED1CA6802F00302022A2ED0032A06D12E
:100C80000B68184A13F4801F174B18BF13464FF018
:100C9000B042D068D168D268C0F306205843C1F38F
:100CA00002130133B0FBF3F0530F0133B0FBF3F049
:100CB00010BD0B68C3F30313CEE7042A05D0082A3E
:100CC00006D11B6813F4801305D006480023C9E73A
:100CD00000231846C6E70448C4E7024BD7E700BF25
:100CE0007C1400080024F4000048E80108B5FFF770
:100CF0008FFF4FF0B043044A9B68C3F3031352F8CD
:100D00002330B0FBF3F008BDBC1400082DE9F0411E
:100D10000446002853D04FF0B0439D68DE68036856
:100D20009B0605F00C0506F0030668D5026A1DB1A6
:100D30000C2D46D1012E44D1002A40D04FF0B043B3
:100D4000A16A1A68170756BFD3F894301B681B09AD
:100D500003F0F00399421FD90846FFF775FE0028FB
:100D60002DD14FF0B042136843F0080313601368AD
:100D7000A16A23F0F0030B431360606AFFF754FE8F
:100D8000FFF7B4FFAB4B1860AB4B1868FFF7CCFB19
:100D9000002834D0BDE8F0814FF0B042136843F032
:100DA00008031360136823F0F0030B431360606AB9
:100DB000FFF73AFE0846FFF747FE0028E0D0012083
:100DC000E8E74FF0B043002A54D01A6842F001021D
:100DD0001A60FFF7F1FB0746FFF720FE002842D01C
:100DE0004FF0B042136843F0080313601368A16A20
:100DF00023F0F0030B431360606AFFF715FE2368CE
:100E0000D80748D42368990700F18C8023681E070F
:100E100040F1FA80A3694FF0B046002B00F0E1806A
:100E2000D6F89430E16903F01002914200F0C480DA
:100E300003F00302022AC2D0D80740F1B380D6F8EB
:100E4000943023F00103C6F89430FFF7B5FB074652
:100E5000D6F89430990740F1A580FFF7ADFBC31B8E
:100E6000112BF5D904E0FFF7A7FBC01B0228B3D96B
:100E700003208FE71A6822F001021A60FFF79CFB3B
:100E80000746FFF7CBFD0028B9D0FFF795FBC01B45
:100E90000228F6D9ECE7082D03D00C2D05D1032E3E
:100EA00003D16368002BADD189E74FF0B043A1684F
:100EB0001A6822F480120A431A606268B2F5803F11
:100EC00010D11A6842F480321A60FFF775FB0746AA
:100ED000FFF79EFD002895D1FFF76EFBC01B64282D
:100EE000F6D9C5E7B2F5041F04D11A6842F400121E
:100EF0001A60E6E7196821F480311960196821F455
:100F000000111960002AE0D1FFF756FB0746FFF7F2
:100F10007FFD00283FF476AFFFF74EFBC01B64282F
:100F2000F5D9A5E7042D236903D00C2D0ED1022E8F
:100F30000CD1002B3FF443AF4FF0B04261695368CE
:100F400023F0FE4343EA016353605FE74FF0B0468E
:100F5000BBB1336843F480733360FFF72DFB074662
:100F600033685A0505D4FFF727FBC31B022BF7D9BB
:100F70007EE77368626923F0FE4343EA02637360AD
:100F800044E7336823F480733360FFF715FB0746AB
:100F900033685B057FF53AAFFFF70EFBC31B022BEF
:100FA000F6D965E74FF0B042E169D2F8943023F00A
:100FB00010030B43C2F894304FF0B047D7F8943089
:100FC00043F00103C7F89430FFF7F6FA0646D7F866
:100FD00094309A0718D4FFF7EFFA831B112BF6D938
:100FE00046E7D6F8943023F00103C6F89430FFF7B3
:100FF000E3FA0746D6F894309B0705D5FFF7DCFAED
:10100000C31B112BF6D933E72368580754D50B4F70
:101010003B68D90514D4FFF7EBFCFFF7CDFA064681
:101020003B68DA050CD4FFF7C7FA831B022BF7D90C
:101030001EE700BF00000020080000200004005848
:10104000E3684FF0B046002B58D023F08003052B07
:1010500002BFD6F8903043F00403C6F890304FF04A
:10106000B046FFF7A9FAD6F8903043F001030746DF
:10107000C6F8903041F28838D6F890309B0705D4F6
:10108000FFF79AFAC31B4345F6D9F1E6E36823F06C
:101090000403812B1BD1FFF78FFAD6F8903043F071
:1010A0008003C6F8903007464FF0B04641F28838CA
:1010B000D6F89030180504D5E36A002B4AD10020F9
:1010C00068E6FFF779FAC01B4045F1D9D0E6FFF793
:1010D00073FAD6F8903023F08003C6F890300746B4
:1010E0004FF0B04641F28838D6F890301905E3D574
:1010F000FFF762FAC01B4045F6D9B9E6FFF75CFA84
:10110000D6F8903023F080030746C6F8903041F2BD
:101110008838D6F890301A0516D4FFF74DFAD6F86D
:10112000903023F00103C6F8903007464FF0B048E6
:1011300041F28836D8F890309B07BDD5FFF73CFACE
:10114000C31BB342F6D993E6FFF736FAC01B4045FE
:10115000DFD98DE60C2D4ED0022B4FF0B0431A682C
:1011600022F080721A6033D1FFF726FA0546FFF7A6
:1011700064FC38BBD4E90C314FF0B0420B43D0686B
:101180002D4901400B43E16B0B43216C0B43616C18
:101190000B43A16B43EA0123D360136843F08073D0
:1011A0001360D36843F08053D360FFF705FA044619
:1011B000FFF743FC002882D1FFF7FEF9001B0A2845
:1011C000F6D955E6FFF7F8F9401B0A28CFD94FE6C4
:1011D000FFF7F2F90446FFF730FC30B94FF0B042A8
:1011E000164BD1680B40D36069E7FFF7E5F9001BA8
:1011F0000A28F0D93CE6012B3FF4E1AD4FF0B043B3
:10120000D868236B00F003029A427FF4D8AD626B7A
:1012100000F0700393427FF4D2ADA26B00F4FE4362
:10122000B3EB022F7FF4CBAD636C00F06040C01ACB
:1012300018BF0120AEE500BF8C80C111FCFFFEEE9F
:101240002DE9F0410D46044610B90120BDE8F081BA
:10125000684E336803F007038B4216D323689A075E
:1012600027D54FF0B047A268BB6823F0F0031343C3
:10127000BB60FFF7A1F90646BB68DB0319D4FFF793
:101280009BF9831B022BF7D911E0336823F0070386
:101290000B433360FFF790F90746336803F0070309
:1012A000AB42DBD0FFF788F9C01B0228F5D9032039
:1012B000CCE72368580617D54FF0B0476269D7F8D6
:1012C000083123F00F0343EA1213C7F80831FFF780
:1012D00073F90646D7F80831D90305D4FFF76CF93E
:1012E000831B022BF6D9E2E723685A0713D54FF088
:1012F000B047E268BB6823F4E0631343BB60FFF7C9
:101300005BF90646BB689B0305D4FFF755F9831BC1
:10131000022BF7D9CBE72368180714D54FF0B04755
:101320002269BB6823F4605343EAC203BB60FFF742
:1013300043F90646BB68590305D4FFF73DF9831B03
:10134000022BF7D9B3E72368DA070FD4294C2368B7
:1013500003F00703AB4239D8FFF7C8FC264B1860EF
:10136000264BBDE8F0411868FFF7DEB86268022A34
:101370001DD1FFF74DFB00283FF467AF4FF0B0469B
:1013800041F28838B36823F003031343B360FFF7D7
:1013900013F90746B368626803F00C03B3EB820FDE
:1013A000D4D0FFF709F9C01B4045F3D97FE7032AE2
:1013B00002D1FFF742FBDEE712B9FFF72FFBDAE7B6
:1013C0004FF0B0431B685B05D8D43EE7236823F099
:1013D00007032B432360FFF7EFF80646236803F06B
:1013E0000703AB42B8D0FFF7E7F8801B0228F5D916
:1013F0005DE700BF0040005800000020080000200A
:1014000002440346934200D1704703F8011BF9E7F9
:1014100070B50D4D0D4C641BA4100026A64209D1D9
:101420000B4D0C4C00F018F8641BA4100026A642CB
:1014300005D170BD55F8043B98470136EEE755F8E5
:10144000043B98470136F2E7FC140008FC1400083E
:10145000FC14000800150008F8B500BFF8BC08BC73
:101460009E467047F8B500BFF8BC08BC9E46704762
:10147000000000000100000002000000A086010042
:10148000400D0300801A060000350C0040420F009A
:1014900080841E0000093D0000127A000024F40040
:1014A00000366E010048E801006CDC02000000001C
:1014B000000000000000000000000000010000002B
:1014C0000300000005000000010000000100000012
:1014D000060000000A0000002000000002000000DA
:1014E00004000000080000001000000040000000A0
:1014F0008000000000010000000200005D01000803
:101500003901000800093D00010000001000000042
:103000000040002055560008714E0008734E00081D
:10301000754E0008774E0008794E00080000000049
:103020000000000000000000000000007B4E0008CF
:103030007D4E0008000000007F4E0008814E000811
:10304000A5560008A5560008A5560008A556000874
:10305000A5560008A5560008A5560008C14E000850
:10306000A5560008A5560008A5560008A556000854
:10307000A5560008A5560008A5560008854E00086C
:10308000A5560008A5560008A5560008A556000834
:1030900000000000A5560008A5560008A556000827
:1030A000A5560008A5560008A5560008A556000814
:1030B000A5560008A5560008A5560008A556000804
:1030C000A5560008A5560008A5560008A5560008F4
:1030D000914E00089D4E0008A5560008A556000810
:1030E000A5560008A5560008A94E0008A5560008D8
:1030F000A55600080000000000000000A5560008CA
:10310000A5560008A5560008B54E0008A5560008AB
:10311000A5560008A5560008A5560008A5560008A3
:10312000A5560008A5560008A5560008A556000893
:08313000A5560008A556000891
:1031400010B5054C237833B9044B13B10448AFF3E1
:1031500000800123237010BD8C00002000000000BF
:1031600090CC000808B5034B1BB103490348AFF3EB
:10317000008008BD000000009000002090CC0008F6
:10318000034613F8012B002AFBD1181A01387047A7
:1031900001F0FF01102A2BDB10F0070F08D010F808
:1031A000013B013A8B422DD010F0070F42B3F6D10C
:1031B000F0B441EA012141EA014122F007047FF025
:1031C00000070023F0E80256083C85EA010586EA7C
:1031D000010685FA47F5A3FA87F586FA47F6A5FAB8
:1031E00087F68EB9EED1F0BC01F0FF0102F00702C4
:1031F00032B110F8013B013A83EA010313B1F8D16F
:103200000020704701387047002D06BF354603384F
:10321000073815F0010F07D1013015F4807F02BF88
:10322000013015F4C03F0130F0BC0138704700BFD9
:1032300053B94AB9002908BF00281CBF4FF0FF311D
:103240004FF0FF3000F06AB9ADF1080C6DE904CE23
:1032500000F006F8DDF804E0DDE9022304B0704771
:103260002DE9F047089D0C46002B4ED194468C4525
:103270008646B2FA82F262D94AB1C2F12003914085
:1032800020FA03F30CFA02FC194300FA02FE4FEA9B
:103290001C471FFA8CF6B1FBF7F44FEA1E4307FBFD
:1032A000141143EA014304FB06F199420AD91CEBCD
:1032B000030304F1FF3080F01281994240F20F8144
:1032C000023C6344591A1FFA8EF3B1FBF7F007FB77
:1032D000101143EA014300FB06F69E420AD91CEB9B
:1032E000030300F1FF3180F0FC809E4240F2F98040
:1032F000634402389B1B40EA044000211DB1D340C7
:103300000022C5E90032BDE8F0878B4205D90DB136
:10331000C5E9000100210846F5E7B3FA83F1002969
:1033200046D1A34202D39042C0F0F080861A64EBEB
:1033300003030120002DE6D0C5E90063E3E7002A7E
:1033400040F09080A1EB0C044FEA1C481FFA8CF768
:103350000121B4FBF8F64FEA1E4308FB164443EA8A
:10336000044307FB06F0984208D91CEB030306F15F
:10337000FF3402D2984200F2CD8026461C1A1FFA72
:103380008EF3B4FBF8F008FB104443EA044300FB5F
:1033900007F79F4208D91CEB030300F1FF3402D268
:1033A0009F4200F2B0802046DB1B40EA0640A5E7C2
:1033B000C1F120068B4022FA06F71F4320FA06FCD3
:1033C00004FA01F343EA0C03F44000FA01F8380C64
:1033D0004FEA1349B4FBF0FE1FFA87FC00FB1E44C2
:1033E00049EA04440EFB0CF9A14502FA01F20AD99C
:1033F0003C190EF1FF3A80F08480A14540F28180B3
:10340000AEF1020E3C44A4EB09041FFA83F9B4FBAD
:10341000F0F300FB134449EA044403FB0CFCA4450D
:1034200007D93C1903F1FF3067D2A44565D9023BA7
:103430003C4443EA0E40A0FB0293A4EB0C049C42E4
:10344000CE469C4651D34ED055B1B8EB0E0364EB3B
:103450000C0404FA06F6CB401E43CC40C5E90064D8
:10346000002150E7C2F1200320FA03F10CFA02FC1C
:1034700024FA03F394400C434FEA1C4800FA02FE7E
:103480001FFA8CF7B3FBF8F008FB1031230C43EA6A
:10349000014300FB07F1994208D91CEB030300F13B
:1034A000FF362CD299422AD9023863445B1AA4B25F
:1034B000B3FBF8F108FB113344EA034401FB07F3C3
:1034C000A34208D91CEB040401F1FF3613D2A34236
:1034D00011D902396444E41A41EA004139E704464B
:1034E000F0E6084606E7C845AED2B9EB020E63EB3C
:1034F000070C0138A8E73146EDE7034699E7304667
:10350000D4E7D6467FE7634402384DE706462346B4
:1035100008460FE7023E634430E700BF704700BF34
:10352000F7B5154606460F4603F0BEFA154B16488A
:103530004FF400421A6106F17842D30A022102EBED
:10354000C502C0E90013C3EBD223DB0A013301A992
:10355000836003F041FB044680B9083FAC4206EBB0
:10356000C40103DB03F0B2FA002009E0F7E902230B
:10357000012003F0EBFA08B90134EFE703F0B2FAE7
:1035800003B0F0BD00400058B4000020520092B2D9
:1035900000EB8202091A904200D1704703680B5079
:1035A0000430F8E710B5094B0446B3F8E000084BC7
:1035B000ADF5FA6D13FA80F0FA2269468002FFF742
:1035C000E5FF1DF904000DF5FA6D10BD0075FF1F34
:1035D000FEFF410010B5094B0446B3F8E000084B6C
:1035E000ADF5FA6D13FA80F0FA2269468002FFF712
:1035F000CDFF5DF804000DF5FA6D10BD0075FF1FDD
:10360000FEFF4100F0B50E4F0E4E0446B7F8E00045
:10361000ADF2D47D16FA80F00D46FA22694680029A
:10362000FFF7B4FF0DF80450B7F8E00016FA80F089
:10363000FA2269468002FFF773FF0DF2D47DF0BDD8
:103640000075FF1FFEFF4100F0B50E4F0E4E044601
:10365000B7F8E000ADF2D47D16FA80F00D46FA22FC
:1036600069468002FFF792FF4DF80450B7F8E0007A
:1036700016FA80F0FA2269468002FFF751FF0DF238
:10368000D47DF0BD0075FF1FFEFF410013B5044659
:1036900003F00AFA0A4B0B484FF400421A6104F196
:1036A000784402230360E40A012301A94460836093
:1036B00003F092FA08B103F015FA02B010BD00BF92
:1036C00000400058A80000201248134A08B54FF0E7
:1036D0008043C0E900230422002342610122C0E9A3
:1036E0000233C0E90933C0E90C33036103838376F5
:1036F000C26180F8203080F82C30836380F83C3041
:10370000C36402F013FE18B1BDE8084000F0F2BF38
:1037100008BD00BFC00000200024014010B50446D1
:1037200088B01422002103A808F028FE22681A4B52
:103730009A422FD14FF0B04318481A6E42F40072EB
:103740001A661A6E02F400720292029ADA6C42F061
:103750000202DA64DA6C02F002020192019ADA6C77
:1037600042F00102DA64DB6C03F001030093009B7A
:103770000324042303A9CDE9033403F07BFA4FF4B7
:103780008063CDE9033403A900234FF090400593F3
:1037900003F070FA08B010BD002401400004004896
:1037A000F8B50546174608F0FEFD044660B1461B15
:1037B0002846FFF7E5FCC6F1010201360244214626
:1037C000A81908F0C1FD2770F8BDF8B516460746E0
:1037D0000C461D46FFF7D4FCB04211D37319834247
:1037E0000EDCB81900239D4205DC25EAE5750023AF
:1037F00063552046F8BD10F8012BE2540133F2E77F
:103800000024F6E770B50E4614460025A54205DBF8
:103810000CD10378002B08BF002070BD314608F0A2
:10382000B5FD0028F9D001300135EFE70020F4E7BD
:103830002DE9F043B14C89B03C220021204608F02C
:103840009DFD01F067FD1E233C222146AC4805F09A
:10385000ABFD0025AB4984F83B50204608F0A3FDA2
:10386000074688B1A84EA6480123337004F0A0FE95
:10387000204601F03BF935703C222946204609B02C
:10388000BDE8F04308F07ABD2B21204608F07EFD0C
:10389000064678B3031B022B10D8FFF771FCC31C3C
:1038A0003C2B05460AD802463146A01C08F04CFDC8
:1038B00025444123237054236370AF7093498F488C
:1038C00008F071FD0646D8B10024914B22462146EE
:1038D000CDE90044022007F091FF0A2001F07AFBB5
:1038E0008C4B1B6800938C4B22462146022007F02C
:1038F00085FF29E0894941222046FFF751FFDDE796
:1039000087497E4808F04FFD054640B331465020B8
:10391000FFF79AFE834BB3F8E000834B13FA80F075
:103920008002FFF7B3FE314604465020FFF78CFEBD
:1039300074B97E4B22462146012007F05FFFC82064
:1039400001F048FB02F056FE3C2200216B4896E74E
:10395000774B32463146012007F050FFF4E77549B6
:10396000664808F020FD064690B1734B2A4629466A
:10397000012007F043FF3C222946604808F0FEFC86
:10398000642001F027FB09B0BDE8F04302F032BE2D
:103990006A495A4808F007FD054638B35748FFF70B
:1039A000EFFB3D210546554808F0F0FC021BAB1A21
:1039B000013B013205A95148FFF707FF05A808F0B0
:1039C0008FFB044618B15E4B421F9A420BD821462A
:1039D0004FF49670FFF738FE4E4B1C604E4B009430
:1039E0000022114682E7574B3246ECE056494348E5
:1039F00008F0D9FC064658B1464B1B680093464B6D
:103A00002A462946022007F0F9FE3C2229469DE776
:103A10004E493A4808F0C7FC054620B33748FFF73F
:103A2000AFFB3D210546354808F0B0FC021BAB1A40
:103A3000013B013205A93148FFF7C7FE05A808F090
:103A40004FFB044618B13E4B421F9A4209D821460B
:103A50004FF49670FFF7F8FD2E4B1C603C4B009422
:103A6000BEE73C4BC0E73C49244808F09CFC0646B6
:103A700020B1284B1B680093354BC1E737491F48DD
:103A800008F091FC054660B31C48FFF779FB3D2127
:103A900005461A4808F07AFC021BAB1A013B0132BA
:103AA00005A91648FFF791FE05A808F019FB441E6A
:103AB000072C14D8E1B26420FFF7A4FD6420FFF7BF
:103AC00071FD84427FF440AF0130254B009000220D
:103AD0001146022007F092FE4FF47A7030E7214B36
:103AE00082E72149054808F05EFC00283ED06420AA
:103AF000FFF758FD01301A4B009081E724010020A8
:103B00003C120020DBCC000884110020E0CC00082F
:103B1000EBCC0008B015002018CD0008FECE000840
:103B200023CD00080075FF1FFEFF41002CCD0008CB
:103B300036CD000843CD00084CCD000856CD000816
:103B40007B51010061CD00086FCD000879CD0008E0
:103B500087CD000895CD0008A6CD0008B3CD00089C
:103B6000BACD0008C1CD0008CBCD0008A949AA48AC
:103B700008F019FC50B3A848FFF702FB3D210546A9
:103B8000A54808F003FC021BAB1A013B013205A952
:103B9000A148FFF71AFE05A808F0A2FA4FF6FE7337
:103BA000421E9A4204460CD801466C20FFF74CFD99
:103BB0006C20FFF70FFD84427FF4C6AE0094974B54
:103BC0000EE7974B002211460220C5E69549924820
:103BD00008F0E9FB054620B16C20FFF7FBFC0090E4
:103BE000EDE791498C4808F0DEFB50B38A48FFF7B7
:103BF000C7FA3D210646884808F0C8FB021BB31AE5
:103C0000013B013205A98448FFF7DFFD05A808F054
:103C100067FA0428044606D9844B2A46294602201E
:103C200007F0ECFDF1E6C1B20820FFF7EBFC08203D
:103C3000FFF7B8FCA04202D17D4B009047E77B4BD9
:103C4000C0E77C49744808F0AEFB064640B37248B2
:103C5000FFF796FA3D2105466F4808F097FB021BD7
:103C6000AB1A013B6C48013205A9FFF7AEFD9DF888
:103C70001440A4F14103022B10D821460C20FFF779
:103C8000C1FC0C20FFF78EFC412CC0B202D16A4B64
:103C90000090A5E6432C7FF457AEF8E7674B91E719
:103CA00067495D4808F07FFB054640B10C20FFF7EF
:103CB00079FC614BC0B200903246314616E661494C
:103CC000554808F070FB0746002848D05248FFF7D7
:103CD00057FA3D210646504808F058FB021BB31A1C
:103CE000013B05A901324C48FFF76FFD2A462C2104
:103CF00005A8FFF787FD08F0F3F9012207462C21FC
:103D000005A8FFF77FFD08F0EBF9022206462C21FB
:103D100005A8FFF777FD08F0E3F9F9B2044614208F
:103D2000FFF770FCF1B21820FFF76CFCE1B21C2029
:103D3000FFF768FC1420FFF735FC04461820FFF756
:103D400031FC06461C20FFF72DFC3F4B0094CDE9CB
:103D500001602A462946022007F050FD55E63B49FE
:103D60002D4808F020FB0646A0B11420FFF71AFCEE
:103D700004461820FFF716FC05461C20FFF712FC2E
:103D8000314B0094CDE901503A463946022007F004
:103D900035FDD9E52E49204808F005FB05460028E9
:103DA0005AD01D48FFF7ECF93D2105461A4808F0A6
:103DB000EDFA021BAB1A013B013205A91648FFF7C9
:103DC00004FD32462C2105A8FFF71CFD08F088F9F8
:103DD00001222C21054605A8FFF714FD08F080F903
:103DE000E9B204462420FFF72FFC21462820FFF7E4
:103DF0002BFC2420FFF7EEFB04462820FFF7EAFB0C
:103E0000CDE90040134B32463146022007F0F6FC64
:103E10009AE500BFD1CD000824010020DCCD0008C8
:103E2000E7CD0008F5CD0008FFCD000808CE00085A
:103E300014CE00081DCE000827CE000831CE0008A1
:103E40003ECE000847CE000853CE000865CE0008DD
:103E500070CE00087BCE0008A549A64808F0A3FA5A
:103E6000064658B3A348FFF78BF93D210646A14803
:103E700008F08CFA021BB31A013B05A901329D48D8
:103E8000FFF7A3FC2A462C2105A8FFF7BBFC08F08E
:103E900027F9C1B21820FFF7B5FB1820FFF782FB06
:103EA000954B00902A462946022007F0A7FC4FF4C4
:103EB0007A7001F08FF802F09DFBA6E58F498D48DE
:103EC00008F071FA28B11820FFF76CFB8A4B0090BC
:103ED000F2E68B49874808F066FA00B38548FFF799
:103EE0004FF93D210546834808F050FA021BAB1AF2
:103EF000013B013205A97F48FFF767FC2C21002216
:103F000005A8FFF77FFC08F0EBF8C1B26020FFF7CF
:103F100079FB6020FFF746FB7A4B009060E57A4919
:103F2000744808F040FA05460028F2D177497148F4
:103F300008F039FA064678B12420FFF74BFB044617
:103F40002820FFF747FBCDE90040714B2A46294660
:103F5000022007F053FC58E56E49664808F023FA42
:103F6000054600283DD06348FFF70AF93D21054684
:103F7000604808F00BFA021BAB1A013B013205A99D
:103F80005C48FFF722FC32462C2105A8FFF73AFCDB
:103F900008F0A6F801222C21044605A8FFF732FC00
:103FA00008F09EF8C1B2FE20FFF72CFBFE20FFF7C1
:103FB000F9FA594BA4F596629A4205460FD8214664
:103FC000FA20FFF741FBFA20FFF704FB84427FF45D
:103FD000BBACCDE90045514B3246314615E7504B5D
:103FE00002E55049434808F0DEF9074650B1FA208F
:103FF000FFF7F0FA0446FE20FFF7D4FA474BCDE96D
:104000000040A3E748493B4808F0CDF906460028A0
:104010005ED00C20FFF7C6FA04460820FFF7C2FA6C
:1040200081461420FFF7BEFA05461820FFF7BAFABA
:1040300006461C20FFF7B6FAE4B23C4B00943A4621
:1040400039468046022007F0D9FB5FFA89F0042840
:1040500096BF374BDFF8DC9053F820906420FFF7D1
:10406000A1FA04466020FFF79DFA07466C20FFF78F
:10407000B1FA00221146304B0090022007F0BEFB3F
:10408000002211462D4BCDF80090022007F0B6FB20
:104090000134002211462A4B0094022007F0AEFBA7
:1040A0000022184B00971146022007F0A7FB3C2284
:1040B0000021104808F062F90022CDE90168214B87
:1040C00000951146022007F099FB09B0BDE8F08386
:1040D0001D49084808F067F9054618B11B4B3246E0
:1040E000314671E52378002BEFD0194B95E500BFE1
:1040F00089CE00082401002090CE000897CE000849
:104100009DCE0008A7CE0008B1CE0008BACE0008A8
:104110007BCE0008C4CE000850BD0100CDCE000803
:10412000D9CE0008E5CE0008EDCE000827CE000865
:1041300020CF0008D5CC0008DCCD0008F4CE000864
:10414000BACD000853CE0008FDCE000832CD0008DD
:104150000DCE00084FF0B04307B59A6C42F0040250
:104160009A649A6C02F004020192019A9A6C42F0ED
:1041700001029A649B6C03F0010300930022022168
:104180000F20009B02F0E4F90F2003B05DF804EB70
:1041900002F010BA08B502F087FC10B16FF004000D
:1041A00008BD064B9A6942F040429A614CF2FA32DD
:1041B0001A6102F08BFC0028F2D0EFE700400058B3
:1041C000F0B585B000230D4600930646A8B3FFF76F
:1041D000E1FF044670BB02F067FC88BB1A481B4A2B
:1041E00002230193D0F8E01506F1784302EA812119
:1041F000B3FBF1F701FB1733DB0A0293D0F8E005BC
:1042000005F178410139314402EA8022B1FBF2F034
:1042100002FB1011C3EBD1230133694601A80393BC
:1042200002F0DAFC20B1022814BF6FF0010401246F
:1042300002F04CFC204605B0F0BD6FF00504F9E734
:104240006FF00404F6E700BF0070FF1F00FCFF03DF
:10425000014B186000207047600100202DE9F04FED
:10426000B0F1006F89B006460F469046C0F0C0809E
:10427000DFF89091644DD9F8E03505EA832303F126
:104280000063013B984200F2B380002900F0B38044
:1042900040EA02035B0740F0AE80FFF77BFF044675
:1042A00090BB02F001FC002840F0A880D9F8E0158E
:1042B000009705EA812106F17842B2FBF1F301FB98
:1042C000132208F17843013B3344B3FBF1F001FBC7
:1042D0001033DB0A01334FEAD22AA3EBD222012AA0
:1042E000039388BFC6F30A050AF58037C6F10803B1
:1042F0008CBFC5F500654546FF02B3460693039B98
:104300009A4505D302F0E2FB204609B0BDE8F08FE4
:10431000A6F10803069A1A4495421CD8009B0495FE
:104320000193CDF814B04FF00009059B09EB030190
:10433000049B99453DD3009BAB442B44A8EB05055A
:10434000B5F5006F009328BF4FF400650AF1010A2C
:1043500007F50067D3E753F8081F5A68B2F1FF3F2B
:1043600008BFB1F1FF3FD5D0284B186810B96FF0E6
:104370000504C7E727B14FF40062394607F044FB54
:10438000DFF888900099D9F80030CBF30A00184480
:10439000AAB207F039FB4FF400613846FFF710FF6F
:1043A00000BBD9F8003001934FF4006305970493E4
:1043B000B9E7019B07914B4402930120D3E9002305
:1043C00002F0C4FB88B90799019BD1E9000259F8B2
:1043D0000310029B5B689A4208BF884205D109F12D
:1043E0000809A2E76FF001048CE76FF0030489E786
:1043F0004FF0FF3488E76FF0050485E76FF00404A1
:1044000082E700BF0070FF1F00FCFF036001002077
:10441000B0F1006F10B40DD3084BD3F8E045084B52
:1044200003EA842303F10063013B984202D810BCE5
:10443000FFF7C6BE4FF0FF3010BC70470070FF1F83
:1044400000FCFF034FF0B04382B0DA6C0243DA6441
:10445000DB6C03400193019B02B070472DE9F041F2
:1044600086B01422002101A807F088FF0220FFF780
:10447000E9FF304EDFF8C0800120FFF7E3FF0420A2
:10448000FFF7E0FF41F218113046002202F012FD62
:10449000002260214FF0904002F00CFD00224046C7
:1044A0004FF4005102F006FD002401254FF48C73F7
:1044B00001A93046CDE901350227CDE9034402F0D8
:1044C000D9FB4FF4881301A94FF09040CDE9017357
:1044D000039402F0CFFB602301A94FF09040CDE997
:1044E0000135CDE9034402F0C5FB4FF48053CDE91B
:1044F000013501A9032330460493039402F0BAFB6B
:1045000001A94FF400534046CDE90135CDE90344FC
:1045100002F0B0FB094B0720DF6002F091F8224661
:104520002146072002F014F8072002F043F806B0F5
:10453000BDE8F08100040048000800480008005869
:104540000268154B9A4210B50C4611D1134B1980D5
:1045500013490B78782B15D84B78042B06D0062BF3
:104560000DD0032B04D100F069F901E000F0DAF975
:10457000BDE810400A490B48402205F085B900F01B
:10458000E3F8F5E72246084807F050FF074B1C8088
:10459000074B01221A70EBE7003801406604002047
:1045A00068040020D0120020660100206401002071
:1045B000041600200368074A93420AD108221A62AF
:1045C00002221A6204221A6203490448402205F0BA
:1045D0005BB970470038014068040020D012002009
:1045E00000B59BB04822002108A807F0C7FE18229A
:1045F000002102A807F0C2FE02F076FC4FF0B042A4
:10460000B021D2F8903023F01803C2F89030D2F8DD
:10461000003423F4C06343F40073C2F80034D2F8CA
:104620000034129103F4C0630193019B2C2308937F
:10463000812301220B9308A80023CDE91023CDE9A3
:104640000E23139302F0C8FD08B172B6FEE74F23A4
:10465000CDE90230CDE90400CDE90600022102A82F
:1046600003F054F808B172B6FEE71BB05DF804FB26
:1046700008B51B4B1B4A9A6062B601F00BFEFFF7B0
:10468000AFFFFFF7EBFE01F00EF800F0DFFDFFF7E4
:104690001BF800220121242001F05AFF242001F000
:1046A00089FF00220221322001F052FF0020FFF793
:1046B000CFFD0D480122082102F0FCFB00224FF43F
:1046C0008071094802F0F6FB0A2000F083FC0749DC
:1046D0000748402205F0D8F800F0ECFFFCE700BFE7
:1046E00000ED00E0003000080004004868040020ED
:1046F000D012002072B6FEE7014B23F8101070476D
:10470000A8040020014B23F810107047A8040020D3
:10471000034B0A1423F81020013023F810107047BF
:10472000A8040020064A074B11785278197062F0ED
:104730007F029870032118465A7001F0B3B800BF89
:10474000680400206602002038B5384D60202C78BF
:10475000FEF728FFC0B2844205D16B78062B04D047
:104760000120FFF7DFFF002038BD6B88AC885BBA03
:1047700064BA9BB2A4B2072B55D8DFE803F004104B
:104780001531373D4349631EFE2B01D90320E8E76D
:10479000274BE1B219706020FEF734FF0FE0022CC6
:1047A000F4D8E1B2FE20F7E7A4F596639BB24DF68C
:1047B00050429342EAD82146FA20FEF745FF1D48B1
:1047C0002B780370AB788370EB78C3702B7903710F
:1047D00006216B794170437101F064F80120C3E751
:1047E000012CD3D8E1B24FF48570D5E7012CCDD898
:1047F000E1B24FF48770CFE7022CC7D8E1B24FF493
:104800008970C9E7022CC1D8E1B24FF48B70C3E7BD
:10481000631E032BBAD921464FF49670FEF714FF9E
:10482000054B1C60CBE702209BE700BF680400201B
:104830000000002066020020B01500202DE9F84F8E
:10484000344D60202C78FEF7ADFEC0B284423ED1DC
:10485000FA20FEF7BFFE8146FE20FEF7A3FE824649
:104860006020FEF79FFE83464FF48570FEF79AFEA8
:1048700080464FF48770FEF795FE07464FF4897027
:10488000FEF790FE06464FF48B70FEF78BFE224B30
:10489000A9881A68214C4FF6FF73934228BF13462C
:1048A00049BAE38189B26B88A4F800B04A1E5BBAAA
:1048B000072AA4F802A0A4F80490A4F8068027818F
:1048C0006681A0819BB205D90320FFF72BFF002052
:1048D000BDE8F88F5818013880B2072801D90220A6
:1048E000F3E70F4A2E786D78167049009170557075
:1048F0000321984202F1020204DA094800F0D2FFD3
:104900000120E5E734F8135095702E0A56700231F5
:104910000133EEE768040020B015002002000020FB
:10492000660200202DE9F047364E30787588B6F8DB
:10493000048001F063F8B0F1000916DB324F3378E0
:104940003B70324B1C689CB9314A012122F814108B
:104950000A34962CFAD198FA98F292B2511E89B282
:104960007C2925D90320FFF7DDFE0020BDE8F08774
:104970004FF44062544300F025FB00238446254950
:104980002548DFF898E09A4611F8012B3AB15EF815
:104990002320ACEB0202944238BF01F801AC013392
:1049A00011F8012CC2810F2B00F11400ECD1D2E7D9
:1049B0000A2303FB09F968BA19FA80F01318B3F552
:1049C000FA7F01D90220CEE7154B3C781C70747831
:1049D0005C7054009C70104C04EB4000002430F8D4
:1049E000025B1D7101342E0AA5B29542DE7003F1FF
:1049F0000203F4D349000A48053100F053FF0120B7
:104A0000B4E700BF6804002000000020B0150020BB
:104A1000B6040020B4150020A8040020C41500200E
:104A20006602002070B5FF23074D084E01441C4666
:104A3000814202D143EA042070BD10F8012B5A4094
:104A4000AB5C6340B45CF3E734D0000834CF0008BB
:104A500070B5134B134D1860D5F88830202B0446E1
:104A600005D0284603F0A4FD2023C5F88830204651
:104A7000FEF786FBC82382B221460A4804F042FCB6
:104A800068B120232046C5F88830FEF779FB21461F
:104A900082B2BDE870400348C82304F033BC70BD47
:104AA000140000203C12002030B521F003010E4D0F
:104AB000034601444FF0FF308B4200D130BD9A785D
:104AC0005C78120442EA04221C782243DC7842EA31
:104AD00004625040202200284FEA4000B8BF6840DE
:104AE000013AF8D10433E7E7B71DC1042DE9F04FCF
:104AF000814DD5F88C30202B95B0044605D0284642
:104B000003F09EFD2023C5F88C3020463D2107F0A0
:104B10003DFC044628B9794815B0BDE8F04FFFF7D1
:104B200097BF00210A22013007F0D0FB2C21054657
:104B3000204607F02BFC0028EDD010220021013088
:104B400007F0C4FB6B1EB3F5604F009002D215F066
:104B5000030701D06A48DFE76A4E6B4801234FF430
:104B600060413370FFF754FC30B16848FFF770FFC5
:104B7000377015B0BDE8F08F6548DFF898B1FFF7E2
:104B800067FFBA463C46B846A5EB0809B9F1F40FF1
:104B900028BF4FF0F40958484FF47A631FFA89F29E
:104BA0000BEB040104F000FC019020B15A48FFF720
:104BB0004FFF002312E04C44B4F5006FC84419D3F2
:104BC0000AF100604FF40062594600F58830FFF7A3
:104BD00045FB28B15148FFF73BFF019B3370C8E705
:104BE0004F49A4F500642246A1F500600AF5006A69
:104BF00007F0AAFB4B4A4346302108A807F070FB98
:104C000008A8FFF725FF4545BED8B4B1FF2314F02F
:104C100007080ED10AF100603E49224600F58830AF
:104C2000FFF71CFB48B13D48FFF712FF86F80080F4
:104C30009FE70BF804300134E9E73022002108A88F
:104C400007F09CFBDFF8B08000246423012204A954
:104C5000404604F0A9FB90B99DF8102004F15001E2
:104C6000631C0DEB01040A2A04F8302C0DD12E49E7
:104C700008A807F098FB044650B12C4897E7013785
:104C8000322FF4D823461C46DFE72F2BFBD1EEE76B
:104C90001D482946FFF708FF009B984204D024488E
:104CA000FFF7D6FE347064E7224B2348CDE9043584
:104CB000009B06934FF4006101230793FFF7A8FBC5
:104CC00008B11E4873E710221B480DEB0201FFF7E5
:104CD000C5FA04460028F4D11948FFF7B9FE194A6D
:104CE0000394039B934202D901F084FC41E700BF87
:104CF000039B01330393F4E73C12002034D10008F6
:104D000047D10008841100200010010858D1000884
:104D10006AD100089008002077D100088BD10008E4
:104D2000901000209DD10008ABD10008B7D1000839
:104D3000C6D100083143414D00F00108D6D100082A
:104D4000E7D10008BF27090000B58DB02C22002153
:104D500001A807F013FB1748174B03601F2383605C
:104D60004FF080420023C0E90433C0E90723836188
:104D70004FF48073436202F06FFF08B1FFF7BAFC93
:104D80000C4803F095F808B1FFF7B4FC4FF000535E
:104D900000220793074808924FF4807301A90292FA
:104DA00006920B9302F0B8FF08B1FFF7A3FC0DB019
:104DB0005DF804FB881100200028004010B504466F
:104DC00090B03822002102A807F0D8FA2268154BCB
:104DD0009A4224D14FF48033029302A84FF4007317
:104DE0000F9302F0B7FD08B1FFF784FC4FF0B0431A
:104DF0002A20D3F8902042F40042C3F890209A6D04
:104E000042F480629A659B6D002203F480630193F3
:104E10001146019B01F09CFB2A2001F0CBFB10B056
:104E200010BD00BF002800407047000008B501F029
:104E300053FA044B0120C3F88800BDE8084002F093
:104E4000ABB800BF0004005801F04DBA08B501F03E
:104E50004AFABDE8084000F0BDBB08B501F03CFAD5
:104E6000BDE808400121002002F046B870477047B5
:104E7000FEE7FEE7FEE7FEE7FEE770477047704794
:104E800001F01EBA014801F09FBD00BFDC110020F7
:104E9000014803F083BC00BFD0120020014803F09A
:104EA0007DBC00BF3C120020014802F05BBE00BF89
:104EB00088110020014803F03ABA00BFC011002059
:104EC000022002F005B80000054808B50823036079
:104ED00003F04AF818B1BDE80840FFF70BBC08BD65
:104EE000C01100204FF0B04307B55A6E42F00102E6
:104EF0005A665B6E002203F00103019311463220D3
:104F0000019B01F025FB322003B05DF804EB01F0BA
:104F100051BB00000CB407B5054A05AB1021019345
:104F200006F0BCFF03B05DF804EB02B0704700BFB1
:104F300010D2000830B585B0044602A80D4606F030
:104F40003BFEBDF90C30064A00931021029B20461F
:104F5000FFF7E0FF2046FEF713F9288005B030BDCB
:104F600010D200084FF0B04210B5936823F400430C
:104F7000936006F047FE0C4B01241C7000F030F8E3
:104F800006F0D2FB094806F0E9FB022006F0ECFB34
:104F900006F0E4FC2146204606F000FD21462046AE
:104FA000BDE8104006F0E4BCCC110020354F0008ED
:104FB00006F00ABD0121022006F0DABC0021022021
:104FC00006F0D6BC024B187808B100F08BB87047D9
:104FD000CC11002082B00190019802B000F01EB9FF
:104FE00070B586B001F086F901F08CF901F092F904
:104FF000012302930323049300244FF0B04303944E
:105000000594DA6C0B4D42F00202DA64DB6C03F0BB
:10501000020300934FF4805601A92846009B019695
:1050200001F028FE22463146284601F043FF06B033
:1050300070BD00BF000400480B4A116810B503465C
:1050400009B90A491160106809490A4C0344091B4F
:105050008B4206D907F0BEF90C2303604FF0FF30F6
:1050600010BD1360FCE700BFD0110020501C0020D1
:105070000040002000080000014B1868704700BF86
:10508000D41100200320704708B501464FF47A720E
:1050900000238002890DFEF7CBF808BD4FF47A7328
:1050A000A0FB0303800A40EA83507047034B9868D3
:1050B0009A689042FBD1C043704700BF002800406F
:1050C00008B5FFF7F3FF014B186008BDD4110020AD
:1050D00008B5FFF7EBFF024B1B68C01A08BD00BF05
:1050E000D4110020024B187808B1FFF7DFBF7047DA
:1050F000D811002010B5074B074C0122DA654FF498
:105100008071204602F0F4FC4FF0FF33236300204F
:1051100010BD00BF00280040881100200246002179
:10512000014802F0ECBE00BF8811002002460121B8
:10513000014802F0E4BE00BF8811002010B58CB019
:105140002C220021044601A807F018F9FFF7D2FF2E
:105150000C4B0D481B681C440023089306934FF02A
:105160000053E443079301224FF4807301A9029492
:105170000B9302F0D1FD08B1FFF7BCFA00200CB090
:1051800010BD00BFD41100208811002038B505469D
:10519000FFF78CFF02210446074802F0B7FEC4F374
:1051A00009024FF47A71A2FB0121920AA30A2A8014
:1051B00043EA805038BD00BF88110020014800211B
:1051C00002F0A4BE881100200148012102F09EBE19
:1051D00088110020F8B50F4D2E78CEB90E4C4FF047
:1051E000FF372763FFF7B0FDFFF784FF4FF48071AF
:1051F000204602F07DFC2046276302F03BFE32464B
:105200002046022102F07BFEFFF75AFF01232B709C
:105210000020F8BDD811002088110020014610B5EB
:105220004FF47A7200238002890DFEF701F80146DF
:10523000FFF73CFF0446FFF739FF031B8B4200D307
:1052400010BD00BFF7E706F0E5BD000038B52E49F8
:105250002E4C4FF41653C4E900130C220023C4E96A
:105260000233C4E90523C4E90733236163620823D9
:10527000A36220464FF40043A36304F033F908B15E
:10528000FFF738FA2148002104F0BEFA08B1FFF711
:1052900031FA1E48002104F0D7FA08B1FFF72AFAC4
:1052A0001A4804F096FA08B1FFF724FAFA20FEF73C
:1052B00091F90546FE20FEF775F9154BA5F59662A6
:1052C0009A4288BF4FF41655031E18BF01231B03D3
:1052D00002286560A36012D0012814BF00234FF498
:1052E000C06323610823A36208484FF40043A3630B
:1052F00004F0F8F830B1BDE83840FFF7FBB94FF4DF
:105300008063EEE738BD00BF00380140D0120020B6
:1053100050BD01001648174A08B54FF46133C0E983
:10532000002300230C22C0E90233C0E90523C0E9B1
:105330000733C0E90933036104F0D4F808B1FFF77B
:10534000D9F90B48002104F05FFA08B1FFF7D2F950
:105350000748002104F078FA08B1FFF7CBF90448B8
:1053600004F017FA18B1BDE80840FFF7C3B908BD4B
:105370003C1200200044004070B5142298B006464C
:1053800000210DEB020006F0F9FF382200210AA8E7
:1053900006F0F4FF3368434A934235D101254FF4B8
:1053A00040330AA8CDE90A5302F0D4FA08B1FFF756
:1053B000A1F94FF0B043C0241A6E3B4842F480423A
:1053C0001A661A6E02F480420292029ADA6C42F075
:1053D0000202DA64DB6C03F002030193019B0223F7
:1053E000CDE9054305A9002407230993CDE9074426
:1053F00001F040FC24202246214601F0A9F8242097
:1054000001F0D8F818B070BD284A9342FAD10223AF
:105410000A930AA84FF440230C9302F09BFA08B1B8
:10542000FFF768F94FF0B04300259A6D204C42F425
:1054300000329A659A6D02F400320492049ADA6C92
:1054400042F00102DA64DB6C03F001030393039B77
:105450000C220223CDE905230323CDE9075305A937
:1054600007234FF09040099301F004FC1149256295
:105470001423C4E900131023C4E902352046802315
:10548000C4E90435C4E9065501F028F908B1FFF76D
:1054900031F92520F46700220221A66201F058F8B4
:1054A0002520ADE7003801400004004800440040DA
:1054B000DC110020580002400368144A934210B5E2
:1054C00004460ED14FF0B0421148136E23F48043CE
:1054D0001366C02101F07AFC2420BDE8104001F0E1
:1054E00077B80C4A93420FD14FF0B0420C21936D24
:1054F00023F4003393654FF0904001F067FCE06FB8
:1055000001F05EF92520E8E710BD00BF003801403A
:10551000000400480044004008B50A46014602481D
:1055200003F004F8002008BD3C12002013B5114B15
:10553000114C18604FF40013009302AB13E90600FE
:10554000204604F0CAF82368DA69D103FCD4DA698A
:105550005202FCD59A68084842F480029A6004F02E
:1055600002F906490448012204F070F8002002B054
:1055700010BD00BF641300203C1200206C130020FB
:1055800008B5074B1860FEF7E5FDFFF7C3FE054AB7
:10559000D2F8803043F00063C2F88030002008BDAC
:1055A000681300200008005808B54FF0B0430848C1
:1055B0009A6B42F400329A639A6B22F400329A6337
:1055C000FFF77AFF0F2001F003F8002008BD00BFAD
:1055D0003C12002008B5074803F084FF08B1FFF72C
:1055E00089F8054801F07AF818B1BDE80840FFF7DE
:1055F00081B808BD3C120020DC1100200268044B79
:105600009A4203D1034B00201B681847704700BF24
:10561000004400406813002002680B4B9A4210B50A
:1056200004460FD1094B1B682BB1D0F8902012B95A
:1056300007480121984720460549BDE8104001224E
:1056400004F004B810BD00BF004400406413002003
:105650006C1300200D48854600F0F5FD0C480D49FF
:105660000D4A002302E0D458C4500433C4188C42BD
:10567000F9D30A4A0A4C002301E013600432A24223
:10568000FBD306F0ADFEFEF7F3FFFEE7004000207F
:10569000000000208C0000202CDA00088C00002084
:1056A0004C1C0020FEE708B5FFF75CFCBDE8084095
:1056B00000F09ABC10B50B4C237863B100220A4B62
:1056C0001146012006F09AF800232370074B084882
:1056D000197800F02DF9BDE810404FF0FF3006F0CA
:1056E000D7B900BF041600206CD200086401002066
:1056F0006601002008B500221146064B012006F085
:105700007DF8054B02221A70BDE8084000210120F7
:1057100006F086B979D200088E150020024B0120D0
:105720000021187006F07CB98E150020002210B5FB
:1057300011460A4B012006F061F8094B00241C7049
:10574000084B04221A70084B20465B6B9847214691
:105750000120BDE8104006F063B900BF85D2000803
:10576000AC1500208E15002048D70008084B10B556
:1057700000241C70074B03221A70074B20465B6BFA
:10578000984721460120BDE8104006F049B900BF06
:10579000AC1500208E15002048D7000870B51546BE
:1057A0000D4A13700D4B0C46064600210C4819702B
:1057B000FF2206F0E3FD0B4BFF2C1C8004D80848A9
:1057C0002246314606F032FE074B1D70BDE87040A0
:1057D0000021012006F024B98C1300208E15002032
:1057E0008F1400208E1300208D13002010B50E4C56
:1057F00023787BB910210D48012201F05BFB0123C6
:105800002370C8210A4806F0EDFABDE810400848A8
:1058100006F0AEBA10210548002201F04BFB002330
:1058200023704FF42F61EDE76D1300200004004852
:1058300074130020022808B508D1FDF7F9FFBDE870
:10584000084003480022102101F034BB08BD00BF0E
:105850000004004800B5114BD3F88025D3F88435F7
:1058600089B0D1B20791C2F307210691C2F3074173
:10587000120E0492DAB20392C3F307220292C3F328
:10588000074201921B0E0022059100931146044B22
:10589000022005F0B3FF09B05DF804FB0070FF1FA4
:1058A00093D2000870B58EB20C4631460546FFF71C
:1058B000B9F828552C44000A60700B4C0122204690
:1058C0004FF4807101F0F6FAB21C294692B20748F3
:1058D00040F6B83303F016FD20460022BDE87040C4
:1058E0004FF4807101F0E6BA00040048D0120020A5
:1058F00070B50D4E04460D4601224FF480713046BE
:1059000001F0D8FA0120FFF765FBAAB2214607484B
:1059100040F6B83303F0F6FC30460022BDE8704094
:105920004FF4807101F0C6BA00040048D012002084
:10593000F0B5124BC1B005466C461E8801222046C8
:105940006F1E531E9BB2994207D80D4B03221A704B
:105950000C4B9B6A984741B0F0BD9142BB5CC4BF01
:1059600015F802C043EA0C23734091422370C4BF70
:105970001B0A637002320234E3E700BF22000020FA
:105980008E15002048D7000870B5184B184E93F9B3
:10599000005086B0AC238DF811302B0E04468DF8E4
:1059A00010008DF81230052133788DF8143004A8DA
:1059B0008DF81350FFF736F8030A8DF8163096F974
:1059C00000308DF815000022CDE901531146094B36
:1059D0000094012005F012FF074B0122072104A8C3
:1059E0001A70FFF7A5FF06B070BD00BF8D13002031
:1059F0008C130020CAD20008AC150020084B1B787D
:105A0000C3EB031301339BB2984205D303F10E029B
:105A1000824201DBC01A70474FF0FF30704700BF71
:105A2000001600202DE9F04F8029A5B00C4675D84E
:105A3000AB4B04ADB3F800C0CFB2012229462E46CD
:105A400000F1FF3E531EDBB29F421FD8032C65D9E5
:105A5000A4F1020804F1900308F190026A446B4437
:105A600012F8807C13F8813C1FFA88F1284647EA37
:105A70000327FEF7D7FF87421AD0CDE90070994B74
:105A800000221146012005F0B9FE47E094421EF8BD
:105A90000230C4BF10F8028043EA08238CEA0303F3
:105AA00094420B70C4BF1B0A4B7002320231C9E72B
:105AB0009DF810709DF811908B4B00221146CDE996
:105AC0000079012005F09AFE3846FFF797FF00287D
:105AD0002EDA782F25D9854BDFF814821C8000221E
:105AE000844B00941146012005F088FE002715F82C
:105AF000013B009300220137434611460120BFB20B
:105B000005F07CFEBC42F2D1002211467A4B012006
:105B100005F074FE21463046FFF7EAFE25B0BDE8E9
:105B2000F08F764B1B780133CDE90073744BA7E7F8
:105B3000B9F10A0F35D0B9F10B0F5DD0B9F1010FF2
:105B400040F0CB80002402230DE003F190026A4470
:105B50005D1C12F8802CEDB2B2B94FF6FF71FEF762
:105B6000D1FD01342B469A1CD2B29045A0B203DD80
:105B7000B4F5FA7FE9D12046624B0090002211462D
:105B8000012005F03BFEC9E72A460333DDB202F1EE
:105B900090036B4413F8801C13F87F3C43EA012107
:105BA000DDE70D2CBAD90022574B00941146012095
:105BB00005F024FE4E4F002615F8013B009300220D
:105BC00001363B4611460120B6B205F017FEB4423D
:105BD000F2D10022484B1146012005F00FFE9DF83E
:105BE00010509DF8113002932846FFF707FF061E5C
:105BF0001BDA464B0095C1E70D2C8FD90022444B90
:105C000000941146012005F0F9FD394F002615F8E2
:105C1000013B0093002201363B4611460120B6B2FB
:105C200005F0ECFDB442F2D1D3E7FFF7CBF9394BE5
:105C300043F82600384B01229A55384ABDF81A30ED
:105C400092F900A0364A02999DF812B0DDF813705F
:105C5000BDF8188006EB86046400A4B29DF81760B6
:105C600093FA93F9204692F900300393FEF744FD2E
:105C7000601C06F07F0180B2FEF73EFDA01C80B2E2
:105C80005946FEF739FD98FAB8F8E01C414680B253
:105C9000FEF732FD201D80B20FFA89F1FEF72CFDD0
:105CA000601D514680B2FEF727FDA01D039980B20A
:105CB000FEF722FDE01D002180B2FEF71DFD3FBA78
:105CC00004F1080080B23946FEF722FDF6093FF4E0
:105CD00025AF2846FFF758FE20E7124B00974DE707
:105CE00022000020EDD2000812D300080216002086
:105CF00058D300083FD30008E5D100080016002063
:105D00005ED3000883D30008AAD30008C3D30008D9
:105D1000E2D30008C4150020B41500208D13002024
:105D20008C130020F9D3000813B51D4C2378042BE5
:105D300034D8DFE803F0031C1C2B2500194B1B781B
:105D400063B3194B198849B3184B194800221A70CC
:105D5000FFF768FE174B1B7803F0FF01F3B903232D
:105D60000120237002B0BDE8104005F059BE0022AA
:105D7000114B1146012002B0BDE8104005F03EBDB8
:105D800000220E4B1146012005F038FD0C4B5B6BD9
:105D90000193002002B0BDE81040184702B010BDCA
:105DA0008E150020180000208E13002004160020FD
:105DB0008F140020AC15002013D4000824D4000850
:105DC00048D70008042807D8072905D8034B01EB5A
:105DD000C00153F821007047002070474CD50008DF
:105DE00037B5FA20FDF7F6FB0446FE20FDF7DAFB97
:105DF000714BA4F596649C42C5B204D94FF4165178
:105E0000FA20FDF721FC022D03D90021FE20FDF729
:105E1000F9FB6020FDF7C6FBC0B2431EDBB2FD2BD1
:105E2000664C00F2A38020702278531EDBB2F62B62
:105E3000634B00F2A1801A704FF48570FDF7B2FB3E
:105E400004464FF48770FDF7ADFBE4B2012CC5B2F8
:105E500004D900214FF48570FDF7D4FB012D04D93E
:105E600000214FF48770FDF7CDFB4FF48970FDF7EB
:105E700099FB04464FF48B70FDF794FBE4B2022CBF
:105E8000C5B204D900214FF48970FDF7BBFB022D88
:105E900004D900214FF48B70FDF7B4FB1820FDF7F7
:105EA00081FBC0B20528474C6CD820702378642051
:105EB000C3F10C032370FDF775FBC4B20820FDF796
:105EC00071FB072CC5B204D900216420FDF79AFBB1
:105ED00000243D4B052D1C7010D903210820FDF72F
:105EE00091FB43210C20FDF78DFB00211420FDF7D1
:105EF00089FB00211C20FDF785FB03252146284650
:105F0000FFF760FF314B18606C20FDF763FB80B238
:105F1000431E9BB24FF6FD7293422D4B38D818802A
:105F20007020FDF757FB013003D100217020FDF7F1
:105F30008BFB4FF49670FDF74DFB431C254C2ED187
:105F40004FF4967108462160FDF77EFB22682249D6
:105F5000224B002A18BF0B46CDE900230022204B1C
:105F60001146022005F04AFC03B030BD012160203B
:105F70002170FDF747FB57E7012160201970FDF7FD
:105F800041FB59E7052118202170FDF73BFB8DE708
:105F900040F257416C201980FDF756FBC0E7114BCA
:105FA000984204D8431E032B01D92060CEE74FF45A
:105FB00096732360CAE700BF50BD010000000020B7
:105FC0002000002019000020001600201C000020E6
:105FD00022000020B0150020E6D1000837D40008C8
:105FE00050D40008805101002DE9F04E8CB0FEF72E
:105FF00035FA674D08241021284600F060FF642020
:10600000FEF7E8FF013CF6D122462146614B624E85
:10601000DFF88891624F0220012505F0EFFB4FF079
:10602000050A224621465F4B022005F0E7FB224687
:106030002146CDE9005A5C4B0294022005F0DEFBBC
:10604000032322462146CDE900530295574B0220F7
:1060500005F0D4FBFFF7FEFB2246C821544B009409
:10606000544805F0D9FD534805F082FE5248534B81
:106070000360534B8360534B4360534BC360534B9C
:1060800003613368984773699847800DC9F8000029
:10609000FFF7A6FEF3683868984722462146414B31
:1060A000022005F0ABFB22462146494B022005F0B9
:1060B000A5FB3B68009322462146464B464F0220F3
:1060C00005F09CFB7D23009322462146434B022092
:1060D00005F094FB3B78009322462146404B02207A
:1060E00005F08CFB3F4B1B880093224621463E4B1C
:1060F000022005F083FB224621462A4B022005F0B0
:106100007DFB4FF0080B40F6B833CDE90743CDE9EE
:106110000544CDE90345CDE9015B3B780093F36984
:106120000B93DDF82CC02346224628461621E04773
:10613000CDE90845CDE90644CDE90445CDE902A401
:10614000CDE9004BB3690B933A780B9F2B46214660
:106150002846B847736D2846FF2198472146FF22FD
:10616000224806F00BF9D9F8003000932246214668
:106170001F4B284605F042FB2046736B98471D4A8B
:10618000214628460CB0BDE8F04E05F005BD00BF25
:106190000004004868D4000848D7000870130020A5
:1061A0001C0000208CD400089ED40008BFD4000836
:1061B000ED57000874130020901500206D5700085B
:1061C0009D5700082D5700081D570008F556000878
:1061D000E0D40008EED400081900002003D5000820
:1061E00019D50008220000202DD5000890130020AA
:1061F0003FD50008295D000808B5044800224FF487
:10620000005100F057FE002008BD00BF0008004804
:1062100008B50238012898BF0122044888BF00222F
:106220004FF4005100F046FE002008BD0008004871
:1062300002207047012070470120704700280CBFE2
:106240000F2016207047704738B5104C237805464C
:106250000BB9012038BD00F0AFFF22784FF47A73FC
:10626000B3FBF2F3B0FBF3F000F0D6F904460028DC
:10627000EFD10F2DEDD8024629464FF0FF3000F048
:1062800067F9034B20461D60E4E700BF28000020AB
:106290002C00002010B5032000F048F900F08CFF1E
:1062A000064B18600F20FFF7CFFF044618B9FEF722
:1062B000DEFD204610BD0124FBE700BF24000020C6
:1062C000034A044B11681B780B441360704700BFEE
:1062D00008160020280000204FF0E022136923F068
:1062E0000203136170474FF0E022136943F0020389
:1062F00013617047024A536823F0010353607047EB
:10630000002004E0024A536823F002035360704700
:10631000002004E0024A536823F0040353607047EE
:10632000002004E08068C0F380007047F7B50023C8
:1063300001930446002800F0E980856D25B9FDF73A
:10634000EDF9E56584F8545023689A68D00040F16F
:10635000A1809A68D10000F1B480A26D42F01002D1
:10636000A265E26D42F00102E26501251846FFF7E1
:10637000D9FFA26D02F01002024340F0C980A26D65
:10638000206922F4817242F00202A2659A68D20763
:106390005DD4226BA67E94F82CC0003A18BF01226F
:1063A0001703D4E902120A43217E42EA8132617E58
:1063B00042EAC13242EA4632002842EA4C02B4BF05
:1063C00020F000414FF400113A430A4394F82010A2
:1063D000012903D1002E76D142F48032616A21B1C5
:1063E000A66A01F4E07131430A43D968E66C21F4EE
:1063F000FE3121F4FF711143D96094F83C206168AB
:10640000012A01F0404C4CEA060609D1D4E91027D4
:106410003A433243A66C324342EA0C0242F0010690
:106420001F693E4A3A4032431A6121F00042B2F1FC
:10643000804F0CD0B1F1004F09D0394ED6F8082763
:1064400001F4701122F470120A43C6F808275A6941
:10645000666BA16B22F0070232435A615A6922F03F
:10646000700242EA01125A61002835D19A6A62F03C
:106470000F029A625B6903F007039E423CD100233E
:10648000E365A36D23F0030343F00103A3652846EE
:1064900003B0F0BD9A68234922F0104222F017029F
:1064A00042F080529A60204A1268B2FBF1F2013247
:1064B00052000192019A002A3FF44BAF019A013A2F
:1064C000F7E7002552E7A16D41F02001A165E16DDC
:1064D00041F00101E16581E7B0F5001FCAD19A6A78
:1064E000E269013A92006FF00F0102F01C0201FA1A
:1064F00002F2216E0A43BCE7A36D23F0120343F0BE
:106500001003A365E36D43F00103E3650125BEE7D6
:10651000A36D43F01003A365F8E700BF02FCFF1F63
:1065200000200140400D0300240000200749CA68F4
:1065300022F4E0620302120403F4E063120C13433A
:1065400043F0BF6343F40033CB60704700ED00E0DD
:10655000164B30B5DC68C4F30224C4F10703251DD3
:10656000042B28BF0423062D4FF0FF358CBF033CBE
:10657000002405FA03F321EA0303A54022EA0502F9
:10658000A340002843EA0203ACBF00F16040084A80
:106590004FEA0313B8BF00F00F00DBB2AABF00F54B
:1065A0006140135480F8003330BD00BF00ED00E0BF
:1065B00014ED00E0002807DB044A4109012300F044
:1065C0001F00834042F82130704700BF00E100E027
:1065D00000280CDB4309064900F01F00203301228C
:1065E000824041F82320BFF34F8FBFF36F8F704776
:1065F00000E100E0BFF34F8F0549064BCA6802F483
:10660000E0621343CB60BFF34F8F00BFFDE700BFD5
:1066100000ED00E00400FA050138B0F1807F0BD2F4
:106620004FF0E023054A5861F02182F82310002042
:10663000072298611A6170470120704700ED00E061
:10664000002808DB4309044900F01F0001226033E1
:10665000824041F82320704700E100E070B5D0E9A6
:1066600013456560446D14B1D0E916456560D0E905
:10667000105404F01C060124B4406C60046863608C
:106680008368102B0BBFA260A160E160E26070BD67
:106690000268416CD3B210B5083B1424B3FBF4F389
:1066A0000B4CA24288BF0B4A21F0030199BF01F1B4
:1066B000804202F50232521807338264064AC264ED
:1066C00003F01F03012202FA03F3036510BD00BFAC
:1066D000070402401C0802408008024038B5002828
:1066E0005CD002682E4B9A424FF014014AD82D4BD1
:1066F0001344B3FBF1F32C499B00C0E910130223B0
:1067000080F825301368056923F4FF4323F07003F4
:106710001360D0E9024323432B43456911682B439F
:1067200085692B43C5692B43056A2B430B431360D3
:10673000FFF7AEFFB4F5804F04BF0023436043680A
:10674000816C03F07F020A60D0E91314013B032B34
:106750004C601ED8154B1649816513449B000121DE
:10676000013A01FA02F200214365C2651960114B3A
:106770005A6400230122C36380F8243080F8252066
:10678000184638BD0C4B1344B3FBF1F30B499B0087
:10679000B3E70023C0E91533C365EAE70120F0E75A
:1067A00007040240F8FFFDBF000002403F820010D6
:1067B0004009024000090240F8FBFDBF000402400E
:1067C00038B5002841D00268136823F00103136034
:1067D0001F4B9A424FF0140130D81E4B1344B3FBA9
:1067E000F1F31D499B00C0E91013012403F01C03C1
:1067F00004FA03F3002515604B60FFF749FF836C33
:1068000041681D60D0E913325A604A1E032A06D837
:10681000124B0B449B0094401D60114B5C640023A1
:10682000C363C0E91533C0E90B33C0E90D33C36559
:1068300080F8253080F82430184638BD094B1344C1
:10684000B3FBF1F308499B00CDE70120F5E700BF5A
:1068500007040240F8FFFDBF000002403F82001025
:1068600000090240F8FBFDBF0004024070B590F83B
:106870002450012D04463BD090F825600125AE42FE
:1068800080F824504FF000062CD1022580F82550C6
:106890000568C6632E6826F001062E60FFF7DEFE4F
:1068A000036BBBB12B6843F00E032B60A36C1A681B
:1068B000D20342BF1A6842F480721A60636D1BB142
:1068C0001A6842F480721A602B6843F001032B604F
:1068D000002070BD2B6823F004032B602B6843F06D
:1068E0000A03E2E78023C36380F824602846F0E7C8
:1068F0000220EEE7034640B190F82520022A06D098
:106900000422C263002280F824200120704702681C
:10691000806C116821F00E011160016821F4807112
:106920000160116821F001011160D3E9100202F049
:106930001C0101228A404260D3E9132151605A6D43
:1069400032B1116821F480711160D3E916215160D0
:106950000122002083F8252083F82400704708B521
:1069600090F82530022B03D00423C363012008BD17
:1069700003681A6822F00E021A601A6822F00102F7
:106980001A60826C136823F480731360D0E91013CB
:1069900003F01C02012393404B60D0E913325A608C
:1069A000436D33B11A6822F480721A60D0E916324E
:1069B0005A60012380F82530002380F82430836B4F
:1069C00003B198470020D2E770B4426C046C0368AE
:1069D00026681D6802F01C020421914031420FD04C
:1069E00015F0040F0CD01A6892065EBF1A6822F0E8
:1069F00004021A60036B6160002B33D070BC18472F
:106A000002219140314217D015F0020F14D01A68BC
:106A1000940606D41A6822F00A021A60012280F84D
:106A20002520114A93428CBF104B114B5960002313
:106A300080F82430C36ADFE708219140314211D049
:106A400029070FD5196821F00E011960012303FAF7
:106A500002F26260C36380F82530002380F824309E
:106A6000436BC9E770BC70478000024000040240DD
:106A700000000240C06B70470A4A536943F4802308
:106A800030B55361EFF3108472B60023CD58C55072
:106A90000433B3F5807FF9D11369DB03FCD484F3AD
:106AA000108830BD00400058064B5A69002ABFBF0D
:106AB000054A9A6002F188329A60BABF5869C00FDD
:106AC000002070470040005823016745044B5A6975
:106AD00042F000425A615869C043C00F704700BF7E
:106AE00000400058014B5868704700BF0C1600204A
:106AF00070B50546FEF766FA124E04463369D903AF
:106B000013D43369DA0744BF012232614CF2FA32FE
:106B1000134011D10B4E306910F480200BD0FEF7DA
:106B200051FA001BA842F6D304E0FEF74BFA001B13
:106B3000A842E3D3032070BD024A1361024A012038
:106B40005360F8E7004000580C1600202DE9F04192
:106B5000184D98462B78012B06460C46174626D032
:106B600001232B704FF47A7000236B60FFF7C0FF96
:106B7000A0B9012E16D1104A536943F001035361A5
:106B80002760BFF36F8FC4F804804FF47A70FFF76B
:106B9000AFFF094A536923EA0603536100232B70B0
:106BA000BDE8F08139462046FFF766FFEDE7022099
:106BB000F6E700BF0C16002000400058054A536954
:106BC00023F47E7343EAC00040F4803040F00200BA
:106BD00050617047004000582DE9F041234F3B7849
:106BE000012B054688463FD001233B704FF47A7055
:106BF00000237B60FFF77CFF044688B92B68042BD9
:106C000013D11B4A536943F4803343F004035361A7
:106C10004FF47A70FFF76CFF0446154B1A681B6837
:106C200000233B702046BDE8F0814FF0FF33C8F8E9
:106C300000306E68D5E901321344B3420AD93046B8
:106C4000FFF7BCFF4FF47A70FFF752FF50B1C8F85E
:106C500000600446064A536923F47E7323F002035E
:106C60005361DAE70136E5E70224DBE70C16002082
:106C7000004000582DE9F04F524C00234FF00F090F
:106C80000A6832FA03F501D1BDE8F08F012505FA53
:106C900003F818EA020200F08E804E68032706F01F
:106CA00003054FEA430E07FA0EFC6F1E012F6FEA31
:106CB0000C0C32D8876807EA0C0ACF6807FA0EF77F
:106CC00047EA0A078760476827EA0808C6F30017FB
:106CD0009F4047EA08074760C76807EA0C088F68C3
:106CE00007FA0EF747EA0807022DC76017D14FEAE7
:106CF000D30800EB880803F0070AD8F820704FEAA1
:106D00008A0A09FA0AFB27EA0B0B0F6907FA0AF746
:106D100047EA0B07C8F8207001E0032DDCD10768B3
:106D200005FA0EF507EA0C073D4316F4403F0560EF
:106D300041D023F0030707F1804707F5803703F0C0
:106D4000030CBD684FEA8C0C4FF0070E0EFA0CFED8
:106D5000B0F1904F25EA0E0E2FD01B4DA8422ED039
:106D600005F58065A84214BF0725022505FA0CF534
:106D700045EA0E05BD602568D74316F4801F0CBF99
:106D80003D4015432560656816F4001F0CBF3D406B
:106D900015436560D4F8805016F4803F0CBF3D4029
:106DA0001543C4F88050D4F88450B60354BF3D4016
:106DB0001543C4F88450013362E70025D6E7012566
:106DC000D4E700BF0008005800040048374A2DE906
:106DD000F04F00234FF0010A4FF0070B4FF00F095F
:106DE00031FA03F401D1BDE8F08F0AFA03FC1CEA82
:106DF000010654D023F0030404F1804404F58034E8
:106E000003F00307A568BF000BFA07F8B0F1904F35
:106E100008EA050E45D0264DA84244D005F5806508
:106E2000A8420CBF02250725BD40754517D1D2F8F1
:106E3000805025EA0605C2F88050D2F8845025EA31
:106E40000605C2F88450156825EA060515605568E0
:106E500025EA06055560A56825EA0805A5600568C8
:106E600003265C0006FA04F423FA06F6254300EB39
:106E70008606056003F00705376AAD0009FA05F5D7
:106E800027EA05073762856825EA040585604568B5
:106E900025EA0C054560C56825EA0404C460013391
:106EA0009EE70025C0E70125BEE700BF00080058A7
:106EB000000400480AB181617047816270474369EC
:106EC00001EA030221EA030141EA024181617047BC
:106ED000044AD168014208B502D0D060FEF7AAFC8E
:106EE00008BD00BF00080058024A136843F48073CD
:106EF00013607047000400580D4B10B55B690C46D9
:106F000028B99A0507D500F027F820B110BD9B05D8
:106F100001D400F019F8074A1369012C23F0040387
:106F2000136101D130BFF1E740BF20BF20BFEDE7C3
:106F30000004005800ED00E0024B186800F4C06047
:106F4000704700BF00040058024A136843F48043AE
:106F500013607047000400580C4A136823F4804300
:106F600013600B4B1B6832214B430A49B3FBF1F30F
:106F70005169890500D533B9536913F4007F14BFF3
:106F8000032000207047013BF2E700BF00040058D7
:106F90002400002040420F000B4A136823F007032F
:106FA00043F002031360094B1A69012842F00402FE
:106FB0001A6105D130BF1A6922F004021A617047C4
:106FC00040BF20BF20BFF6E70004005800ED00E0FE
:106FD0004FF0B0431868C0F3404070474FF0B043E3
:106FE0001868C0F3400070474FF0B042536823F474
:106FF0007F4343EA0023536070474FF0B043186863
:10700000C0F34060704700007FB54FF0B0432C4A9A
:10701000D3F80831C0F3031003F00F0352F82040F7
:10702000284A52F82330B4FBF3F4FFF785FF264BD0
:10703000054693E80700B5F5007F04AB03E90700B8
:1070400010D0224B9C4218D303F5B70303F67F53AD
:107050009C4229D903F5741303F510639C4225D88B
:1070600002230BE01A4B9C4207D91A4B9C421BD9B6
:1070700003F5370303F5D853F0E7002304AA02EB26
:10708000830353F80C4C144D2B6823F00703234360
:107090002B60FDF797FF06462B6803F007039C4221
:1070A00006D1002004B070BD0123E7E70024EAE721
:1070B000FDF788FF801B0228EED90320F2E700BF0E
:1070C000ECD500084CD60008A8CC0008C0CF6A0058
:1070D000BFEA21013F933402004000584FF0B04313
:1070E00010B59A68D96812F00C0205D00C2A4AD162
:1070F00001F00303012B51D14FF0B0412B480B6835
:1071000013F0080306D00B6813F0080337D1D1F849
:10711000941007E00C68240756BFD1F89430096832
:10712000C3F3032350F82330002A0CBF1846002075
:107130004FF0B0418A6802F00C020C2A1ED1CA68D6
:1071400002F00302022A2ED0032A06D10B68184A45
:1071500013F4801F174B18BF13464FF0B042D0688E
:10716000D168D268C0F306205843C1F3021301333B
:10717000B0FBF3F0530F0133B0FBF3F010BD0B681D
:10718000C3F30313CEE7042A05D0082A06D11B68EF
:1071900013F4801305D006480023C9E700231846DE
:1071A000C6E70448C4E7024BD7E700BFECD50008A8
:1071B0000024F4000048E80108B5FFF78FFF4FF006
:1071C000B043044A9B68C3F3031352F82330B0FB67
:1071D000F3F008BD4CD600082DE9F0410446002824
:1071E00053D04FF0B0439D68DE6803689B0605F0FE
:1071F0000C0506F0030668D5026A1DB10C2D46D1B8
:10720000012E44D1002A40D04FF0B043A16A1A6841
:10721000170756BFD3F894301B681B0903F0F0031F
:1072200099421FD90846FFF7EFFE00282DD14FF0F5
:10723000B042136843F0080313601368A16A23F097
:10724000F0030B431360606AFFF7CEFEFFF7B4FF55
:10725000AB4B1860AB4B1868FEF7F6FF002834D034
:10726000BDE8F0814FF0B042136843F008031360AB
:10727000136823F0F0030B431360606AFFF7B4FE5A
:107280000846FFF7C1FE0028E0D00120E8E74FF0F4
:10729000B043002A54D01A6842F001021A60FDF788
:1072A00091FE0746FFF79AFE002842D04FF0B04209
:1072B000136843F0080313601368A16A23F0F00316
:1072C0000B431360606AFFF78FFE2368D80748D42A
:1072D0002368990700F18C8023681E0740F1FA802B
:1072E000A3694FF0B046002B00F0E180D6F894304F
:1072F000E16903F01002914200F0C48003F0030240
:10730000022AC2D0D80740F1B380D6F8943023F0D7
:107310000103C6F89430FDF755FE0746D6F89430C1
:10732000990740F1A580FDF74DFEC31B112BF5D940
:1073300004E0FDF747FEC01B0228B3D903208FE706
:107340001A6822F001021A60FDF73CFE0746FFF7BB
:1073500045FE0028B9D0FDF735FEC01B0228F6D93E
:10736000ECE7082D03D00C2D05D1032E03D1636863
:10737000002BADD189E74FF0B043A1681A6822F421
:1073800080120A431A606268B2F5803F10D11A6811
:1073900042F480321A60FDF715FE0746FFF718FE2B
:1073A000002895D1FDF70EFEC01B6428F6D9C5E76D
:1073B000B2F5041F04D11A6842F400121A60E6E71D
:1073C000196821F480311960196821F400111960DD
:1073D000002AE0D1FDF7F6FD0746FFF7F9FD00288A
:1073E0003FF476AFFDF7EEFDC01B6428F5D9A5E7A5
:1073F000042D236903D00C2D0ED1022E0CD1002BAD
:107400003FF443AF4FF0B0426169536823F0FE434D
:1074100043EA016353605FE74FF0B046BBB13368A6
:1074200043F480733360FDF7CDFD074633685A059A
:1074300005D4FDF7C7FDC31B022BF7D97EE77368A0
:10744000626923F0FE4343EA0263736044E73368F2
:1074500023F480733360FDF7B5FD074633685B05A1
:107460007FF53AAFFDF7AEFDC31B022BF6D965E7FA
:107470004FF0B042E169D2F8943023F010030B438F
:10748000C2F894304FF0B047D7F8943043F001037E
:10749000C7F89430FDF796FD0646D7F894309A0762
:1074A00018D4FDF78FFD831B112BF6D946E7D6F8CC
:1074B000943023F00103C6F89430FDF783FD0746AE
:1074C000D6F894309B0705D5FDF77CFDC31B112B27
:1074D000F6D933E72368580754D50B4F3B68D905D5
:1074E00014D4FFF701FDFDF76DFD06463B68DA0594
:1074F0000CD4FDF767FD831B022BF7D91EE700BFF5
:10750000240000202C00002000040058E3684FF005
:10751000B046002B58D023F08003052B02BFD6F8CD
:10752000903043F00403C6F890304FF0B046FDF7BA
:1075300049FDD6F8903043F001030746C6F8903075
:1075400041F28838D6F890309B0705D4FDF73AFD14
:10755000C31B4345F6D9F1E6E36823F00403812B0E
:107560001BD1FDF72FFDD6F8903043F08003C6F80D
:10757000903007464FF0B04641F28838D6F8903048
:10758000180504D5E36A002B4AD1002068E6FDF710
:1075900019FDC01B4045F1D9D0E6FDF713FDD6F823
:1075A000903023F08003C6F8903007464FF0B04685
:1075B00041F28838D6F890301905E3D5FDF702FD81
:1075C000C01B4045F6D9B9E6FDF7FCFCD6F8903073
:1075D00023F080030746C6F8903041F28838D6F889
:1075E00090301A0516D4FDF7EDFCD6F8903023F054
:1075F0000103C6F8903007464FF0B04841F2883694
:10760000D8F890309B07BDD5FDF7DCFCC31BB34217
:10761000F6D993E6FDF7D6FCC01B4045DFD98DE6D1
:107620000C2D4ED0022B4FF0B0431A6822F080721E
:107630001A6033D1FDF7C6FC0546FFF7DEFC38BB08
:10764000D4E90C314FF0B0420B43D0682D490140D2
:107650000B43E16B0B43216C0B43616C0B43A16B40
:1076600043EA0123D360136843F080731360D36847
:1076700043F08053D360FDF7A5FC0446FFF7BDFC43
:10768000002882D1FDF79EFC001B0A28F6D955E69A
:10769000FDF798FC401B0A28CFD94FE6FDF792FC76
:1076A0000446FFF7AAFC30B94FF0B042164BD16840
:1076B0000B40D36069E7FDF785FC001B0A28F0D971
:1076C0003CE6012B3FF4E1AD4FF0B043D868236BAB
:1076D00000F003029A427FF4D8AD626B00F07003B1
:1076E00093427FF4D2ADA26B00F4FE43B3EB022FC2
:1076F0007FF4CBAD636C00F06040C01A18BF01206E
:10770000AEE500BF8C80C111FCFFFEEE2DE9F0411B
:107710000D46044610B90120BDE8F081684E33687B
:1077200003F007038B4216D323689A0727D54FF03F
:10773000B047A268BB6823F0F0031343BB60FDF7BA
:1077400041FC0646BB68DB0319D4FDF73BFC831BF9
:10775000022BF7D911E0336823F007030B433360A2
:10776000FDF730FC0746336803F00703AB42DBD07C
:10777000FDF728FCC01B0228F5D90320CCE72368BD
:10778000580617D54FF0B0476269D7F8083123F093
:107790000F0343EA1213C7F80831FDF713FC06463E
:1077A000D7F80831D90305D4FDF70CFC831B022B55
:1077B000F6D9E2E723685A0713D54FF0B047E268DD
:1077C000BB6823F4E0631343BB60FDF7FBFB064695
:1077D000BB689B0305D4FDF7F5FB831B022BF7D990
:1077E000CBE72368180714D54FF0B0472269BB6870
:1077F00023F4605343EAC203BB60FDF7E3FB064694
:10780000BB68590305D4FDF7DDFB831B022BF7D9B9
:10781000B3E72368DA070FD4294C236803F0070382
:10782000AB4239D8FFF7C8FC264B1860264BBDE8A1
:10783000F0411868FEF708BD6268022A1DD1FFF703
:10784000C7FB00283FF467AF4FF0B04641F28838DD
:10785000B36823F003031343B360FDF7B3FB07469C
:10786000B368626803F00C03B3EB820FD4D0FDF76A
:10787000A9FBC01B4045F3D97FE7032A02D1FFF7DC
:10788000BCFBDEE712B9FFF7A9FBDAE74FF0B04324
:107890001B685B05D8D43EE7236823F007032B431E
:1078A0002360FDF78FFB0646236803F00703AB4216
:1078B000B8D0FDF787FB801B0228F5D95DE700BF34
:1078C00000400058240000202C00002008B5FFF7DD
:1078D00073FC4FF0B043044A9B68C3F3022352F891
:1078E0002330D84008BD00BF2CD6000808B5FFF7EC
:1078F00063FC4FF0B043044A9B68C3F3C22352F8C1
:107900002330D84008BD00BF2CD600084FF0B0434C
:10791000D3F89000C0F3400070474FF0B041020927
:10792000D1F8883002F47F22000123EA020300F438
:107930007F200343C1F8883070474FF0B041020CFC
:10794000D1F88830120423EA020343EA0040C1F868
:10795000880070470368DA0370B5044639D5FFF72D
:10796000C3FAFDF72FFB614E05463368DB0532D5C0
:107970004FF0B043616BD3F8902002F44072914213
:107980001DD0D3F89010D3F8902042F48032C3F881
:107990009020D3F8902021F4407022F480328D079B
:1079A000C3F89020C3F8900009D5FDF70BFB41F216
:1079B00088360546FFF7AAFF012840F090804FF077
:1079C000B042616BD2F8903023F440730B43C2F89D
:1079D0009030002605E0FDF7F5FA401B0228C4D9D7
:1079E00003262568E8070AD54FF0B0416268D1F850
:1079F000883023EA124392B21343C1F88830A907B2
:107A00000AD54FF0B041A268D1F8883023EA12437A
:107A100092B21343C1F88830AA0609D54FF0B0429C
:107A20002169D2F8883023F440630B43C2F88830D0
:107A3000AB0502D5206AFFF780FF680502D5606AB2
:107A4000FFF77BFF290502D5A06AFFF776FF6A06DC
:107A500002D56069FFF761FF2B0602D5A069FFF729
:107A60005CFFE80502D5E069FFF757FFE90610D58E
:107A70004FF0B042E168D2F8883023F440730B43F2
:107A8000C2F88830B1F5807F02BFD36843F08073BD
:107A9000D3602A040ED54FF0B042216BD2F8883063
:107AA00023F040430B43C2F8883019B9D36843F040
:107AB0008073D3606B0410D54FF0B042E16AD2F806
:107AC000883023F040530B43B1F1005FC2F8883097
:107AD00003D1D36843F48033D360304670BDFDF7E3
:107AE00071FA401BB0427FF665AF79E70004005899
:107AF00030B590F82C30012B02464FF0020022D016
:107B0000174B82F82D00CA24012582F82C505C62A4
:107B100053245C62B1F5807F146B996914D121F410
:107B200088519961596C24F0010421F00041596495
:107B30001463DD650A4BFF2159620020012382F89E
:107B40002D3082F82C0030BD21F408519961D96C98
:107B500024F0020421F00041D9641463D865E9E7F8
:107B60000028004070B50B4E036B756D1D40EA0791
:107B7000044603D50123F365FDF765FBAB0704D588
:107B80000223F365204600F0B9F9012384F82D3073
:107B900070BD00BF0028004038B50A4CE36823F0F0
:107BA0002003E360FDF70EFA0546E3689B0601D566
:107BB000002038BDFDF706FA401BB0F57A7FF4D9F6
:107BC0000320F6E700280040F8B5114DEC6814F0EA
:107BD000400406461AD1EB6843F08003EB60FDF7E2
:107BE000F1F923460746EC6814F0400401D1032B59
:107BF00001D11846F8BDFDF7E5F9C01BB0F57A7F55
:107C0000234684BF032386F82D30ECE70023F0E7FA
:107C10000028004038B50F4CE36823F08003E36090
:107C2000A3699B06054606D4FFF7B6FF10B10320F3
:107C300085F82D0038BDA36923F02003A361FFF769
:107C4000ABFF10B1032085F82D00A36943F020039A
:107C5000A361EFE70028004038B5044600284BD068
:107C600090F82D3003F0FF021BB980F82C20FDF7AF
:107C7000A5F80223214D84F82D30EB68DB0636D4BD
:107C8000CA236B6253236B622046FFF79DFF10B13E
:107C9000FF236B6238BDAB6923F08E6323F0400392
:107CA000AB6121696368AA690B431343A26913435B
:107CB000AB61D4E9022343EA02432B61D4E90931E1
:107CC000EA680B4322F4F8521343EB602046FFF7B7
:107CD000A1FF0028DCD1D4E90713AA690B4322F0E5
:107CE0006042134362691343AB61FF236B6201235C
:107CF00084F82D300020CDE70120CBE7002800409C
:107D00000023092803D840EA0310C0B270470A389C
:107D10000133C0B2F5E700002DE9F04790F82C30B0
:107D2000012B05464FF0020069D0012385F82C3065
:107D30004E4B85F82D00DE6806F44076B6F5807F60
:107D400078D04C69087891F8019091F802A091F8E8
:107D50002470002A55D19B6913F0400308BFCB70F3
:107D6000FFF7CEFF80464846FFF7CAFF024650465F
:107D7000FFF7C6FF81463846FFF7C2FF0B6ACF7890
:107D8000234343EA875343EA090343EA084343EAA8
:107D9000022343EA0063354ACA20506253205062EE
:107DA0008C6A8869B4F5807F946945D124F488543D
:107DB00094610124D465B6F5807F09BFCB69136453
:107DC0000343536418BF5064284B4A681A672A6BF0
:107DD00042F001022A639A6942F488529A61244A65
:107DE000D2F8803043F40033C2F880301F4BFF22BA
:107DF0005A620020012385F82D3085F82C00BDE85B
:107E0000F087B4F1803F07D0B4F5000F04D09B6930
:107E100013F0400308BFCB700B6ACA781C4344EAD6
:107E20000A0444EA004343EA092343EA825343EA4B
:107E30000763B0E70023AEE724F4085494610224FA
:107E4000D465B6F5807F09BFCB6993640343D364DF
:107E500018BFD064054B4A685A672A6B42F0020289
:107E60002A639A6942F40852B8E700BF002800402C
:107E70000008005890F82C20012A03464FF0020019
:107E800012D00A4A83F82D00CA215162532151624F
:107E9000916941F020019161FF215162002001228E
:107EA00083F82D2083F82C00704700BF0028004085
:107EB00090F82C20012A03464FF0020019D00D4AF9
:107EC00083F82D00CA2151625321516291690A48F9
:107ED00041F080019161D0F8801041F48021C0F818
:107EE0008010FF2151620020012283F82D2083F8A9
:107EF0002C00704700280040000800587047890097
:107F000001F1804101F531410A607047890001F1BA
:107F1000804101F53141086870470000034AD2F8FA
:107F2000903043F40043C2F890307047000400588A
:107F3000034AD2F8903023F40043C2F890307047DF
:107F400000040058074B1A6822F040021A6040F4FF
:107F500041704FF4B85218605A601A6842F04002FB
:107F60001A6070470000015837B5054600284ED00A
:107F7000837903F0FF046BB1032C0BD0254B4FF436
:107F800000629A612868FFF7DDFF002401232B714E
:107F9000AC602FE000236B712846FCF7A3FF1E4A5C
:107FA000D2F8903043F48053C2F89030002CE5D1E1
:107FB00002234FF0B042AB71D2F8943023F4004367
:107FC000C2F89430154B1B681C214B43DB0C642119
:107FD0004B430193019B93B90124AC60FFF79EFFD3
:107FE0000C4B9A6842F400629A604FF400629A6106
:107FF000002CC7D00123AB71204603B030BD019BDC
:10800000013B0193D2F894305B04E3D4E6E701240A
:10801000F2E700BF000400580008005824000020C8
:1080200037B5174D2B6802461C204343DB0C6420F8
:10803000434314480193019B93B901209060114C74
:1080400021732B681C214B43DB0C64214B430193B0
:10805000019B6BB9012090600A4BDB6803B030BD17
:10806000019B013B019383689C07E4D50020E6E770
:10807000019B013B0193A368DB07E9D5ECE700BF57
:10808000240000200000015837B5184D2B68024627
:108090001C204343DB0C6420434315480193019BA0
:1080A000A3B901209060124CFF2323732B681C2579
:1080B0006B43DB0C64256B430193019B73B9012077
:1080C00090600B4BDB680B7003B030BD019B013B34
:1080D000019383689C07E2D50020E4E7019B013B04
:1080E0000193A368DB07E8D5EBE700BF240000207D
:1080F000000001580E4B0F491B681822534382B0F1
:108100001B0D6422534301934B69019AC3F380030F
:1081100022B902238360012002B07047019A013A1C
:1081200001924A69920701D5002BEDD10020F3E7B7
:10813000240000200004005807B50379012B0FD15B
:108140000A4B1B68182253431B0C0193FFF7F0FEE8
:10815000019B013B0193019B002BF9D1FFF7DEFE50
:1081600003B05DF804EBFFF7C5BF00BF240000209B
:10817000F8B51E468379012B154604460F46DAB240
:108180002DD14379012B2AD0022342718371FFF74D
:10819000D3FF0D212046FFF7CBFEFFF741FF390A41
:1081A0002046FFF73DFFF9B22046FFF739FF2E4486
:1081B000B5420ED12046FFF7B1FEFFF79BFFA06846
:1081C00001230038A3714FF0000318BF0120637131
:1081D000F8BD15F8011B2046FFF722FFE8E7022053
:1081E000F6E7F8B51E468379012B154604460F467F
:1081F000DAB22FD14379012B2CD04271FFF79CFFCB
:108200001D212046FFF794FEFFF70AFF390A20469A
:10821000FFF706FFF9B22046FFF702FF00212046D4
:10822000FFF7FEFE2E44B5420ED12046FFF776FE44
:10823000FFF760FFA06801230038A3714FF000032F
:1082400018BF01206371F8BD29462046FFF71CFFC7
:108250000135E8E70220F6E7F8B51F468379012BE0
:10826000154604460E46DAB22CD14379012B29D0AB
:108270004271FFF761FF06F0EF03A3F1840253425E
:108280005341237131462046FFF752FEFFF7C8FEE7
:108290002F44AF4210D1FFF741FE842E02D020467A
:1082A000FFF728FFA06801230038A3714FF00003F7
:1082B00018BF01206371F8BD15F8011B2046FFF7B8
:1082C000AFFEE6E70220F6E7F8B51E468379012BFC
:1082D000154604460F46DAB227D14379012B24D044
:1082E0004271FFF729FF39462046FFF721FEFFF7CD
:1082F00097FE00212046FFF793FE2E44B5420ED193
:108300002046FFF70BFEFFF7F5FEA06801230038BB
:10831000A3714FF0000318BF01206371F8BD294617
:108320002046FFF7B1FE0135E8E70220F6E737B552
:108330000023ADF8043001AA022312210546FFF7FD
:10834000C3FFBDF80440022364BA1946A4B201AACF
:108350002846FFF781FFE30702D5284603F0E6F839
:1083600004F04203022B02D1284603F0E5F860072F
:1083700002D5284603F00AF9210702D5284603F062
:108380000BF9E20602D5284603F00CF9A30602D544
:10839000284603F0F5F8600602D5284603F0D2F827
:1083A000210606D514F4807118BF0121284603F078
:1083B000CFF8A20502D5284603F0DAF8630402D507
:1083C000284603F0F5F803B030BDF8B51E468379B2
:1083D000012B154604460F46DAB227D14379012B0B
:1083E00024D04271FFF7A8FE0E212046FFF7A0FD22
:1083F000FFF716FE39462046FFF712FE2E44B5421F
:108400000ED12046FFF78AFDFFF774FEA068012316
:108410000038A3714FF0000318BF01206371F8BD4D
:1084200015F8011B2046FFF7FBFDE8E70220F6E701
:10843000F8B51E468379012B154604460F46DAB27D
:108440002BD14379012B28D04271FFF775FE1E21F5
:108450002046FFF76DFDFFF7E3FD39462046FFF7A5
:10846000DFFD00212046FFF7DBFD2E44B5420ED193
:108470002046FFF753FDFFF73DFEA06801230038BB
:10848000A3714FF0000318BF01206371F8BD2946A6
:108490002046FFF7F9FD0135E8E70220F6E702681C
:1084A00052E8003F23F0C00342E80031026800298F
:1084B000F5D102F1080353E8003F23F4000302F171
:1084C000080C4CE800310029F3D12023C0F8883093
:1084D0007047000010B5026852E8003F23F4907323
:1084E00042E8003102680029F5D10F4C02F108037F
:1084F00053E8003F234002F1080C4CE8003100290A
:10850000F4D1C36E012B07D152E8003F23F01003D2
:1085100042E800310029F7D12023C0F88C30002335
:10852000C366436710BD00BFFEFFFFEFF8B504460A
:108530001346D4F88850202D32D1F1B1EAB1E06F62
:10854000A4F85620A4F8542000262122C4F89060F4
:108550002165C4F88820226888B1124FC762124F83
:108560000763124F2832C0E90D76FEF77FF930B16C
:108570001023C4F89030C4F888500120F8BD236857
:1085800040221A62226802F1080353E8003F43F0D8
:10859000800302F1080141E800300028F3D1EDE743
:1085A0000220EBE7ED860008358700083F870008CA
:1085B00010B50446226852E8003F23F0C00342E8A9
:1085C000003123680029F5D103F1080252E8002F99
:1085D00022F4000203F1080040E800210029F3D151
:1085E0009A6812061BD503F1080252E8002F22F008
:1085F000800203F1080040E800210029F3D1E06F78
:1086000068B18163FEF776F948B1E06FFEF732FAA0
:10861000202804D11023C4F89030032010BD00237B
:10862000A4F85630636EB3F1005F01BF226893690E
:1086300043F0100393612023C4F888300020EDE755
:1086400010B50446226852E8003F23F4907342E8D4
:10865000003123680029F5D1234803F1080252E8CC
:10866000002F024003F1080C4CE800210029F4D14E
:10867000E26E012A07D153E8002F22F0100243E8EE
:1086800000210029F7D19A6852061DD503F108028E
:1086900052E8002F22F0400203F1080040E80021D8
:1086A0000029F3D1D4F8800070B18163FEF722F97C
:1086B00050B1D4F88000FEF7DDF9202804D1102352
:1086C000C4F89030032010BD236800200F22A4F8C6
:1086D0005E001A629A6942F008029A612023C4F887
:1086E0008C30E066EFE700BFFEFFFFEF08B5034602
:1086F000806A1B681B6813F0200317D1A0F856305E
:10870000026802F1080353E8003F23F080030832B7
:1087100042E8003102680029F2D152E8003F43F0FC
:10872000400342E800310029F7D108BDFCF766FF9D
:10873000FBE7704708B5806AFFF7FBFF08BD806A5A
:1087400038B50468D0F88830D0F88C50A26812068A
:1087500006D5212B04D10023A0F85630FFF79FFE49
:10876000A3685B0606D5222D04D10023A0F85E3055
:10877000FFF7B0FED0F8903043F01003C0F890300F
:10878000FBF718FF38BD08B5806A0023A0F85E30FB
:10879000A0F85630FBF70EFF08BD00000368D9694A
:1087A0001A682DE9F04140F60F0631429D680446F3
:1087B00010D18E0640F1978002F0200605F0805718
:1087C0003E4300F09080436F002B00F08580BDE8B1
:1087D000F0411847AB4EAC482E401040304300F0FB
:1087E0008280CF0709D5D00507D501201862D4F8BB
:1087F000900040F00100C4F890008F0709D5E80709
:1088000007D502201862D4F8900040F00400C4F8A4
:1088100090004F0709D5E80707D504201862D4F85F
:10882000900040F00200C4F890000F070BD502F052
:108830002000304307D008201862D4F8900040F0A0
:108840000800C4F890000E050AD5500108D54FF471
:1088500000601862D4F8903043F02003C4F89030E0
:10886000D4F89030002B37D08B0609D502F02002C7
:1088700005F080552A4303D0636F0BB1204698471B
:108880002668D4F89020B36802F0280203F0400371
:1088900053EA0205204621D0FFF71CFEB3685F06AD
:1088A00017D5226802F1080353E8003F23F0400384
:1088B000083242E800310029F3D1D4F8800040B1F9
:1088C000724B8363FEF74BF830B1D4F88000836BB2
:1088D0007DE72046FBF76EFEBDE8F081FBF76AFE00
:1088E000C4F89050F8E7E06E012840F08980CE0689
:1088F00040F18680D00640F1838010221A629A6887
:1089000051064BD5D4F8802011684A6892B2002AEB
:10891000E2D0B4F85C009042DED9A4F85E200A6888
:1089200092062FD453E8002F22F4807243E80021EE
:108930000029F7D103F1080252E8002F22F00102CA
:1089400003F1080040E800210029F3D103F10802F7
:1089500052E8002F22F0400203F1080040E8002115
:108960000029F3D12022C4F88C20E16653E8002FBF
:1089700022F0100243E800210029F7D1D4F880004A
:10898000FDF7B8FF02232367B4F85E30B4F85C103B
:10899000C91A89B22046FBF7D3FD9DE7B4F85E20E3
:1089A000B4F85E00B4F85C1080B292B2002893D0A4
:1089B000891A89B200298FD053E8002F22F49072CF
:1089C00043E800200028F7D1314D03F1080252E8B6
:1089D000002F2A4003F1080646E800200028F4D1C1
:1089E0002022C4F88C206067E06653E8002F22F054
:1089F000100243E800200028F7D102232367C9E7CB
:108A0000CF0209D56E0207D54FF4801220461A62B4
:108A1000BDE8F04100F05EBE08060BD502F0800014
:108A200005F40005284305D0A36F002B3FF454AF95
:108A30002046CCE64F0611D556060FD553E8002F39
:108A400022F0400243E800210029F7D12023C4F896
:108A50008830A1672046FCF7D1FD3DE70D0206D521
:108A6000500004D52046BDE8F04100F035BECB01F2
:108A70007FF532AF002ABFF62FAF2046BDE8F041A8
:108A800000F029BE010000102001000487870008C3
:108A9000FEFFFFEFD0F88C20B0F86010222A08B556
:108AA000036855D15B6A826D0B401370836D01338F
:108AB0008365B0F85E30013B9BB2A0F85E30B0F841
:108AC0005E309BB2002B42D1026852E8003F23F493
:108AD000907342E8003103680029F5D103F10802E0
:108AE00052E8002F22F0010203F1080C4CE80021AB
:108AF0000029F3D12022C0F88C20184A4167934204
:108B0000016705D1C26E012A0ED0FCF785FD1EE07B
:108B10005A681102F6D553E8002F22F0806243E82C
:108B200000210029F7D1EDE70022C26653E8002FAB
:108B300022F0100243E800210029F7D1DA69B0F8E9
:108B40005C10D20644BF10221A62FBF7F9FC08BD84
:108B50009A6942F008029A61F9E700BF008000407C
:108B6000D0F88C20B0F86010222A08B5036852D1E2
:108B70005A6A1140826D22F8021B8265B0F85E20AD
:108B8000013A92B2A0F85E20B0F85E2092B2002ABC
:108B900040D153E8002F22F4907243E800210029CD
:108BA000F7D103F1080252E8002F22F0010203F18D
:108BB000080C4CE800210029F3D12022C0F88C20B9
:108BC000174A41679342016705D1C26E012A0ED050
:108BD000FCF722FD1EE05A681102F6D553E8002F7B
:108BE00022F0806243E800210029F7D1EDE700225E
:108BF000C26653E8002F22F0100243E8002100294A
:108C0000F7D1DA69B0F85C10D20644BF10221A62BC
:108C1000FBF796FC08BD9A6942F008029A61F9E7F1
:108C2000008000402DE9F84F0368B0F86060D3F889
:108C30001CB01F689D68D0F88C20222A044640F0A2
:108C4000B980B0F8683043B1DFF87491DFF874A1EF
:108C50004FF000081BF0200F20D1B4F85E309BB21B
:108C6000D3B1B4F868209A4216D9226802F10803F9
:108C700053E8003F23F08053083242E80031226875
:108C80000029F2D1504B636752E8003F43F02003C4
:108C900042E800310029F7D1BDE8F88F2368A26DC2
:108CA0005B6A33401370A36D0133A365B4F85E3083
:108CB000013B9BB2A4F85E302368D3F81CB01BF0D4
:108CC000070F2ED01BF0010F09D0F90507D501229F
:108CD0001A62D4F8902042F00102C4F890201BF0F0
:108CE000020F09D0EA0707D502221A62D4F89020B1
:108CF00042F00402C4F890201BF0040F09D0E807EA
:108D000007D504221A62D4F8903043F00203C4F865
:108D10009030D4F8903023B12046FBF74BFCC4F8D8
:108D20009080B4F85E309BB2002B93D1226852E859
:108D3000003F23F4807342E8003123680029F5D115
:108D400003F1080252E8002F02EA090203F10800C9
:108D500040E800210029F3D120225345C4F88C209B
:108D6000616721670AD05A68110207D553E8002FBE
:108D700022F0806243E800210029F7D1E26E012A47
:108D800014D10022E26653E8002F22F0100243E8DB
:108D900000210029F7D1DA69B4F85C10D20644BF8B
:108DA00010221A622046FBF7CBFB53E72046FCF764
:108DB00033FC4FE79A6942F008029A616CE700BF02
:108DC000FEFFFFEF00800040958A00082DE9F84F74
:108DD0000368B0F86060D3F81CB01F689D68D0F8D5
:108DE0008C20222A044640F0B780B0F8683043B1A6
:108DF000DFF87091DFF870A14FF000081BF0200F32
:108E000020D1B4F85E309BB2D3B1B4F868209A4256
:108E100016D9226802F1080353E8003F23F080537B
:108E2000083242E8003122680029F2D14F4B6367D3
:108E300052E8003F43F0200342E800310029F7D117
:108E4000BDE8F88F2368A26D596A314022F8021BF1
:108E5000A265B4F85E20013A92B2A4F85E20D3F87D
:108E60001CB01BF0070F2ED01BF0010F09D0F90525
:108E700007D501221A62D4F8902042F00102C4F80A
:108E800090201BF0020F09D0EA0707D502221A62D0
:108E9000D4F8902042F00402C4F890201BF0040F94
:108EA00009D0E80707D504221A62D4F8903043F0BD
:108EB0000203C4F89030D4F8903023B12046FBF779
:108EC00079FBC4F89080B4F85E309BB2002B95D14A
:108ED000226852E8003F23F4807342E8003123689F
:108EE0000029F5D103F1080252E8002F02EA090235
:108EF00003F1080040E800210029F3D12022534566
:108F0000C4F88C20616721670AD05A68110207D51E
:108F100053E8002F22F0806243E800210029F7D1B6
:108F2000E26E012A14D10022E26653E8002F22F0FB
:108F3000100243E800210029F7D1DA69B4F85C1087
:108F4000D20644BF10221A622046FBF7F9FA55E711
:108F50002046FCF761FB51E79A6942F008029A61EA
:108F60006EE700BFFEFFFFEF00800040618B00084E
:108F700038B5044603682169A2681D68C0690A43C0
:108F800061690A437749024329400A431A605A68D3
:108F9000E16822F440520A435A60734AA16993423D
:108FA0001CBF226A11439A6822F06E4222F430629A
:108FB0000A439A60DA6A616A22F00F020A43DA62AF
:108FC0006A4A934219D14FF0B043694AD3F88830C6
:108FD00003F0030343F44033934200F0B480B3F151
:108FE000031F24D0013A934240F0B580B0F5004F02
:108FF00040F08F80FEF772F86EE05E4A93421CD11B
:109000004FF0B0435C49D3F8883003F00C0343F4CD
:1090100040228A4200F0978006D8002B7CD0574B24
:109020009A42E3D0012026E0B2F10C1FFAD1B0F54C
:10903000004F53D04FF4004075E04B4A9342F1D1BA
:109040004FF0B043D3F8883003F44063B3F5006FBA
:1090500018D006D85BB1B3F5806FE3D1FEF73EF8C8
:1090600007E0B3F5406FDDD14FF400400BE0FEF7B1
:109070002DFC40B900204FF00113A3660023C4E982
:109080001D3338BD3E4865683E4B626A05EB4501BD
:1090900033F81220B0FBF2F39942C3D8B3EB053F8B
:1090A000C0D800231946FAF7C3F8090241EA106153
:1090B0006B080002C0182A464FF0000341F100017E
:1090C000FAF7B6F8304BA0F540729A42AAD8236856
:1090D000D860CFE7FEF7FAFB0028CBD06168294BB8
:1090E000626A33F81220B0FBF2F24B0803EB420342
:1090F0004FF6EF72B3FBF1F3A3F11001914291D857
:1091000023F00F02216892B2C3F342031343CB60F2
:10911000B0E7FDF7E3FF04E0B0F5004FDAD0FEF76B
:10912000D5FB0028A6D06368616A164A32F8112080
:10913000B0FBF2F000EB5300B0FBF3F04FF6EF732F
:10914000A0F11002C1E7B0F5004F0D48EBD1C5E723
:10915000FEF7CCFBC0E7B0F5004FF9D0FEF7C6FB39
:10916000DFE700BFF369FFCF008000400038014017
:10917000020003000044004008000C0004000C0042
:109180000024F4008CD60008FFFC0F00836A1A0745
:1091900010B506D50168846B4A6822F40042224368
:1091A0004A60DC0706D50168C46A4A6822F40032C6
:1091B00022434A60990706D50168046B4A6822F485
:1091C000803222434A605A0706D50168446B4A68D8
:1091D00022F4802222434A60DC0606D50168C46B73
:1091E0008A6822F4805222438A60990606D5016873
:1091F000046C8A6822F4005222438A605A060FD512
:109200000168446C4A6822F480122243B4F5801F3E
:109210004A6005D14A68846C22F4C00222434A6045
:109220001B0606D50268C16C536823F400230B4368
:10923000536010BD2DE9F843DDF8209005460E4639
:10924000174698462A68D36936EA03030CBF012300
:109250000023BB4201D0002029E0B9F1FF3FF2D04A
:10926000FBF7B0FEA0EB080048452C6802D8B9F126
:10927000000F1ED154E8003F23F4D07344E80032BD
:10928000002AF7D104F1080353E8003F23F001035B
:1092900004F1080141E80032002AF3D12023C5F887
:1092A0008830C5F88C30002385F884300320BDE871
:1092B000F88323685A07C5D5802EC3D0402EC1D06D
:1092C000E3691B05BED54FF40063236254E8003FF9
:1092D00023F4D07344E80032002AF7D104F10803E4
:1092E00053E8003F23F0010304F1080141E8003294
:1092F000002AF3D12023C5F88830C5F88C30C5F892
:109300009030D0E72DE9F7439846D0F88830202BED
:1093100004460E46174643D1002943D0002A41D0C7
:1093200021230025C0F89050C0F88830FBF74AFE92
:10933000A368A4F85470B3F5805F8146A4F8567012
:1093400003D123690BB935461E46B4F85620CDF833
:10935000008092B24B4642B940212046FFF76AFF97
:1093600048B92023C4F8883006E000228021204636
:10937000FFF760FF18B1032003B0BDE8F083226857
:109380005EB935F8023BC3F308039362B4F8562084
:10939000013A92B2A4F85620D7E716F8013BF4E759
:1093A0000220E9E70120E7E72DE9F7439846D0F8E6
:1093B0008C30202B04460F46164658D1002958D031
:1093C000002A56D022230025C0F89050C0F88C30D7
:1093D000C566FBF7F7FDA368A4F85C60B3F5805F92
:1093E0008146A4F85E600FD12369D3B1FF263246CF
:1093F000A4F86020B4F85E0080B2F8B92023C4F865
:109400008C3003B0BDE8F08323B9256995B9FF22FC
:109410001646EDE7B3F1805F09D1236953B13F22CE
:10942000F6E740F2FF163D4632460027E0E72A46BF
:109430002E46DDE77F2216461D46D9E7CDF800808F
:109440004B46002220212046FFF7F4FE98B92368FE
:109450005B6A334047B925F8023BB4F85E30013B04
:109460009BB2A4F85E30C5E707F8013BF5E70220A0
:10947000C7E70120C5E70320C3E773B5044600260C
:10948000C0F89060FBF79EFD23681B681A0705462D
:1094900019D423681B685B070AD56FF07E430093DD
:1094A00000222B464FF480012046FFF7C3FEB0B9DF
:1094B00000202023C4F8883084F88400C4F88C305D
:1094C000E06620670CE06FF07E430093324603466F
:1094D0004FF400112046FFF7ADFE0028D9D003203D
:1094E00002B070BD10B5044650B3D0F888301BB937
:1094F00080F88430FBF740FF22682423C4F88830CA
:10950000136823F001031360A36A13B12046FFF729
:109510003DFE2046FFF72CFD012811D023685A6834
:1095200022F490425A609A6822F02A029A601A68DD
:1095300042F0010220461A60BDE81040FFF79DBFCF
:10954000012010BD30B581658168A0F85C20002342
:10955000B1F5805FA0F85E20436735D10369002B29
:1095600040F2FF1318BFFF23A0F860300023C0F8BB
:1095700090302223C0F88C30016801F1080353E8D1
:10958000003F43F00103083141E800340368002C38
:10959000F2D1456E84680169B5F1005F32D1B0F84F
:1095A000685095422ED8B4F5805F244A03D1244CEC
:1095B000002908BF22464267B1B153E8002F42F4A8
:1095C000807243E80021F7E729B90369002B14BF33
:1095D0007F23FF23C8E7B1F1805FC5D10369002B6A
:1095E00014BF3F237F23BFE703F1080252E8002F97
:1095F00042F0805203F1080040E800210029F3D135
:10960000002030BDB4F5805F0E4A03D10E4C002916
:1096100008BF2246426741B153E8002F42F49072DE
:1096200043E800210029F7D1EAE753E8002F42F090
:10963000200243E800210029F7D1E1E7258C00084A
:10964000CD8D0008958A0008618B0008D0F88C3019
:10965000202B30B415D1B9B1B2B100230468C36670
:109660000A4B9C420AD063681B0207D554E8003FAE
:1096700043F0806344E80035002DF7D130BCFFF79C
:1096800061BF022030BC70470120FBE70080004032
:10969000436E30B52BB90123A0F86A30A0F86830CA
:1096A00030BD0368094D9A689968094C490FC2F3A7
:1096B00042626B5C615CDB00B3FBF1F3A0F86A30E3
:1096C000AB5CA25CDB00B3FBF2F3E7E7ACD60008CF
:1096D000A4D600087047704770471FB504AB03E974
:1096E000060090F88430012B04463AD0012380F81C
:1096F00084302423C0F8883003681A6822F00102FD
:109700001A609A6822F440120A439A6071B95A6842
:10971000BDF80C009DF80E1022F0100202435A60B2
:109720005A6822F07F4242EA01625A601A6842F0A7
:1097300001021A60FBF746FC6FF07E42034600927E
:109740004FF4800100222046FFF774FD38B9202332
:10975000C4F88830002384F8843004B010BD03209E
:10976000F8E70220F9E790F88430012B0FD00123AD
:1097700080F88430016851E8002F42F0020241E88D
:109780000023002BF6D180F8843018467047022061
:10979000704710B590F88430012B044617D024236D
:1097A000C0F8883003681A68196821F0010119604F
:1097B00042F000524FF0005141661A60FFF768FF17
:1097C0002023C0F88830002084F8840010BD0220D7
:1097D000FCE790F88430012B14D002682423C0F8F1
:1097E00088301168136823F00103136021F00051E1
:1097F0000023436611602022C0F8882080F884305E
:10980000184670470220704770B590F88430012BDD
:10981000044617D005682423C0F888302E682B68CA
:1098200023F001032B60AB6823F060431943A96068
:10983000FFF72EFF20232E60C0F88830002084F828
:10984000840070BD0220FCE770B590F88430012BD5
:10985000044617D005682423C0F888302E682B688A
:1098600023F001032B60AB6823F060631943A96008
:10987000FFF70EFF20232E60C0F88830002084F808
:10988000840070BD0220FCE770B5D0F88C60202EFB
:1098900004461CD109B9012070BD002AFBD0012368
:1098A000C36600230367FFF74DFE0028F4D1E36E83
:1098B000012BF0D1236810221A62226852E8003F7F
:1098C00043F0100342E800310029F7D1E4E7022019
:1098D000E2E7012070470000034B1B6813B15B688F
:1098E00003B11847704700BFB0160020034B1B6838
:1098F00013B1DB6803B11847704700BFB0160020F2
:10990000012070470120704701F01EB901F008B92D
:1099100010B501F0F3FD0E21044640F61F1001F0D2
:10992000FFF82046012101F0D3FDBDE8104001F011
:10993000B1BA000070B50C4E01EB40030D46B365A3
:109940004FF6FF71002304461A46084601F038FB23
:1099500096F85600002101F0BBFD29462046BDE8DF
:10996000704001F06FBA00BF5416002010B50446D5
:1099700001F084FE012818D101F088FE34B11048AE
:10998000214602F02FFA0E4802F0F2F90D4C0021A8
:1099900094F85600A16501F09BFD63786BB16FF000
:1099A0007F40BDE8104001F031BA002340F262214F
:1099B0001A46084601F004FBE0E7A0688001F0E7E2
:1099C0002416002054160020002001F09FB900004A
:1099D00008B501F09FF80438C0B2032896BF024BC7
:1099E0000020185C08BD00BF12D7000808B501F0C0
:1099F0009AFD033008BD01F029B901F0E9B808B5B6
:109A000001F0E0FC08BD000038B50D46144601F039
:109A10003DFB284601F072FD0E21054640F61F1061
:109A200001F07EF828460121074D01F051FD01F0BB
:109A300031FA4FF47A716143284602F0D3F928468F
:109A4000BDE8384002F094B93C16002001F01EBB7E
:109A500008B5084B002193F8560001F039FD0023AA
:109A60004FF4C0711A46084601F0AAFABDE8084052
:109A700001F004BA5416002010B5044601F0FEFDB2
:109A8000012818D101F002FE34B11048214602F03D
:109A9000A9F90E4802F06CF90D4C002194F856001B
:109AA000A16501F015FD63786BB16FF07F40BDE8F3
:109AB000104001F061B9002340F262211A460846C5
:109AC00001F07EFAE0E7A0688001F0E724160020AC
:109AD0005416002008B54FF0040001F0FDF8BDE871
:109AE00008400220FBF776BA08B500231A4619464B
:109AF000184601F065FABDE8084001F053B90000CE
:109B00001D4B73B51D4D186000241D486C70C5E9D0
:109B10000144AC6501F07EFAAC8101F0E9F921461F
:109B2000204601F031FC21460422012001F0E2FA36
:109B3000144E154D4FF6FF7123462246084601F09C
:109B40003FFAFFF7C7FF2246104B00944FF0FF315A
:109B5000304602F061F80E4B009422464FF0FF3180
:109B6000284602F059F8304602F0B4F8284602B010
:109B7000BDE8704002F0AEB8B016002054160020C8
:109B800005AB00083C16002024160020D9980008D8
:109B9000ED9800080128084805D1084BC1771970D5
:109BA0000E3001F08DBB437D012B03D1034B81753A
:109BB0001970F5E7704700BF5416002030000020F0
:109BC0000D4B10B5044618735873012000F016F8B9
:109BD0005CB134214FF4E86000F0A2FF4421BDE8FD
:109BE000104040F2417000F09BBF14214FF4E86038
:109BF00000F096FF2421F2E75416002038B5114CEE
:109C00000546207001F047FD052D04D8DFE805F07A
:109C1000090B03171709032001F056FA0023637399
:109C200038BD0020F8E7012001F04EFA207B637B6D
:109C30008342F5D06073BDE83840FFF7C1BF022012
:109C4000EAE700BF541600202DE9F0431E4687B016
:109C500000230546CDE901330C46174601F00DFD02
:109C6000032D5BD8DFE815F07A00C1000C01040079
:109C7000A27C082A69D8A16801A801F0C5FE216864
:109C8000002962D042F210729142E37C874D50D895
:109C90000322AA7385F83820E96385F844304FF031
:109CA00002086368A17DDB002B820423AB74A37CD4
:109CB000DB00EB7402294FF000032B75637D02D0AB
:109CC000227D022A46D103F10F02D2B2012A01D924
:109CD000012B3AD1764B774A196803944FF001096A
:109CE00003A88DF8149001F0C5FC70BB287685F8A8
:109CF00017906875FFF768FE4046FFF77FFF6E48D4
:109D000001F072FA6D4801F0DBFA01A800F070FF73
:109D1000208A00F041FFA08900F086FF384601F05C
:109D2000EDFB624C84F8560001F0ACFC666000204C
:109D30000DE04FF00008E963890885F80E8085F88A
:109D4000388085F844302964ABE74FF0FF3007B026
:109D5000BDE8F083EB7529766A75CBE72368002BA5
:109D6000F3D0A27C082AF0D8504DA16801A801F0D8
:109D70004BFE002385F838302268EA63E27C85F8E0
:109D80004420A269AB732A646268D2002A8204224A
:109D9000AA74A27C2B75D200EA74A27D022A02D09A
:109DA000237D022B1CD1627D02F10F03DBB2012B5C
:109DB00001D9012AC9D13E4B3E4A196803944FF09C
:109DC000010803A88DF8148001F054FC0028BCD1D0
:109DD000287685F817806875FFF7F6FD00208CE778
:109DE000617DE9752A766B75F6E7304D012185F8BE
:109DF0003810227885F85020637885F85130A378A0
:109E000085F85230E3788B4202D0022B03D03BB965
:109E100085F8533004E00B3A012A29D885F853100D
:109E20004FF0010885F80E80A388AB83A379AB7748
:109E3000E37985F82030237A85F82130FFF7C4FDD7
:109E40004046FFF7DBFE1C4801F0CEF91B4801F04D
:109E500037FA95F85130062B40F689000AD100F008
:109E600073FE00F0FB0140F6890000F059FE55E753
:109E70000023CDE700F068FE40F00401C9B2F2E72C
:109E80002368013BB3F57A7FBFF45FAF0320FFF790
:109E9000B5FE0648022380F8383023688364162311
:109EA00080F84C30383001F09FF937E75416002025
:109EB000B01600203C1600208C16002062160020F0
:109EC000F0B51E4687B00023CDE90133144607469E
:109ED0000D4601F0D2FB002C724C16BF012300236B
:109EE0000026637027B1012F7AD0002007B0F0BDA3
:109EF000AB68002B00F0D380EB68002B00F0CF8024
:109F0000AA7F082A00F2CB80296901A801F07CFD14
:109F10002868003818BF012000F0C6FF84F83870A8
:109F2000AB68E36395F8203084F84430686801F04A
:109F300047FBA77384F84500EB68DB002382EB7FC7
:109F4000A374AB7FDB00E37495F82130237595F89B
:109F50002230002B3ED12A7D95F82410A2750229CB
:109F600095F8232001D0022B36D102F10F03DBB28A
:109F7000012B02D9012A40F0928000238DF8143081
:109F8000494B4A4A1968049503A801F073FB00285D
:109F900040F0858001232076E3756075FFF714FD9E
:109FA0000020FFF72BFE424801F01EF9414801F066
:109FB00087F901A800F01CFEA88B00F0EDFD288BAE
:109FC00000F032FE4FF4FA53AA687343B3FBF2F386
:109FD000A3608AE7FF22BFE7E27521766375DDE7BC
:109FE0002B8E002B5BD095F83230A86A012B0CBF6A
:109FF00095F83370FF27003818BF012000F054FF98
:10A00000F0B200F05DFF012184F8381095F82C20A3
:10A0100084F8502095F82D3084F8513095F82E3082
:10A0200084F8523095F82F308B4202D0022B03D0A7
:10A030003BB984F8533004E00B3A012A27D884F85E
:10A0400053102B8EA38395F83230A3770126AB8E65
:10A050002384A673E777FFF7B7FC3046FFF7CEFD02
:10A06000134801F0C1F8134801F02AF994F821309F
:10A07000B34240F236700CD100F066FD00F0FB01F7
:10A0800040F2367000F04CFD4FF6FF73A0E700235E
:10A09000CFE700F059FD40F00401C9B2F0E74FF0FE
:10A0A000FF3023E754160020B016002024160020AD
:10A0B0008C160020621600202DE9F04F85B08246F4
:10A0C0000E9DBDF840809DF844709DF84890019128
:10A0D00093461E4601F0D1FABAF1010F524C54D00A
:10A0E000BAF1040F00F09180BAF1000F3AD10B22BF
:10A0F000304684F8442084F838A0E56301F060FA23
:10A100004FEAC803B9F1000F238241F604036382CA
:10A110000CBF0123F223E37587F0010701232376A7
:10A1200084F84500C4F840B084F80EA084F814A068
:10A130006775FFF749FC5046FFF760FD04F13800F2
:10A1400001F052F804F10E0001F0BAF8374A106835
:10A15000516802AB03C302A800F04AFD40F2FF10B1
:10A1600000F01AFD019801F0C9F90E2184F856009B
:10A1700040F61F1000F0D4FC94F8560001F082FA6B
:10A18000169B636005B0BDE8F08F294984F838A0BC
:10A19000EAB2895D84F8502076BB0B3D012D8CBF5F
:10A1A00000250125053A012A04D8B8F10C0F38BF63
:10A1B0004FF00C081F4B9DF83C201B7884F853503F
:10A1C000E37701259DF8543084F8511084F852202B
:10A1D00084F82130A573A4F81C80A77784F8209018
:10A1E000FFF7F2FB2846FFF709FD134800F0FCFFDC
:10A1F000124801F065F8B5E7012E04D1A5F10C0372
:10A200005D425D41CEE70025CCE75046FFF7F6FC06
:10A21000022384F8383004F138001623A56484F84A
:10A220004C3000F0E1FF9DE754160020B4CC00084C
:10A2300044D70008300000208C1600206216002051
:10A240002DE9F04F87B0DFF8B4B29DF864A09DF817
:10A250004C90029314469DF854309DF85020BDF860
:10A260004880039205468BF801A0BDF84460019335
:10A270000F4601F002FABAF1000F18BF4FF00008C4
:10A28000DFF87CA2039AB9F1000F08BFFF22012D6D
:10A290008AF8002000F0C880052D48D0002D40F03D
:10A2A000C080284600F000FE0B2238468BF8442080
:10A2B0008BF83850CBF83C4001F082F9019B8BF8C9
:10A2C000450041F60402002BABF812209AF800205A
:10A2D0008BF816200CBF0122F2228BF81720F60013
:10A2E000012289F001098BF818208BF80E50ABF889
:10A2F00010608BF814508BF81590FFF765FB28461B
:10A30000FFF77CFC0BF1380000F06EFF0BF10E0044
:10A3100000F0D6FF7B490868496804AA03C204A874
:10A3200000F066FC40F2FF1000F036FC71E0012006
:10A3300000F0BAFD09224FF000098BF8442038469E
:10A340004FF44872CBF840208BF83890CBF83C4063
:10A3500001F036F94FF48052ABF812209AF8002041
:10A360008BF845008BF8162028460122F6008BF862
:10A3700017208BF80E90ABF81060ABF814908BF8A8
:10A380001890FFF73BFC0BF1380000F02DFF0BF1AC
:10A390000E0000F095FF5B498868C96804AA03C2F3
:10A3A00004A800F025FC40F2FF1000F0F5FB40F699
:10A3B000B80000F0C9FB00F0EF0140F6B80000F073
:10A3C000AFFB042140F6B90000F0AAFB40F69B0069
:10A3D00000F0BAFB00F0E30141F0080140F69B00F9
:10A3E00000F09EFB40F2D16000F0AEFB40F018019F
:10A3F000C9B240F2D16000F093FB40F2AC6000F0D3
:10A40000A3FB00F08F0141F0500140F2AC6000F07E
:10A4100087FB4FF4FA5202FB08F2B2FBF4F2CBF8DE
:10A42000082007B0BDE8F08F002000F03DFD364960
:10A430008BF83850E2B2C95D8BF85020002F4DD117
:10A440000B3C012C8CBF00240124053A012A02D8C0
:10A450000C2E38BF0C26029B9AF800208BF8523045
:10A460008BF85340019B8BF81F2001249DF860203E
:10A470008BF821208BF851108BF820308BF80E4090
:10A48000ABF81C608BF81E90FFF79EFA2046FFF792
:10A49000B5FB1E4800F0A8FE1D4800F011FF5FFA52
:10A4A00088F000F00DFD40F6A30000F04DFB00EA3F
:10A4B000040140F6A30000F033FB9BF82120A242E8
:10A4C00040F2367013D100F03FFB00F0FB0140F288
:10A4D000367000F025FB4FF6FF72A0E7012F04D184
:10A4E000A4F10C035C425C41AFE70024ADE700F04F
:10A4F0002BFB40F00401C9B2E9E700BF541600206D
:10A5000030000020B4CC000844D700088C1600208E
:10A5100062160020F0B58BB00D46044617461E4665
:10A52000FFF752FA0020FFF769FB204600F0AEFD6E
:10A5300000240123CDE9084303234FF41672294672
:10A540002046CDE90644CDE90444CDE90244CDE9F5
:10A5500000532346FFF774FE2046FFF78DFAFFF7FE
:10A5600045FAFAF737FD01F071FB0446204601F089
:10A5700077FBB04205D30124FFF726FA20460BB043
:10A58000F0BD00F01FFF8742F0DA0024F4E700007E
:10A59000F7B50023664D0C4640F201211A460646E7
:10A5A000084600F00DFD95F85600012100F090FFDF
:10A5B0002B78012B40F6890013D195F85130062BEA
:10A5C0000FD100F0C1FA00F0FB0140F6890000F065
:10A5D000A7FA2B78042B6CD8DFE803F0524B527F9C
:10A5E000090000F0B1FA40F00401C9B2EDE7514AA8
:10A5F000731E1046C6F101074FF0000CF9188C428B
:10A600006FDC0022E7001346BA4271D19A0142EA98
:10A61000C3125B0183F020031343661C0355F6B29B
:10A6200002234548AB73AE7600F04AFE0021F120CC
:10A6300000F076FA0021F02000F072FAAB6C642B87
:10A6400070D17021F32000F06BFA1D21F22000F090
:10A6500067FAE1008C1CF420090A00F061FA04F0AA
:10A66000FE01F52000F05CFA32486FF07F4231467F
:10A670001DE0EC77304800F023FE0022214615E073
:10A6800000F0FCFF0128074625D121460DF1070205
:10A69000304600F0F8FF0446A0B99DF80730264880
:10A6A000AB7500F00DFE9DF807102246304600F015
:10A6B00059FB6968214801F095FB204801F058FBDF
:10A6C000002006E01E4B3A460021022001F096F8D9
:10A6D000032003B0F0BDAC75CCE70223AB73AC76BE
:10A6E000C8E713F8011FC943197002F801CB85E7C9
:10A6F000D1106FEA020C715C0CF0070C013241FAC8
:10A700000CF101F001014FEAE20C4B40D14310F88B
:10A710000CE001F0070103FA01F141EA0E0100F833
:10A720000C1071E7E121F32000F0FAF904218DE724
:10A7300054160020B4160020621600203C1600209B
:10A74000B4D60008F0B5BDF814409DF818709DF817
:10A750001CE09DF8205040B1012814D001220023B4
:10A7600098180138B0FBF2F0F0BD87F00107E30064
:10A7700003EBC70318330EEB450503EBC5034FF49A
:10A780007A714B43ECE7501F012803F1040302D810
:10A790000C2C38BF0C24D1B9A2F10B0CBCF1010F69
:10A7A0008CBF4FF0000C4FF0010C2801002F00EB84
:10A7B000CE000CBF14250025A0EB8200062A4FEA2C
:10A7C00082062844A2F102070DD8354610E001297F
:10A7D00006D1A2F10C00D0F1000C4CEB000CE4E728
:10A7E0004FF0000CE1E70830BCF1000FEDD0BD00E8
:10A7F0000028ACBF2E182E1C701E90FBF5F003FB3A
:10A800000044094B062A5A5C8CBF0C340E340A2AC9
:10A8100009D8A30001334FF47A71BB404B4303497D
:10A8200051F822209CE7FFDE44D7000818D7000823
:10A8300008B5094B012193F8560000F049FE4FF48A
:10A84000D7602D2100F06CF900F029FBBDE808402D
:10A85000024800F071BA00BF54160020FFFF0F003D
:10A8600073B59C4CB4F854300025202B8DF8035060
:10A87000019500F00A8114D8082B0DD87BB1013B5B
:10A88000072B0CD8DFE813F03D0052000B00BC0092
:10A890000B000B000B00EC00102B00F0EF8002B05F
:10A8A00070BDB3F5807F00F08B8011D8402B00F095
:10A8B000FF80802BF3D1284600F028FA864B1B68D6
:10A8C000002BECD09B69002BE9D028469847E6E79F
:10A8D000B3F5007FE3D1814B01222946022000F02D
:10A8E0008DFF00F017F9042878D17D4801F0F2F9C6
:10A8F000284600F00BFA784B1B68002BCFD05B6822
:10A9000010E0774801F0E6F9002000F0FFF900F0D0
:10A91000B7FE012801D100F0BCFE6F4B1B68002B75
:10A92000BDD01B68002BBAD09847B8E76D4801F03E
:10A93000D1F9657895B9284600F0E8F9294640F63E
:10A94000021000F0EDF840F6441000F0FDF840F081
:10A950000201C9B240F6441000F0E2F8FF220DF106
:10A96000030161485C4D00F05DFD604800F074FD3E
:10A970002B68002B93D09E68002E90D094F8243042
:10A98000012B08D194F9313094F930209DF803104F
:10A990005548B04783E7E06B01A900F025FE019B15
:10A9A0009DF8031050484FF47A7203F5FA7393FB45
:10A9B000F2F32A685BB2956894F92920A8476EE7FC
:10A9C000284600F0A3F9444B1B68002B3FF467AF07
:10A9D0009B69002B3FF463AF012077E700F09AF802
:10A9E00005287FF45CAF3F4801F074F9284600F079
:10A9F0008DF9394B1B68002B3FF451AFDB6891E7B1
:10AA000000213B4B0122022000F0F8FEA16D00293D
:10AA10003FF445AFC1F3074140F6031000F080F862
:10AA200094F8591040F6041000F07AF894F8581091
:10AA300040F6051000F074F840F6021000F084F8BB
:10AA400040F00101C9B240F6021000F069F800239D
:10AA500040F262211A460846A36500F0B1FA1EE7EB
:10AA6000244B01220021022000F0C8FE00F006FE67
:10AA700001287FF414AF00F00DFE10E71E4B0122F9
:10AA80000021022000F0BAFE09E7164801F022F981
:10AA9000607808B900F03AF90F4B1B68002B3FF4BF
:10AAA000FEAEDB68002B3FF4FAAE9847134BE6E7A7
:10AAB000134B01222946022000F0A0FE607808B95D
:10AAC00000F024F9044B1B68002B3FF4E8AE1B692F
:10AAD00028E700BF54160020B0160020C9D6000891
:10AAE0003C16002024160020B41600207816002002
:10AAF000DDD60008E6D60008F0D60008F9D6000832
:10AB000002D70008024BA3F85400FFF7A9BE00BF0C
:10AB100054160020014B1878704700BFC217002060
:10AB200013B58DF80710EFF3108472B601230146B8
:10AB30000DF107020348FDF71BFB84F3108802B0F8
:10AB400010BD00BFC011002013B50146EFF3108403
:10AB500072B601230DF107020448FDF742FB84F3AE
:10AB600010889DF8070002B010BD00BFC011002082
:10AB700010B50446FBF760FB01280CD140F623100A
:10AB8000FFF7E2FF00F0F901214340F62310BDE892
:10AB90001040FFF7C5BF10BD10B50C4B1B78044625
:10ABA0009BB94FF4D760FFF7CFFFC4F3002100F04B
:10ABB000FE0001434FF4D760FFF7B2FFE1B240F26D
:10ABC000B960BDE81040FFF7ABBF10BDC117002052
:10ABD00010B51346EFF3108472B60A4601460348D7
:10ABE000FDF7C6FA84F3108810BD00BFC011002025
:10ABF00008B5014608224FF4D860FFF7E9FF0020AE
:10AC000008BD000007B5074B1B7840BAADF804003B
:10AC10002BB9022201A940F2BC60FFF7D9FF03B0B3
:10AC20005DF804FBC117002007B5074B1B7840BA3D
:10AC3000ADF804002BB9022201A940F2BE60FFF773
:10AC4000C7FF03B05DF804FBC117002010B5134621
:10AC5000EFF3108472B60A4601460348FDF7C1FAC5
:10AC600084F3108810BD00BFC011002010B513463A
:10AC7000EFF3108472B60A4601460348FDF7A5FBC0
:10AC800084F3108810BD00BFC01100200A460146A1
:10AC90000020FFF7EBBF000010B51346EFF3108460
:10ACA00072B60A4601460348FDF7C2FB84F31088DA
:10ACB00010BD00BFC011002010B51346EFF3108483
:10ACC00072B60A4601460348FDF7C6FA84F31088B7
:10ACD00010BD00BFC011002013B504460020FBF7D3
:10ACE00097FA0220FFF744FF04F0070401220DF158
:10ACF000070184208DF80740FFF7DEFF024B00229A
:10AD00001A7002B010BD00BFC217002007B50122A3
:10AD10008DF807000DF107018020FFF7CDFF9DF8AA
:10AD20000730002B034B14BF022201221A7003B01C
:10AD30005DF804FBC217002007B5094B8DF806002B
:10AD400004221A70030C8DF804300322030A01A9AF
:10AD500083208DF80530FFF7AFFF03B05DF804FBEB
:10AD6000C217002010B51446FFF790FF2046BDE83B
:10AD70001040FFF7E1BF000007B5094B8DF8060052
:10AD800005221A70030C8DF804300322030A01A96E
:10AD900082208DF80530FFF78FFF03B05DF804FBCC
:10ADA000C217002073B5002640F6E2000196FFF7B7
:10ADB000CBFE00F0FE01054640F6E200FFF7B0FED4
:10ADC00040F6E500FFF7C0FE00F07F01044640F6C4
:10ADD000E500FFF7A5FE6FF07F40FFF7CDFF0422EF
:10ADE0000DEB020140F61900FFF730FF3046FFF788
:10ADF0008DFF294640F6E200FFF792FE214640F61D
:10AE0000E500FFF78DFE019802B070BD13B50C4B45
:10AE100004460522972140F6AC001A70FFF780FE29
:10AE2000230C8DF804300322230A01A982208DF817
:10AE300005308DF80640FFF73FFF02B010BD00BFA0
:10AE4000C217002007B5030C8DF80030030A8DF8F7
:10AE500001300B0C49BA8DF80200ADF8041006223F
:10AE6000694694208DF80330FFF726FF024B062237
:10AE70001A7003B05DF804FBC2170020002208B569
:10AE80001146C520FFF718FF014B07221A7008BDB5
:10AE9000C217002000221146D120FFF70DBF00226B
:10AEA0001146D220FFF708BF07B501228DF8070031
:10AEB0000DF107019F20FFF7FFFE03B05DF804FBD3
:10AEC00007B501228DF807000DF10701A020FFF75B
:10AED000F3FE9DF807103F2907D901F0F801013171
:10AEE000C9B240F20670FFF71BFE03B05DF804FB29
:10AEF00007B5FBF7A1F9431E584258418DF80700EA
:10AF000001220DF107019620FFF7D6FE03B05DF890
:10AF100004FB07B500F07F008DF8070001220DF15A
:10AF200007018920FFF7C8FE03B05DF804FB0000AD
:10AF3000154B984207B51BD8144B98421BD8144B9D
:10AF400098421BD8134B98421BD8134B98428BBF87
:10AF50006B2229226F232B238DF8042001A90222C2
:10AF600098208DF80530FFF7A7FE03B05DF804FBCD
:10AF7000E122E923F0E7D722DB23EDE7C122C52355
:10AF8000EAE775228123E7E700E9A43580F8A932D2
:10AF90008044E52D000B6B1B40FC541907B58DF860
:10AFA000062004228DF804008DF8051095200DEB85
:10AFB00002018DF80730FFF77FFE03B05DF804FB58
:10AFC00007B552BAADF8042040BA082249BAADF824
:10AFD0000000ADF802105BBA69461046ADF80630C5
:10AFE000FFF76AFE03B05DF804FB07B50B0C042203
:10AFF00000F0070049BA8DF80400ADF8061097205C
:10B000000DEB02018DF80530FFF756FE03B05DF839
:10B0100004FB000010B508B1194B1860F9F754FF94
:10B020000220FFF7A5FD0024164B20461C70FFF7F9
:10B030006DFEFBF7FFF8012816D14021FFF7D5FF81
:10B0400040F611102146FFF76BFD4FF07F00FFF730
:10B0500060FF0E2140F61F10FFF762FDFBF7CCF8F2
:10B06000094B01221A7010BD202140F61110FFF784
:10B0700057FD202140F61210FFF752FDE9E700BF0F
:10B08000B4170020B8170020C217002037B50C4DA8
:10B090002B7804461BB9FFF74BFF01232B700023CD
:10B0A000084A6006E109F8F7C3F8042200BA0190E3
:10B0B0000DEB02018620FFF7FFFD03B030BD00BF9E
:10B0C000B81700200048E80107B5094B8DF80700C4
:10B0D0000146187018B940F2AC60FFF721FD01225B
:10B0E0000DF107018A20FFF7E7FD03B05DF804FBCF
:10B0F000C1170020012873B50C46164637D1002031
:10B10000FBF79CF8A042B8BF44B20E2805461AD1FE
:10B1100001231A4600210420FFF740FF6FF01003BF
:10B120009C42B8BF1C46182140F6E700FFF7F8FC28
:10B13000022201A98E208DF804408DF80560FFF7EA
:10B14000BBFD02B070BD01230A28E4B21A464FF0DD
:10B15000000105D11846FFF721FF033464B2DDE793
:10B160000720C5F10E05FFF719FF2C44F6E740F65E
:10B17000D800FFF7E9FC40F01E01C9B240F6D80044
:10B18000FFF7CEFC0120FBF759F8A042B8BF44B24C
:10B19000142805464FF001034FF000020CD10521A1
:10B1A0000320FFF7FBFE023464B26FF008039C42F9
:10B1B000B8BF1C463821B7E7112805D1032102206A
:10B1C000FFF7ECFE0534EFE70E2804D10221084614
:10B1D000FFF7E4FEE9E7C5F1160507210420254441
:10B1E000FFF7DCFE6CB2E0E713B5314A0446516864
:10B1F00010686B4603C32F4B20781B78834201D025
:10B20000FFF762FF2378032B27D8DFE803F002392A
:10B21000283C6268284BB3FBF2F31A0CA1688DF846
:10B2200000208DF802301A0A237B8DF80330637BEF
:10B230008DF801208DF80430204A00234806C90902
:10B24000F7F7F6FF030C40BA8DF80530ADF80600AD
:10B25000082269468B20FFF72FFD02B010BD22693E
:10B26000154BB3FBF2F31A0C8DF800208DF8023069
:10B270001A0A237D8DF801208DF803300422E8E7B7
:10B28000A3690093FAE762680B4BB3FBF2F31A0C65
:10B290008DF800208DF802301A0A237B8DF80330D8
:10B2A000637B8DF801208DF804300522D1E700BFC3
:10B2B000C4CC0008C11700200000093D0048E80187
:10B2C0001FB52E4A0446D1689068127C01AB03C3B7
:10B2D0001A702B4B20781B78834201D0FFF7F4FEC5
:10B2E0002378032B26D8DFE803F002383302637A91
:10B2F000F12B21D14FF6FF70FFF784FC48F20500D7
:10B30000FFF792FC02236288A188ADF8061052BABA
:10B31000E188ADF804208DF80B30227AA37A8DF8FD
:10B320000A20ADF808108DF80C30092201A98C20F4
:10B33000FFF7C2FC04B010BDF22BE4D141F60F5070
:10B34000FFF760FC41F22100FFF76EFC0623DAE70D
:10B35000237B8DF804300122E8E7E389094A5BBAD0
:10B36000ADF80430237C13708DF80630637C8DF8C3
:10B370000730638AADF808300622D7E7C4CC00084E
:10B38000C1170020C017002007B502228DF8040065
:10B390008DF805108F2001A9FFF78EFC03B05DF832
:10B3A00004FB000010B51346EFF3108472B60A4692
:10B3B00001460348FCF788FF84F3108810BD00BFE6
:10B3C000C011002007B5012201A91520FFF7EAFFEF
:10B3D0009DF804004042401003B05DF804FB0000FB
:10B3E00037B505460C46022201A91320FFF7DAFF04
:10B3F0000A4B1B78012B0DD1094B1B78012B09D16E
:10B4000040F20270FFF7A0FB9DF805302870237012
:10B4100003B030BD9DF80400F6E700BFC11700205F
:10B42000C0170020F7B50D46064600240DF10701B0
:10B43000284617468DF80740FFF7D2FF2A78BA4210
:10B4400007D89DF807003146FFF726FC204603B0D9
:10B45000F0BD0120FBE7000013B50322044601A95B
:10B460001420FFF79FFF184B1A7822704AB1012A67
:10B4700017D014220021204600F0D0FA0F232370A9
:10B480000DE09DF8043023719DF80530A2605B4209
:10B490005B10A3719DF806305B425B10637102B0D4
:10B4A00010BD9DF804305B425B1023739DF905309D
:10B4B00002339B1063739DF806305B425B10A373ED
:10B4C000024B1B682361EAE7C1170020BC1700206C
:10B4D000012908B5034608460ED1012B07D10420E7
:10B4E000FFF746FB0220BDE80840FAF791BE022BA9
:10B4F00014BF08460320F6E70120F4E738B50446F8
:10B50000FAF796FE50B102280CBF02250125284605
:10B5100002222146FFF7EEFD284638BD102CB4BFAD
:10B5200001250225F3E7012070470000014B0120AF
:10B530001B681847B4170020014B02201B681847EE
:10B54000B4170020014B40201B681847B417002097
:10B5500011B1012904D07047044B1B6880201847A3
:10B56000024B4FF480701B68F9E700BFB41700204E
:10B57000024B4FF400701B68184700BFB41700203F
:10B58000014B20201B681847B4170020014B0420F2
:10B590001B681847B4170020014B08201B68184788
:10B5A000B4170020014B10201B681847B417002067
:10B5B000024B4FF480401B68184700BFB4170020AF
:10B5C00010B568B1074A002352F83340844202EBB9
:10B5D000C30101D9087910BD0133162BF4D1FEE760
:10B5E0001F20F8E7D4D7000873B51D4B019304461C
:10B5F00040F607000D46FFF7A7FAC0F3C103083372
:10B600006B4413F8042C00F00703013302FA03F330
:10B61000144AB2FBF3F2B2FBF4F007281ED8400044
:10B62000042834BF042302234FF4D66002FB03F442
:10B63000FFF78AFA060240F2B160FFF785FA06F4D6
:10B6400070663043030544BF6FEA00506FEA105044
:10B6500063094343DB112B6002B070BD0123E3E7B4
:10B6600004080A0C0048E8014FF0FF3070474FF023
:10B67000FF3070474FF0FF30704770470020704731
:10B680000020704770474FF0FF3070474FF0FF3099
:10B69000704770477047704770B5EFF3108672B609
:10B6A000144B5C8A1A8A944213D1C4F5007292B288
:10B6B000904206D3844218D901229A7000221C803D
:10B6C0005A825A8A0A800244C2F308025A8200202F
:10B6D0000DE006D9C4F50075ADB28542F1D88242BD
:10B6E000E9E7121B92B28242EBD84FF0FF3086F3AB
:10B6F000108870BDC41A0020EFF3108172B6034A9F
:10B70000D38A0133D38281F310887047C41A002092
:10B71000EFF3108172B6034AD38A013BD38281F3DF
:10B7200010887047C41A002010B50848182200215C
:10B7300000F074F906484FF40072002100F06EF931
:10B74000044B05481B68BDE810401847C41A002088
:10B75000C31800205CD20008C5B80008014B58602F
:10B76000704700BFC41A0020014B1872704700BF19
:10B77000C41A002073B5EFF3108572B61C4CE08A32
:10B7800000282FD1FFF7B8FF218A628A914227D083
:10B79000A378012B12D1238820805B1A9BB202214F
:10B7A000A382A17063B9A3702382238A9A428BBFBC
:10B7B000D21AC3F50073A282A38201E0002BF4D059
:10B7C000268A0C4B1E4485F31088F9F7F3FB0A4BCD
:10B7D000A18ADB680193304602B0BDE8704018478B
:10B7E000FFF796FF85F31088002002B070BD00BF00
:10B7F000C41A0020C31800205CD2000808B4F0B5B9
:10B8000086B00023ADF800302B4B0B9C1D7A85428F
:10B810004CD3D86881434CD15B681BB112B16946E7
:10B8200002A898470CAB22464FF48071234801933D
:10B8300000F034FBFFF760FFBDF8003018440DF155
:10B84000020180B2FFF728FF01302AD00023BDF8A3
:10B850000020BDF802601A480DF1080C1F4699B28D
:10B8600016FA83F58A42ADB215D817B13244ADF855
:10B870000220BDF80250019B22464FF480712844FB
:10B8800000F00CFBFFF744FFFFF774FF06B0BDE8C4
:10B89000F04001B070471CF8011B415501330127EE
:10B8A000DDE7FFF735FF6FF00200EFE76FF0040010
:10B8B000ECE76FF00500E9E7C41A0020C317002089
:10B8C000C318002013B5EFF3108472B6204B9A789A
:10B8D000588A022A1DBF1A8A998A5218002214BF58
:10B8E000C2F308029A7090421A8228D0D98A01299C
:10B8F00025D19978012913D119888A1A022192B287
:10B90000997000219A82198062B99A701A821A8AF3
:10B9100090428BBF801AC2F5007298829A8201E031
:10B920000029F4D0188A0B4A104484F310880A4A7C
:10B93000998AD368019302B0BDE81040184784F398
:10B940001088F9F73BFB02B0BDE81040FFF7E0BEFE
:10B95000C41A0020C31800205CD20008024A002349
:10B960001360024A13607047E01A0020DC1A0020BE
:10B9700010B5EFF3108472B641B1012903D1064A24
:10B9800013680343136084F3108810BD024A1368E0
:10B9900023EA0003F6E700BFE01A002010B5EFF33A
:10B9A000108472B641B1012903D1064A13680343DA
:10B9B000136084F3108810BD024A136823EA000361
:10B9C000F6E700BFDC1A002038B5EFF3108572B639
:10B9D0000A4B0B4C1B6833B1236898476368984740
:10B9E00085F3108838BD074B1B681BB1A3689847C7
:10B9F000E368F4E7236998476369F0E7E01A0020F9
:10BA0000F8D10008DC1A002001380A44914200D124
:10BA1000704711F8013B00F8013FF7E700F0AEBCBA
:10BA200010B5EFF3108472B6064A1368034313602F
:10BA3000054A52F83130034342F8313084F310881C
:10BA400010BD00BFFC1A0020E41A002070477047A8
:10BA5000B0F5803F3ABF000410230023B0F1807F8F
:10BA60003EBF08330002DBB2B0F1805F38BF000197
:10BA70004FEA1070054A38BF0433125C38BFDBB29E
:10BA8000C3F11F03981AC0B2704700BF84D80008E2
:10BA90002DE9F84F384D394ED5F80080DFF8E0B089
:10BAA000DFF8E0A0DFF8E090D6F800C0374FDBF811
:10BAB0000010374CDAF80020D9F8003008EA00000E
:10BAC0002860286800EA020E1EEA0C0F01D0194215
:10BAD0001ED04FF0FF333B60FFF7B8FFEFF3108449
:10BAE00072B63368DBF80020DAF800100B402968E2
:10BAF0000B4205D1D9F80030134201D1F9F758FAB9
:10BB000084F31088FFF7A3FFC5F80080BDE8F88F25
:10BB1000236823680340134062681A4204BF4FF051
:10BB2000FF32626060681840FFF792FF6268386019
:10BB3000012303FA00F022EA00026260EFF31081B1
:10BB400072B63A689340326822EA03023260226891
:10BB500022EA0303236081F310880E4A3B6852F8FF
:10BB600023309847D6F800C0DBF80010DAF8002040
:10BB7000D9F80030A5E700BF34000020FC1A0020EF
:10BB8000F81A002038000020F41A0020F01A0020D3
:10BB9000E41A0020EC1A002010B51146EFF31084CF
:10BBA00072B6FFF755FF034B43F8201084F310885B
:10BBB00010BD00BFEC1A002073B5114E00230546DE
:10BBC0000093ADF8043001A833699847F3680090FA
:10BBD0009847736804469847009B1844BDF80430A2
:10BBE00023449AB21BB2B3F57A7FA2BF0130A2F50B
:10BBF0007A731BB228602846AB8002B070BD00BFCC
:10BC00001CD20008024B00221A60024B1B68184726
:10BC1000001B002030D20008F8B50446174608463D
:10BC20001E467CB173B1084B00255B6A25609847BE
:10BC3000069B60602581A572E6602361E7726561FD
:10BC40002846F8BD0120FCE730D2000810B5034CAF
:10BC5000E3699847A36ABDE81040184730D200084E
:10BC600070B5064DEB69064698476B6A0446304648
:10BC70009847AB6A201ABDE87040184730D20008D8
:10BC8000054B1B680BB918467047834201D05B69AE
:10BC9000F8E70120704700BF001B00202DE9F341A9
:10BCA0000B4E336A044698470123B7692372D4F8D0
:10BCB00000800546B8472844804502D2B84728444A
:10BCC0002060B3682068019302B0BDE8F0411847D6
:10BCD00030D2000870B520B3EFF3108672B6124D63
:10BCE0002B680122827253B10022427298425C6931
:10BCF0000ED102723CB120462C60FFF7CFFF86F3D5
:10BD00001088002070BD094BDB6898472C60F6E76F
:10BD10001A465B69002BF2D09842F9D1436953610E
:10BD2000EDE70120EEE700BF001B002030D2000845
:10BD3000084B10B51A685369516911B950614161D6
:10BD400010BD046819688C4202D91A465B69F3E792
:10BD50001946F3E7001B0020044A13680BB10021C9
:10BD6000197243611060FFF799BF00BF001B0020EC
:10BD70002DE9F041044600282DD0FFF781FF50BB8C
:10BD8000657A45BBEFF3108872B6144E6768336A64
:10BD9000984787422CBF27602060114FA5724FF44F
:10BDA000807323813B684BB9336998472046FFF77E
:10BDB000D3FF88F310882846BDE8F081B36998471F
:10BDC000236818443B6820601B6898422046EED3E5
:10BDD000FFF7AEFFEDE70125EDE700BF30D2000829
:10BDE000001B002010B5044608467CB1084B5B6A76
:10BDF000984760602046FFF743FF40B12046FFF7B9
:10BE000069FF2046BDE81040FFF7B2BF012010BD1A
:10BE100030D200082DE9F041EFF3108772B61D4EC5
:10BE20001D4D736998473369044698472B684BB991
:10BE30004FF000082B688BB9286828BB87F310885F
:10BE4000BDE8F081011B241A1A688A428CBF1219BE
:10BE500000221A605B69002BF6D1E9E71C681CB16F
:10BE6000B36998478442E7D22C6863692B60A4F8D1
:10BE70000880D4E9033098476389B3F5807FD9D12E
:10BE80002046FFF775FFD5E7037A002BD6D1FFF7E1
:10BE900005FFD3E730D20008001B00202DE9F04F4A
:10BEA000002997B081461E4640F3118104464F1E7B
:10BEB0001378A4EB090023B90023237017B0BDE861
:10BEC000F08FB842F8DA252B05D004F8013B9046F4
:10BED00008F10102ECE792F801E0AEF1300102F165
:10BEE0000108AEF130034A424A41092B2BD84146A2
:10BEF00000250A20884611F8013BA3F1300CBCF163
:10BF0000090F1BD998F80030692B00F09E801DD8CE
:10BF1000632B29D0642B00F09880582B5AD0252B06
:10BF20001AD198F80030002B00F0938004F8013B00
:10BF3000A4EB0903BB4280F28A80C9E700FB05330A
:10BF4000A3F13005D6E74FF0FF35DBE7752B7ED048
:10BF5000782B41D0732B1CD0252304F8013BA4EB94
:10BF60000903BB4273DADCE7002D05F1FF3AD8BFC5
:10BF70004FF0000A52462046202100F0FFF9A2446B
:10BF8000002D56F8043B8AF80030D8BF01252C4418
:10BF90009EE7504B56F804BBBBF1000F08BF9B4611
:10BFA0005846F7F7EDF82A1A8542B8BF00228246B4
:10BFB00020212046019200F0E1F9019A0023224459
:10BFC000534502DB02EB0A0482E71BF80310D1544D
:10BFD0000133F5E742F040021021DFF8FCB0DFF852
:10BFE000FCA056F804CB12F0400F18BFDA46BEF1A1
:10BFF000300FCDF808A0A4EB09030CBF4FF0300AB6
:10C000004FF0200A9207A7EB03036046CDF80CA07F
:10C0100022D5002820DA4042013D4FF02D0C05AA20
:10C02000019200228246B0FBF1F001FB10AB0298B6
:10C0300010F80BB0019800F801BB5145019002F1D6
:10C040000102BAFBF1F0EDD910E042F002020A2140
:10C05000C3E708F1FF386BE7BCF1000F02D04FF0E7
:10C06000000CDCE730228DF814200122BEF1300FE5
:10C07000A5EB020504D02020002D05F1FF350ADCD8
:10C08000BCF1000F05D02D21013B04F8011B3FF44A
:10C090001FAF25440AE0013B04F8010BECD117E780
:10C0A000039904F8011B013B3FF412AF291B00293F
:10C0B000F6DC05A9114423442244A2423FF408AF10
:10C0C00011F8010D04F8010B9C42F6D100E70020A5
:10C0D000F4E600BF94D80008C0D800089BD8000838
:10C0E0000A22002100F07AB8242B2DE9F047864679
:10C0F000904601D8012B06D100F06CF9162303609D
:10C100000020BDE8F08734480D462A4615F8014B5B
:10C11000065D16F00806F8D12D2C2DD12C780126BD
:10C12000951C33F0100209D1302C2AD12A7802F064
:10C13000DF02582A25D16C781023023506F1004C15
:10C140000CF1FF3C0022BCFBF3F9104603FB19CABB
:10C15000A4F13007092F1BD83C46A34227DD571C0A
:10C1600007D0814520D301D1A2451DDB00FB034050
:10C17000012215F8014BEBE72B2C04BF2C78951C02
:10C18000CFE7002BDAD1302C0CBF08230A23D5E7E8
:10C19000A4F14107192F01D8373CDEE7A4F161076C
:10C1A000192F04D8573CD8E74FF0FF32E1E7531C72
:10C1B00008D12223CEF800306046B8F1000FA0D09D
:10C1C000691E06E006B14042B8F1000F99D0002A7E
:10C1D000F6D1C8F8001094E7E6D8000813460A46DE
:10C1E000014602480068FFF77FBF00BF3C00002007
:10C1F0002DE9F043344E86460D46284615F8014B8E
:10C20000375D17F00807F8D12D2C2FD12C78012796
:10C21000851C33F0100009D1302C2CD1287800F087
:10C22000DF00582827D16C78102302354FF0FF38F3
:10C230000026B8FBF3F803FB08F96FEA090930465A
:10C24000A4F1300CBCF1090F1CD86446A3422ADDCE
:10C25000B6F1FF3F07D0804522D301D1A1451FDBB6
:10C2600000FB0340012615F8014BE9E72B2C04BF26
:10C270002C78851CCDE7002BD8D1302C0CBF08239F
:10C280000A23D3E7A4F1410CBCF1190F01D8373CC4
:10C29000DCE7A4F1610CBCF1190F04D8573CD5E7D9
:10C2A0004FF0FF36DFE7731C06D12223CEF80030B3
:10C2B000304632B9BDE8F08307B14042002AF9D0D8
:10C2C00006B1691E1160F5E7E6D8000813460A4674
:10C2D000014602480068FFF78BBF00BF3C0000200A
:10C2E0000CB430B5174B0C1E1D689DB008DA8B23BB
:10C2F0002B604FF0FF301DB0BDE8304002B07047FA
:10C300004FF40273ADF8143014BF04F1FF33234629
:10C31000049307934FF6FF7302900690ADF8163022
:10C32000209A21AB02A92846019300F0E1F9431CB1
:10C33000BCBF8B232B60002CDDD0029B00221A7027
:10C34000D9E700BF3C000020884210B501EB020491
:10C3500002D98442234607D8431EA14208D011F8CF
:10C36000012B03F8012FF8E7024401468A4200D16D
:10C3700010BD13F8014D02F8014DF7E702440346E2
:10C38000934200D1704703F8011BF9E7C9B2034695
:10C39000184613F8012B12B18A42F9D170470029CF
:10C3A00018BF002070470A7870B56AB970BD9A420C
:10C3B00009D10C46054614F8013F002BF6D015F8BC
:10C3C000016F9E42F7D001300378002BEFD1184661
:10C3D000ECE70000014B1868704700BF3C000020EC
:10C3E00070B50D4D0D4C641BA4100026A64209D15A
:10C3F0000B4D0C4C00F04CFC641BA4100026A64214
:10C4000005D170BD55F8043B98470136EEE755F865
:10C41000043B98470136F2E724DA000824DA0008E2
:10C4200024DA000828DA0008704770470A4491426D
:10C4300000F1FF3300D1704710B511F8014B03F83C
:10C44000014F9142F9D110BD38B50546002941D0C0
:10C4500051F8043C0C1F002BB8BFE41800F0E0F8C2
:10C460001D4A136833B9636014602846BDE838403C
:10C4700000F0DCB8A34208D9206821188B4201BF24
:10C4800019685B6809182160EDE71A465B680BB113
:10C49000A342FAD911685018A0420BD12068014478
:10C4A000501883421160E0D118685B6853600844FB
:10C4B0001060DAE702D90C232B60D6E72068211838
:10C4C0008B4204BF19685B68636004BF0918216070
:10C4D0005460CAE738BD00BF481C002070B50F4E3D
:10C4E0000C463168054611B900F08CFB30602146DE
:10C4F000284600F087FB431C03D14FF0FF34204651
:10C5000070BDC41C24F00304A042F8D0211A2846B0
:10C5100000F078FB0130F2D1EFE700BF441C0020AF
:10C520002DE9F843CD1C25F0030508350C2D38BF47
:10C530000C25002D064601DBA94204D90C233360EB
:10C540000020BDE8F883DFF8D48000F069F8D8F85F
:10C5500000301C4644BB29463046FFF7BFFF431C52
:10C56000044658D1D8F800402746002F43D1002C6C
:10C570004BD023683946304604EB030900F042FBF8
:10C58000814542D121686D1A29463046FFF7A6FF42
:10C5900001303AD023682B442360D8F800305A6821
:10C5A00062BBC8F800700FE02268521B20D40B2A2F
:10C5B00017D96119A342256018BF5960636808BF85
:10C5C000C8F8001062514B60304600F02FF804F1BB
:10C5D0000B00231D20F00700C21A1CBF1B1AA3501A
:10C5E000AFE76268A3420CBFC8F800205A60EBE7CF
:10C5F00023466468AEE73C467F68B6E71A465B6848
:10C60000A342FBD100235360DEE70C2333603046A6
:10C6100000F00CF894E70560D6E700BF481C002046
:10C620000148FFF701BF00BF401C00200148FFF791
:10C63000FCBE00BF401C00202DE9F0478E681F465D
:10C64000BE420B6882460C4690462DD8B1F90C20AC
:10C6500012F4906F26D06569096905EB4505A3EBD7
:10C66000010905EBD5757B1C4B446D109D4238BF0D
:10C670001D46530527D52946FFF752FF064660B3EE
:10C6800021694A46FFF7D2FEA38923F4906343F061
:10C690008003A381266165614E44A5EB09052660F0
:10C6A000A5603E46BE4200D93E462068324641461D
:10C6B000FFF74AFEA3689B1BA360236833442360F3
:10C6C0000020BDE8F0872A4600F0ACFA06460028B4
:10C6D000E0D121695046FFF7B7FE0C23CAF80030BD
:10C6E000A38943F04003A3814FF0FF30E9E7000046
:10C6F0002DE9F04F98468B891B069DB007460D46E5
:10C70000144610D50B6973B94021FFF709FF286063
:10C71000286130B90C233B604FF0FF301DB0BDE8FD
:10C72000F08F40236B610023099320238DF829307B
:10C73000CDF80C803023DFF89C818DF82A304FF043
:10C74000010923469A4613F8012B0AB1252AF9D18B
:10C75000BAEB040B0BD05B46224629463846FFF75E
:10C760006BFF013000F0A780099A5A4409929AF8A9
:10C770000030002B00F09F8000234FF0FF32CDE906
:10C7800005230AF1010A049307938DF853301A9395
:10C790005446052214F8011B4E48F6F7F9FC049A9A
:10C7A000D8B9D00644BF20238DF85330110744BFB9
:10C7B0002B238DF853309AF800302A2B15D0079A86
:10C7C000544600204FF00A0C214611F8013B303B43
:10C7D000092B4BD9B0B1079214E0A0EB080309FA7A
:10C7E00003F313430493A246D2E7039B191D1B686E
:10C7F0000391002BBBBF5B4242F0020207930793F9
:10C80000B8BF049223782E2B0AD163782A2B32D119
:10C81000039B1A1D1B68039243EAE37302340593DA
:10C82000DFF8B4A0217803225046F6F7B1FC38B106
:10C83000049BA0EB0A00402282401343013404937E
:10C8400014F8011B25488DF828100622F6F7A0FCE5
:10C85000002836D0224B1BBB039B073323F0070372
:10C8600008330393099B334409936AE70CFB0232B4
:10C870000C460120A8E700230134059319464FF028
:10C880000A0C204610F8012B303A092A03D9002B54
:10C89000C6D00591C4E70CFB012104460123F0E753
:10C8A00003AB00932A460F4B04A93846AFF3008030
:10C8B000421C0646D6D1AB895B063FF52DAF0998E1
:10C8C0002CE703AB00932A46064B04A9384600F038
:10C8D00079F8EDE7E6D90008ECD90008F0D90008AE
:10C8E0000000000039C600082DE9F04716469846BA
:10C8F0008A680B69DDF820909342B8BF1346336015
:10C9000091F8432007460C460AB10133336023688F
:10C91000990642BF336802333360256815F0060577
:10C9200006D104F1190AE36832689B1AAB4226DC8F
:10C9300094F843302268003B18BF012392062BD4A1
:10C9400004F1430241463846C84701301ED02368EF
:10C95000226903F00603042B02BFE5683368ED1A71
:10C96000A3680CBF25EAE57500259342C4BF9B1A56
:10C97000ED1800261A34B5421AD1002008E0012330
:10C98000524641463846C847013003D14FF0FF3088
:10C99000BDE8F0870135C6E7E1185A1C302081F860
:10C9A0004300224494F8451082F843100233C7E74D
:10C9B0000123224641463846C8470130E6D00136B9
:10C9C000D9E700002DE9FF470F7E0C9E782F914696
:10C9D00080460C469A4601F1430207D8622F0AD8D6
:10C9E000002F00F0D280582F00F0B98004F14206E9
:10C9F00084F842703AE0A7F16303152BF6D801A141
:10CA000051F823F05DCA000871CA0008EDC900089A
:10CA1000EDC90008EDC90008EDC9000871CA000899
:10CA2000EDC90008EDC90008EDC90008EDC900080E
:10CA300071CB00089BCA00082BCB0008EDC9000889
:10CA4000EDC9000893CB0008EDC900089BCA000897
:10CA5000EDC90008EDC9000833CB000833681A1D82
:10CA60001B68326004F1420684F8423001239DE0E5
:10CA700033682068191D3160060601D51D6803E082
:10CA80004506FBD5B3F90050002D03DA2D236D4286
:10CA900084F8433059480A2311E0216833680806B6
:10CAA00053F8045B02D4490648BFADB26F2F534818
:10CAB000336014BF0A230823002184F843106668FA
:10CAC000A660002EA2BF216821F0040121600DB9EB
:10CAD000002E4BD01646B5FBF3F103FB1157C75D93
:10CAE00006F8017D2F46BB420D46F4D9082B0BD129
:10CAF0002368DF0708D5236961689942DEBF3023C8
:10CB000006F8013C06F1FF36921B2261CDF800A029
:10CB10004B4603AA21464046FFF7E6FE01304AD1C4
:10CB20004FF0FF3004B0BDE8F087236843F02003E6
:10CB300023603348782784F84570236831681F06DE
:10CB400051F8045B02D45F0648BFADB23160D9072B
:10CB500044BF43F0200323601DB11023ACE72748F6
:10CB6000E9E7236823F020032360F6E71646BDE7D4
:10CB7000336825686169181D30602E061B6801D571
:10CB8000196002E06806FBD5198000232361164670
:10CB9000BCE733681A1D32601E68626800213046A7
:10CBA000F6F7F6FA08B1801B606063682361002322
:10CBB00084F84330AAE72369324649464046D047C5
:10CBC0000130ADD023689B0713D4E068039B9842E3
:10CBD000B8BF1846A6E70123324649464046D0472B
:10CBE00001309DD00135E36803995B1AAB42F2DC5A
:10CBF000EBE7002504F11906F5E700BFF7D90008B7
:10CC000008DA000838B5064D0023044608462B60B4
:10CC1000F8F712FA431C02D12B6803B1236038BD28
:10CC20003C1C00202DE9F041804615460C4621B9F8
:10CC3000BDE8F0411146FFF773BC2AB9FFF704FCC9
:10CC400000242046BDE8F08100F01AF8854206462F
:10CC500002D8B5EB500FF4D829464046FFF760FCE8
:10CC600007460028ECD0B5422A46214628BF324666
:10CC7000FFF7DCFB21464046FFF7E6FB3C46E0E7DA
:10CC800051F8043C181F002BBCBF0B58C01870474C
:10CC9000F8B500BFF8BC08BC9E467047F8B500BFA9
:10CCA000F8BC08BC9E467047000000000100000070
:10CCB00002000000C194C10000000000B227000083
:10CCC0000000000000000000000000000000000064
:10CCD00000000000004572726F72004F54413D0029
:10CCE00041542B444556494E464F00444556494E03
:10CCF000464F3D4C4F52412C4E4F44452C525334DD
:10CD000038352C56312E332E302C56312E322E32D1
:10CD10002C25642C25640A00545854494D453D2562
:10CD2000640A0041542B455241534500455241533A
:10CD3000453D4F4B0A0045524153453D4572726F88
:10CD4000720A0041542B52455345540052455345F5
:10CD5000543D4F4B0A0041542B545854494D453DC6
:10CD600000545854494D453D4572726F720A004156
:10CD7000542B545854494D450041542B55504C495F
:10CD80004E4B494E543D0055504C494E4B494E5424
:10CD90003D25640A0055504C494E4B494E543D4583
:10CDA00072726F720A0041542B55504C494E4B49D8
:10CDB0004E540041542B43483D0043483D25640AEE
:10CDC0000043483D4572726F720A0041542B43483C
:10CDD0000041542B454E434B45593D00454E434B76
:10CDE00045593D25640A00454E434B45593D457222
:10CDF000726F720A0041542B454E434B4559004116
:10CE0000542B42414E443D0042414E443D457272D6
:10CE10006F720A0042414E443D25640A0041542B82
:10CE2000434C4153533D00434C4153533D25630A0A
:10CE300000434C4153533D4572726F720A00415496
:10CE40002B434C4153530041542B4D5347494E46BD
:10CE50004F3D004D5347494E464F3D25642C2564B8
:10CE60002C25640A0041542B4D5347494E464F0030
:10CE700041542B505752454E423D00505752454E5B
:10CE8000423D25642C25640A0041542B53463D0045
:10CE900053463D25640A0041542B53460041542B10
:10CEA000534C5649443D00534C5649443D25640A71
:10CEB0000041542B534C5649440041542B50575277
:10CEC000454E420041542B424155443D004241559C
:10CED000443D25642C25640A00424155443D457279
:10CEE000726F720A0041542B424155440041542B49
:10CEF0004C52530042414E443D25730A00415400B8
:10CF000041533932330041553931350045553836B2
:10CF10003800494E38363500555339313500000058
:10CF200000CF000806CF00080CCF000812CF000881
:10CF300018CF000800C0C101C30302C2C60607C75C
:10CF400005C5C404CC0C0DCD0FCFCE0E0ACACB0B39
:10CF5000C90908C8D81819D91BDBDA1A1EDEDF1F69
:10CF6000DD1D1CDC14D4D515D71716D6D21213D359
:10CF700011D1D010F03031F133F3F23236F6F73709
:10CF8000F53534F43CFCFD3DFF3F3EFEFA3A3BFBF9
:10CF900039F9F83828E8E929EB2B2AEAEE2E2FEFA9
:10CFA0002DEDEC2CE42425E527E7E62622E2E32319
:10CFB000E12120E0A06061A163A3A26266A6A76749
:10CFC000A56564A46CACAD6DAF6F6EAEAA6A6BABB9
:10CFD00069A9A86878B8B979BB7B7ABABE7E7FBFE9
:10CFE0007DBDBC7CB47475B577B7B67672B2B373D9
:10CFF000B17170B050909151935352929656579789
:10D00000559594549C5C5D9D5F9F9E5E5A9A9B5B78
:10D0100099595898884849894B8B8A4A4E8E8F4F28
:10D020008D4D4C8C44848545874746868242438398
:10D030004181804000C1814001C0804101C08041E8
:10D0400000C1814001C0804100C1814000C18140D8
:10D0500001C0804101C0804100C1814000C18140C8
:10D0600001C0804100C1814001C0804101C08041B8
:10D0700000C1814001C0804100C1814000C18140A8
:10D0800001C0804100C1814001C0804101C0804198
:10D0900000C1814000C1814001C0804101C0804188
:10D0A00000C1814001C0804100C1814000C1814078
:10D0B00001C0804101C0804100C1814000C1814068
:10D0C00001C0804100C1814001C0804101C0804158
:10D0D00000C1814000C1814001C0804101C0804148
:10D0E00000C1814001C0804100C1814000C1814038
:10D0F00001C0804100C1814001C0804101C0804128
:10D1000000C1814001C0804100C1814000C1814017
:10D1100001C0804101C0804100C1814000C1814007
:10D1200001C0804100C1814001C0804101C08041F7
:10D1300000C181402B4F54413A4641494C2C535930
:10D140004E5441580D0A002B4F54413A4641494C28
:10D150002C53495A450D0A002B4F54413A46414938
:10D160004C2C45524153450D0A002B4F54413A5225
:10D17000454144590D0A002B4F54413A4641494C10
:10D180002C54494D454F55540D0A002B4F54413AEC
:10D190004641494C2C57524954450D0A002B4F54D7
:10D1A000413A41434B2C25750D0A0041542B4F54F5
:10D1B0004141424F5254002B4F54413A41424F5249
:10D1C0005445440D0A002B4F54413A4641494C2CDA
:10D1D0004352430D0A002B4F54413A4641494C2CCF
:10D1E0004D4554410D0A002B4F54413A4F4B0D0A07
:10D1F00000286E6F6E6529005B4E0008494E0008DE
:10D200002D4E00084D4E0008294E00086D4E0008B6
:10D21000256473253033643A000000001D51000876
:10D22000BD5100082D510008C95100088D5100085A
:10D23000D5510008000000003D510008F5500008DD
:10D24000C150000879500008D1500008E55000088E
:10D2500085500008895000089D500008815500083D
:10D26000A95500082D550008195500084C6F52614A
:10D270002054782E2E2E0A0D004F6E527845727271
:10D280006F720A0D004F6E547854696D656F757436
:10D290000A0D004D414320494420202020203A20FF
:10D2A000253032583A253032583A253032583A250E
:10D2B0003032583A253032583A253032583A2530F3
:10D2C00032583A253032580A0D0041434B202D3E4A
:10D2D000206E6F6465202564202852535349202511
:10D2E000642C20534E52202564290A0D004C6F52A5
:10D2F0006120435243204661696C203A2052783DB8
:10D300003078253034582043613D3078253034580A
:10D310000A004C6F526120527820534C4156455FB1
:10D320004944203A20307825303258202026205495
:10D33000595045203A203078253032580D0A004D9A
:10D340006F646275732044617461202825752062C2
:10D3500079746573293A20002530325820004E6FC9
:10D360006465202564206E6F74206F6E2063686191
:10D370006E6E656C202564202D2069676E6F726566
:10D38000640A005570646174656420257520416EDF
:10D39000616C6F672072656769737465727320666C
:10D3A000726F6D204C6F52610A0053656E736F721D
:10D3B0002044617461202825752062797465732981
:10D3C0003A2000556E6B6E6F776E204E6F64654924
:10D3D0004420256420E280932069676E6F72656443
:10D3E0000A00446F6F722044617461202825752003
:10D3F0006279746573293A2000556E6B6E6F776E93
:10D40000207061796C6F6164494420307825303236
:10D41000580A004C4F5261205278204572726F7248
:10D42000210A0D004C4F52612054782054696D65DB
:10D430006F7574210A0D0020286F66666C696E6531
:10D4400020646574656374696F6E204F46462900D9
:10D4500055504C494E4B494E5420203A20256420CB
:10D4600053656325730A0D000A0D23232323204DE2
:10D4700061636E6D616E205253343835204761749C
:10D480006577617920232323230A0D002D2D2D2D6F
:10D490002D2D2D2D2D2D2D2D2D2D2D0A0D004150F5
:10D4A000504C49434154494F4E5F56455253494FA2
:10D4B0004E3A205625582E25582E25580D0A004D37
:10D4C000575F524144494F5F56455253494F4E3A78
:10D4D000202020205625582E25582E25580D0A008C
:10D4E0004C4F524120434F4E4649470A0D00465289
:10D4F0004551202020202020203A20256420487AF1
:10D500000A0D0042414E44574944544820203A20D5
:10D510002564206B487A0A0D005350524541444916
:10D520004E4720203A20534625640A0D00454E43BD
:10D530005F4B4559202020203A2025640A0D0072B7
:10D54000616E643D25640A0D0000000000EA0637A4
:10D5500040F7093780040D37C0111037001F13370B
:10D56000402C163780391937C0461C3700D88C3606
:10D5700040E58F3680F29236C0FF9536000D993621
:10D58000401A9C3680279F36C034A2364889BE3365
:10D59000D859C233682AC633F8FAC93388CBCD3399
:10D5A000189CD133A86CD533383DD93388C2903319
:10D5B00018939433A863983338349C33C804A03349
:10D5C00058D5A333E8A5A7337876AB336001C835C7
:10D5D000A00ECB35E01BCE352029D1356036D435B1
:10D5E000A043D735E050DA35205EDD35A086010056
:10D5F000400D0300801A060000350C0040420F0069
:10D6000080841E0000093D0000127A000024F4000E
:10D6100000366E010048E801006CDC0200000000EA
:10D6200000000000000000000000000000000000FA
:10D6300000000000000000000000000001000000E9
:10D6400002000000030000000400000001000000D0
:10D6500003000000050000000100000001000000C0
:10D66000060000000A000000200000000200000088
:10D67000040000000800000010000000400000004E
:10D680008000000000010000000200000100020014
:10D690000400060008000A000C00100020004000F2
:10D6A00080000001080402040801010101010103D6
:10D6B00007010000526164696F53656E64204F7604
:10D6C000657273697A650D0A004952515F52585F5D
:10D6D00054585F54494D454F55540D0A005052451A
:10D6E000204F4B0D0A0053594E43204F4B0D0A005B
:10D6F000484452204F4B0D0A00484452204B4F0DD6
:10D700000A004952515F4352435F4552524F520DF6
:10D710000A00020100030000841E0000093D000011
:10D72000127A000024F4000048E8010090D00300C1
:10D7300020A1070000000000B12800006151000096
:10D74000C3A2000004050600019B0008D19900084F
:10D75000FD9B00084D9A000815A50008E99A0008ED
:10D7600041A20008B9A00008D398000845A7000806
:10D7700091A50008D59A0008C9990008799A00086F
:10D78000519A0008099A0008FF9900080D990008AD
:10D7900009990008FB990008F7990008959B000873
:10D7A000C19B0008ED99000861A800086D99000868
:10D7B0003599000831A8000811990008C19E000899
:10D7C000499C000869B600086FB600080199000876
:10D7D00005990008C01200001F000000A8160000F4
:10D7E00017000000841C00000F000000E42500006A
:10D7F0001E000000B42D00001600000008390000D3
:10D800000E0000002C4C00001D000000685B0000B2
:10D8100015000000747200000D0000005898000010
:10D820001C00000034B7000014000000E8E4000011
:10D830000C000000783101001B000000686E010040
:10D840001300000034CA01000B000000286202002F
:10D850001A00000040DB0200120000003C930300AD
:10D860000A000000C0C204001900000060B30500F7
:10D8700011000000382007000900000020A1070067
:10D880000000000004030202010101010000000089
:10D89000000000003C4E554C4C3E003031323334D9
:10D8A00035363738396162636465666768696A6B03
:10D8B0006C6D6E6F707172737475767778797A00AB
:10D8C00030313233343536373839414243444546B6
:10D8D0004748494A4B4C4D4E4F5051525354555660
:10D8E0005758595A0000202020202020202020288E
:10D8F0002828282820202020202020202020202008
:10D90000202020202020881010101010101010103F
:10D91000101010101010040404040404040404047F
:10D9200010101010101010414141414141010101FE
:10D9300001010101010101010101010101010101D7
:10D9400001101010101010424242424242020202E4
:10D9500002020202020202020202020202020202A7
:10D960000210101010200000000000000000000055
:10D9700000000000000000000000000000000000A7
:10D980000000000000000000000000000000000097
:10D990000000000000000000000000000000000087
:10D9A0000000000000000000000000000000000077
:10D9B0000000000000000000000000000000000067
:10D9C0000000000000000000000000000000000057
:10D9D0000000000000000000000000000000000047
:10D9E000000000000000232D302B2000686C4C004C
:10D9F000656667454647003031323334353637384F
:10DA000039414243444546003031323334353637AC
:10DA10003839616263646566000000006457FF7F07
:10DA200001000000653100084131000801000100DB
:10DA30000000802500000000000000000000000041
:10DA4000F1D10008010C000040DA8E330100CDABAB
:10DA500000093D000100000010000000FF00000070
:10DA6000FFFFFFFFFFFFFFFF40000020000000005E
:10DA7000041B00206C1B0020D41B002000000000B1
:10DA80000000000000000000000000000000000096
:10DA90000000000000000000000000000000000086
:10DAA0000000000000000000000000000000000076
:08DAB00000000000000000006E
:00000001FF
