:020000021000EC
:1090000000600020A59301005D9301005F930100C3
:10901000619301006393010065930100000000006B
:109020000000000000000000000000006793010045
:1090300069930100000000006B9301006D93010033
:10904000BDC501006F93010091C701006F9301003E
:109050006F9301000000000045C601006F930100FE
:109060006F9301006F9301006F9301006F930100F4
:109070006F9301006F9301006F9301006F930100E4
:109080006F9301007DA801006F9301006F930100B1
:109090006F9301006F930100E1FD01006F930100E8
:1090A0006F9301006F9301000000000000000000BA
:1090B0006F9301006F9301000000000000000000AA
:1090C00000000000000000000000000000000000A0
:1090D0000000000000000000000000000000000090
:1090E0000000000000000000000000000000000080
:1090F0000000000000000000000000000000000070
:10910000000000000000000000000000000000005F
:10911000000000000000000000000000000000004F
:10912000000000000000000000000000000000003F
:10913000000000000000000000000000000000002F
:10914000000000000000000000000000000000001F
:10915000000000000000000000000000000000000F
:1091600000000000000000000000000000000000FF
:1091700000000000000000000000000000000000EF
:1091800000000000000000000000000000000000DF
:1091900000000000000000000000000000000000CF
:1091A00000000000000000000000000000000000BF
:1091B00000000000000000000000000000000000AF
:1091C000000000000000000000000000000000009F
:1091D000000000000000000000000000000000008F
:1091E000000000000000000000000000000000007F
:1091F000000000000000000000000000000000006F
:10920000354936480A1A02D0072291438D4634491F
:1092100034480A1A06D00722914381F309880222B2
:1092200082F3148830483149314A00F044F831481B
:109230003149324A00F03FF831483249324A00F0B1
:109240003AF832483249334A00F035F83248334967
:10925000334A00F030F833483349344A00F02BF8F1
:1092600033483449344A00F026F83448344900225F
:1092700000F02CF833483449002200F027F8334836
:109280003349091A082902DB002202604160314A91
:1092900090471F481F49884205D00268043003B434
:1092A000904703BCF7E700208646EC4600200021EB
:1092B000294A9047FEE7884207D0521A05D0037822
:1092C00001300B700131013AF9D17047884202D068
:1092D00002700130FAE7704700600020005800205B
:1092E00000600020006000202C1D0200F022002001
:1092F000F0230020EC930100EC93010050040200E5
:109300002C1D0200F0220020F0220020A405020003
:10931000A4050200A4050200A4050200A4050200A1
:10932000A4050200A4050200A40502002C1D0200F1
:109330002C1E0200F0230020F0230020F023002048
:10934000A83D0020A83D0020A83D0020A83D002009
:10935000A8450020BB93010079E40100FEE7FEE789
:10936000FEE7FEE7FEE7FEE7FEE7FEE7FEE7FEE7D5
:1093700009480068094909680A280AD1002908D162
:10938000074802686FF070031A404FF040031A4319
:10939000026000F009B80000300100103401001034
:1093A000E40E0040FFF7E4BF0B484FF0070188438D
:1093B00085460A488047FFF723BF094809490A4AFA
:1093C000884207D0521A05D0037801300B70013162
:1093D000013AF9D1704700000060002081C001000F
:0C93E0007C050200C8220020F0220020C2
:1093EC007047000007B5044B0093044A402300F07B
:1093FC0032F803B05DF804FB0D940100F12300205A
:10940C002DE9F84388461446B2B10F4B0F4E032595
:10941C00002743F00109224608EB0701002005F064
:10942C0011FA0744241A48B933782BB14FF47A4017
:10943C00C847013D02D13570BDE8F8830123337074
:10944C00002CE8D1F8E700BFB0050200F0230020A3
:10945C00704705F027BAF0B595B01D46164608467C
:10946C000C4601F0E5FD1A9B0D93CDE9086500252E
:10947C002B46082205A920460A958DF82C500C95F0
:10948C0001F0F2FD079B0293069B03939DF81430A9
:10949C008DF8115003F00302012A1DD1BDF81420E0
:1094AC00059DC3F3C203C2F383168DF81030B200CE
:1094BC0008230EA9204601F0D7FDC5F3952508AB6E
:1094CC000093324602AB0EA9284600F037FB20462B
:1094DC0001F0B2FD15B0F0BD022AF8D1BDF816505E
:1094EC00C3F3C203C5F389158DF810300827082D76
:1094FC002E4628BF08263B4632460EA9204601F0D0
:10950C00B3FDAD1B08AB02AA31460EA8374400F0E0
:10951C0079FB002DEBD1DAE708B5FFF79AFF044889
:10952C00042100F07BFA034B01225A7108BD00BFE5
:10953C006C050200F02200200378024613F00400B0
:10954C0006D003F00300012803D0022809D0012023
:10955C0070470B6812880233C2F3831213440B60FA
:10956C0070470B685288023303EB92130B60EEE7E3
:10957C002DE9F04FDFF81CA187B00F4600230446FD
:10958C00861C0DF1070015468DF8073001F004F824
:10959C00DAF804203A60DAF8083003F580739B1A85
:1095AC000AF21C470AF583690AF21448B3421AD32B
:1095BC000020002D69D004F00F039B0143F005033C
:1095CC0063F30F00DAF80430DAB2033233444AF8AA
:1095DC0022009DF80700CAF8043001F001F80120C0
:1095EC0007B0BDE8F08F0121384601F04CFA48462F
:1095FC0001F064FA404601F061FADAF808000290D2
:10960C00C0B203300AEB800002A9FFF795FF029B62
:10961C0030BBDAB20AEB8202D16803919A1C013397
:10962C00DBB20AEB83030292D3F80CB001F0030314
:10963C00012B22D0022B15D08346404601F041FA73
:10964C0010B1029BCAF808305946384601F01BFA93
:10965C00DAF80830DAF8042003F580739B1AA5E7D2
:10966C00D8B2CEE7BDF80E30C3F3891303334FEAFB
:10967C001B4B02EB93030293DFE7BDF80C30C3F3F3
:10968C0083134FEA1B4B1344F5E7A40544F0060083
:10969C0098E700BF04250020064B074810B50022B0
:1096AC001A7001F07EFC044610B9044801F0FCFC71
:1096BC00204610BD04250020C8040200EC05020061
:1096CC0030B50A4C71B10A4A0A49121BD208002360
:1096DC009A4201D1002030BD31F82350854202D08E
:1096EC000133F5E7034654F83300F4E7DC040200D9
:1096FC006C050200F0220020094B013903EBC0007D
:10970C00032909D8DFE801F00A0204060420704797
:10971C0000797047407970470020704702207047ED
:10972C00DC04020070470000034BD3E90130C31A7C
:10973C0058425841704700BF042500202DE9F041E4
:10974C0086B0FFF7F1FF0546002840F0ED80774C1E
:10975C00C4F81804BFF34F8FA3680293DBB2033332
:10976C0004EB830002A9FFF7E7FE029B18B1D4F8C3
:10977C001824002A5AD0DAB2991C013304EB820265
:10978C00DBB204EB8303D268DB68049302F00303BF
:10979C00022B0392029154D1BDF80E306448C3F3EE
:1097AC008917502F3E4628BF502606F1080166F354
:1097BC008F13C1F30901ADF80E3001F00AFC054618
:1097CC00002800F09C8001F033FC0023082203A940
:1097DC00284601F03FFC0299CB43DBB20133C9B2FE
:1097EC000331B6EB830F4FEA830204EB810125D9D9
:1097FC005FFA82F80823A6EB0806284601F02AFC3B
:10980C00F6B208F108034B4903F0FC033246284634
:10981C0001F020FC029B033703EB97070297D4F867
:10982C001834002B43D1D4F8106453E062689A4288
:10983C0094D8A260284606B0BDE8F08108233246D1
:10984C00E5E7012B5BD1BDF80C303948C3F383112C
:10985C00062928BF062161F38913023101F00F019B
:10986C008900ADF80C3001F0B4FB0546002846D059
:10987C0001F0DEFB0023082203A9284601F0EAFBD5
:10988C000026BDF80C20C2F38312B300964203F1FC
:10989C000803C4D202994A1CC9B20331029204EBE8
:1098AC0081010422284601F0D5FB0136E9E7284660
:1098BC0001F0C2FBFFF738FF80F00105EDB2B9E70C
:1098CC00F3685B7923B1336829461B6830469847A7
:1098DC00F3681E68002EF3D1284601F0ADFB0DF1A4
:1098EC0007008DF8076000F057FED4F818340BB958
:1098FC00029BA3609DF8070000F072FEDAE7D4F833
:10990C00104454B90C4B0D480D49C01AC008000442
:10991C0040F0020000F05EF8CCE7236820469B681C
:10992C009847E3681C68ECE7002583E704250020D2
:10993C00C804020010250020DC040200040502000B
:10994C00D40502002DE9F34704460E46924601A9C0
:10995C00012218469946FFF70BFE1C4F10B3019DD0
:10996C004FF00008AA1CC84508EB020125D1184885
:10997C00002101F04DF880F31000000440EA14407F
:10998C00E4006B1C04F03804DBB2EDB244F00104CB
:10999C0007EB8303033544EA881444EA8624D86031
:1099AC0047F825403B781BB1FFF7C8FE0028FBD1D8
:1099BC00FFF7B8FE02B0BDE8F087C9B207EB810132
:1099CC005AF82830CB6008F10108CCE704250020B8
:1099DC002029002000231A46FFF7B4BF07B5012346
:1099EC00019201AAFFF7AEFF03B05DF804FB07B5C7
:1099FC00CDE9002302236A46FFF7A4FF03B05DF80C
:109A0C0004FB1FB5CDE90123069B039301AA032395
:109A1C00FFF798FF05B05DF804FB000030B50F4C64
:109A2C00D4F8102403460020114631B9D9680871C6
:109A3C004AB9C4F810340A6030BDC9680D79854242
:109A4C0006D00968F1E7D26814680C601360F3E77C
:109A5C0001300A28E8D14FF0FF30EDE70425002053
:109A6C0038B5084B0125D3F810441D7004B938BD26
:109A7C00E3685D71236820465B689847E3681C685F
:109A8C00F4E700BF04250020C38873B504460D46D7
:109A9C0033B1144A00921449144A284601F074F860
:109AAC00217A05291CD0637A4BB1A088FFF724FEDC
:109ABC000F4B104953F82020284601F065F8227A04
:109ACC000D4BA08853F822600021FFF7F9FD0B49DC
:109ADC0003463246284602B0BDE8704001F054B847
:109AEC0002B070BD1806020000060200F805020064
:109AFC00840602001D060200A806020020060200D1
:109B0C0010B5037A052B0C460FD0437A23B1084AC3
:109B1C000849204601F038F80749204601F034F88E
:109B2C002046BDE8104001F024B8002AF8D0F3E735
:109B3C00180602001D060200461502002DE9F0432E
:109B4C0085B01F460C9D002395F80C902B73064690
:109B5C000C46904629463846FFF796FFB8F1060F9B
:109B6C0009D8DFE808F00412181F283340003146EA
:109B7C00284601F009F8002229463846FFF7C0FFB5
:109B8C0085F80C9005B0BDE8F08322683146284674
:109B9C0000F0FAFFEFE7D4E900233146284600F045
:109BAC00F3FFE8E7A36800933146D4E90023284685
:109BBC0000F0EAFFDFE7E3680193A3680093314606
:109BCC00D4E90023284600F0DFFFD4E72369029391
:109BDC00E3680193A36800933146D4E90023284637
:109BEC0000F0D2FFC7E76369039323690293E3682C
:109BFC000193A36800933146D4E90023284600F072
:109C0C00C3FFB8E708292DE9F74F80460E461746E3
:109C1C001C463DD800251B7B25732146104601931D
:109C2C00FFF732FFDFF888A0DFF888B0AE4232D9F8
:109C3C0018F805205946204600F0A6FF0135082DDE
:109C4C00F4D11D49DFF874A0DFF874B0204600F0A1
:109C5C009BFF4FF000094E4524D918F809507E2D72
:109C6C001ED8284606F0D2FA002814BF2A462E2207
:109C7C005946204600F088FF09F10109B9F1080F97
:109C8C00E9D1012221463846FFF73AFF019B2373A5
:109C9C0003B0BDE8F08F5146204600F075FFCDE7CC
:109CAC002E22E5E75146204600F06EFFE4E700BFA8
:109CBC00300602002A0602003406020032060200B8
:109CCC00360602001FB50021039001AA44F20100E0
:109CDC00CDE9011100F004F805B05DF804FB0000BB
:109CEC0038B572B6FFF7BCFEFFF728FD0028FBD194
:109CFC00104B114C114D1249E41AE408240444F0A1
:109D0C000100FFF767FED5F8F030DB0700D500BE89
:109D1C000C4944F00200FFF75DFEBFF34F8FEA6879
:109D2C00094B02F4E0621343EB60BFF34F8F00BFAB
:109D3C00FDE700BFDC0402000405020000ED00E0BA
:109D4C00C7060200D30602000400FA0510B503464C
:109D5C0049B152B1541E14EA020006D19860196040
:109D6C009C80D86010BD0E20FCE70920FAE710B5E6
:109D7C008468C2688388121B934208D3C26813405C
:109D8C000268D154C3680133C360002010BD0420A5
:109D9C00FCE78268C3689A420AD0826883881340C1
:109DAC000268D35C0B7083680133836000207047BA
:109DBC00052070474B1C30B5DB00044612F0030045
:109DCC009BB20DD1074D2A601A44074B1A60074B02
:109DDC001870074B1870074B1C80074B198030BD4F
:109DEC000720FCE7C4290020C0290020BC29002042
:109DFC00CC290020C8290020CA2900202DE9F743CE
:109E0C00DFF8A880B8F800308B4206460D4617469E
:109E1C0047D300240DF107008DF8074000F0BCFB80
:109E2C00234B244A24481B78008892F800C08445B0
:109E3C005FFA8CF138BF4C1CDBB238BFE4B2A342E2
:109E4C0028D014781178CBB2884286BF0133DBB2AC
:109E5C00002313709DF8070000F0C2FB4FF6FF7350
:109E6C009C4220D0154B1B6843F8347003EBC4099B
:109E7C009EB195B1124BB8F800001B682A463146CA
:109E8C0004FB003006F008FAA9F80450002003B0D7
:109E9C00BDE8F0834FF6FF74DCE70020A9F804005E
:109EAC00F5E70920F3E70420F1E700BFC8290020FB
:109EBC00CC290020BC290020CA290020C42900205C
:109ECC00C029002070B5104C104D22782B789A4286
:109EDC0000D170BD0E480F4A2378126806880E48D0
:109EEC0002EBC301006852F83320898803FB06009B
:109EFC0090470A4922780988D3B2914286BF013330
:109F0C00DBB200232370E0E7CC290020BC29002021
:109F1C00C8290020C4290020C0290020CA290020FB
:109F2C0010B5D0E90243D1E90202A04272EB03035F
:109F3C002CBF0120002010BD08B50A4800F081FCA0
:109F4C00094AD2E90031C018084BD3E9002341F18A
:109F5C000001904271EB030303D210F1807041F1C8
:109F6C00000108BDF8220020D8290020502A00202A
:109F7C0037B505460C460A4801A900F0B8FC60B19B
:109F8C000570446001A9064800F0DBFC18B10548D7
:109F9C0000F05CFC002003B030BD0420FBE700BFE8
:109FAC003C2A0020F8220020294B73B51E78044669
:109FBC001EB90026304602B070BD0028F9D0FFF75C
:109FCC00BBFFD4E902239042994139D300230DF110
:109FDC0007008DF8073000F0DFFA23692BB94FF03A
:109FEC00FF324FF0FF33C4E902239DF8070000F065
:109FFC00F7FAD4E90530984700250DF107008DF8E4
:10A00C00075000F0C9FA2369C3B1D4E90212B2F1C6
:10A01C00FF3F08BFB1F1FF3F05D05B1842F10002D2
:10A02C00C4E9023235469DF8070000F0D9FA002D3C
:10A03C00BFD00848214601F056F8BBE71D46F2E7B1
:10A04C00B3F1FF3F08BFB2F1FF3FB2D0F1E700BF61
:10A05C00E0290020F006020013B5114B11491868D5
:10A06C00019008231048582200F00CFC044698B9C3
:10A07C000E4A0F4801A900F0D5FA044660B90C4805
:10A08C00012100F0C1FB01230A4A0948194600F0DE
:10A09C0023FB094B01221A70204602B010BD00BFF1
:10A0AC00EA060200E42900203C2A0020A5A10100B8
:10A0BC00F8220020FFFF7F00E029002030B56AB1B4
:10A0CC0003684FF0FF344FF0FF355A614A1E51427E
:10A0DC00C3E9024551411961002030BD0720FCE75E
:10A0EC00F7B5044600250DF1070017460E468DF80E
:10A0FC00075000F051FAD4E90223B3F1FF3F08BF37
:10A10C00B2F1FF3F07D1FFF717FF301841F1000103
:10A11C00C4E9020101259DF8070000F061FA55B170
:10A12C002369A76103B126612146002003B0BDE875
:10A13C00F040FFF71DBF284603B0F0BD37B505460C
:10A14C0000240DF107008DF8074000F025FAD5E941
:10A15C000223B3F1FF3F08BFB2F1FF3F06D04FF02F
:10A16C00FF324FF0FF33C5E9022301249DF80700AD
:10A17C0000F036FA34B12946012003B0BDE8304076
:10A18C00FFF7F6BE204603B030BD0000014800F0DA
:10A19C0058BB00BFF82200202DE9F743064600F01B
:10A1AC003BFB40B1634AD2E9003113F1807341F1BA
:10A1BC000001C2E900310021304600F03CFB38B10F
:10A1CC005D4C236823B12068FFF7EEFE002323606B
:10A1DC000121304600F02FFB20B1FFF7ADFE574BAD
:10A1EC00C3E900015648544F01A900F0BAFB4FF0E7
:10A1FC00FF344FF0FF35A0B9DFF848814E4D404693
:10A20C0000F087FF002800F08680D0E90223B3F12C
:10A21C00FF3F08BFB2F1FF3F33D1404600F073FF60
:10A22C00EDE70378012B21D0022B09D1DFF8148143
:10A23C00404600F068FF002877D0C0E90245F7E7F8
:10A24C005BB94168D1E90223B3F1FF3F08BFB2F11A
:10A25C00FF3F02D03B4800F046FF01A9384800F010
:10A26C00ABFB01A9364800F07CFBC4E741683B68B6
:10A27C00994202D100233B60EFE7324800F04CFFDB
:10A28C00EBE7296891B12968D1E9020182428B413F
:10A29C002FD22B68D3E90223B3F1FF3F08BFB2F1F1
:10A2AC00FF3F03D02968404600F01DFF404600F0F8
:10A2BC002AFFD0E902490746FFF73EFE201A69EB58
:10A2CC000109012879F1000318DBB0F5350F13D320
:10A2DC00FFF75CFF1C4A02441C484FF49603002114
:10A2EC0000F01AFA90B92B6813B9304600F0ECF96B
:10A2FC002F6003B0BDE8F0832246EDE71348002140
:10A30C0000F08FFA3846FFF74FFE01E00D28F9D028
:10A31C0000232B6073E7084B1B68002BE9D13046F8
:10A32C0003B0BDE8F04300F0D3B9094B01221A7019
:10A33C0093E700BFD8290020582A0020502A00207B
:10A34C003C2A0020F0060200FFFFB400F822002097
:10A35C00E02900200648074A03780749D35C01220C
:10A36C0013B1043002F074BF0C3002F0A7BC00BF74
:10A37C0000230020CC2C0020842A00200648074A09
:10A38C0003780749D35C012213B1043002F012BFE9
:10A39C000C3002F043BC00BF00230020CC2C00206A
:10A3AC00852A002037B50578012D0DD0022D30D02F
:10A3BC0075B91F491F48FFF7ECFC002834D103B0D6
:10A3CC00BDE83040FFF7DABF037A1BB9FFF7C2FFD5
:10A3DC0003B030BD4368184C19782046FFF7C7FC12
:10A3EC0080B18DF800500190144B68461B6898475B
:10A3FC00A168E368A2885B1A9A42E7D2104B01224B
:10A40C001A70E5E7A268E3689A42F1D08DF8000073
:10A41C00EAE7C3688DF800500193FFF79BFF074BE9
:10A42C0068461B689847D3E703238DF80030F6E79E
:10A43C00852A0020742A0020602A00205C2A002033
:10A44C00702A0020F0B51F46234B89B004461A60D1
:10A45C000D4600293DD08A8820480968FFF776FC14
:10A46C00002834D1AA89A9681D48FFF76FFC002881
:10A47C002DD11C4E0FCE6D460FC596E80F0085E80A
:10A48C000F0063690693237C174A18488DF81C70DB
:10A49C00003B18BF01238DF81430637C002B14BFD4
:10A4AC000E2300238DF81530E3680293A368039301
:10A4BC002368019369466368009302F089FF30B901
:10A4CC000B4B18702368013301D0FFF743FF09B021
:10A4DC00F0BD0720FBE700BF5C2A0020602A0020AB
:10A4EC00742A0020FC060200B1A301000023002006
:10A4FC00702A002070B5084D014608482E78FFF7E9
:10A50C0048FC044636B100232B70FFF723FF08B13B
:10A51C00FFF7D8FB204670BD702A0020602A00206F
:10A52C0010B501460E48FFF722FC0446A8B90D48A9
:10A53C000D4A0378D35C63B1043002F02FFE60B98E
:10A54C000A490748FFF725FC38B9BDE81040FFF76A
:10A55C0015BF0C3002F056FBF1E7204610BD00BFD2
:10A56C00742A002000230020CC2C0020852A0020F7
:10A57C0008B50748074A0378D35C23B1043002F0CE
:10A58C007DFD002008BD0C3002F0D2FAF9E700BFC7
:10A59C0000230020CC2C002070B5EFF3108672B68F
:10A5AC000C4A946801239CB993600B4B0B4DD3F868
:10A5BC00801029401160C3F88050D3F8841051608A
:10A5CC004FF0FF32C3F88420047006B962B670BD38
:10A5DC000370FAE7882A002000E100E0FC06FFBDCA
:10A5EC00084B9A6810B55AB150B9EFF3108172B696
:10A5FC00054A1C6814605C685460986001B962B6C6
:10A60C0010BD00BF882A002000E100E0034640583E
:10A61C0082B028B100225A505B580193019B012053
:10A62C0002B07047F8B5204B4479204E43F82420F3
:10A63C001F4A204B06EBC4049B1A2279DB081B042F
:10A64C0032B143F002001C49FFF7C4F90820F8BDF1
:10A65C0002680C88C2F8084590F904508A7804798D
:10A66C005201002DD2B219DB14494F1987F800237F
:10A67C0001226D0904F01F0402FA04F441F825408C
:10A68C00427906EBC201012446F832000C7143F00A
:10A69C0003000B49FFF79EF90020D8E7094904F0A5
:10A6AC000F040A55ECE700BF9C2A0020942A0020D6
:10A6BC00DC040200140502001C07020000E100E0AB
:10A6CC003E07020014ED00E0036801221A60704797
:10A6DC00036801225A60704773B501F15005AD0053
:10A6EC000068ADB24FF480348C400026C0F80843AB
:10A6FC00C0F84843465101F5A8714559019522F01F
:10A70C007F42019D40F82120C0F844430BB1C0F8B2
:10A71C00044302B070BD00002DE9F74F0D4622F046
:10A72C007F4402684FF4803705F150068F40804615
:10A73C00B60002EB8500C2F84873B6B2C2F80873D3
:10A74C00D2F8041599464FF0000BD0F84035C0F8FC
:10A75C00401542F806B05B1A9259009223F07F43E1
:10A76C00012B009A4FEA850A0CD1264B4FF48060DE
:10A77C0043F001039847D8F8003043F806B09B59D2
:10A78C000193019BD8F80010D1F80465C1F844730B
:10A79C00A31B23F07F43012B1CD11A4B05F5A87585
:10A7AC00013443F0010341F825404FF48060984791
:10A7BC00D8F80030D3F804359E4209D1D8F80030CF
:10A7CC000020C3F84473C3F8047303B0BDE8F08FE2
:10A7DC000D20FAE78A44C9F1FF13CAF84045D1F8B5
:10A7EC000405221A013A22F07F4203F57F4393427B
:10A7FC00EED3002AE2D10134CAF84045D1F8043531
:10A80C009842DAE75007020003680222C3F8442397
:10A81C0009B1C3F80423704700684FF48271FFF745
:10A82C00F5BE4FF4803303FA01F10368C3F8481303
:10A83C00C3F80813704750318900006889B2FFF7DC
:10A84C00E5BE0368D3F804057047000090F90430A6
:10A85C00002B09DB5A09012103F01F0301FA03F352
:10A86C004032024941F82230704700BF00E100E05D
:10A87C00024B034A1B681068184700BF9C2A002033
:10A88C00942A002030B5054659B1B2FBF3F403FB12
:10A89C001424A0B238B9C5E90010A860AA81EB81D4
:10A8AC0030BD0E20FCE70920FAE782B050E8022FF9
:10A8BC00C188B2EB324F4FF0000317BF92B241EA9E
:10A8CC00014142EA014104E04268B2EB324F08BF59
:10A8DC00012340E80212002AE8D18DF807309DF8D8
:10A8EC000730002B0CBF1120002002B0704737B589
:10A8FC0050E8013F9DB2C48925448489A54228BFF4
:10A90C002D1B0489A54202BFBFF32F8F002207E045
:10A91C00C5EA030540E80154002CE9D14FF00102CF
:10A92C008DF803200193019A0A609DF8031001F041
:10A93C00FF0321B1006810FA82F003B030BD184655
:10A94C00FBE70A884B889A4209D150E8012FC2EAEA
:10A95C00024240E80123002BF7D101207047002070
:10A96C00704737B550E8023F1FFAA3F5C488A542DB
:10A97C0002BFBFF32F8F00220DE0C48925448489C8
:10A98C00A54228BF2D1BC3EA054540E80254002C04
:10A99C00E8D14FF001028DF803200193019A0A606F
:10A9AC009DF8031001F0FF0321B1006800EB124089
:10A9BC0003B030BD1846FBE70A884B889A4209D190
:10A9CC0050E8022FC2EA224240E80223002BF7D1C2
:10A9DC00012070470020704701F01F024B09012134
:10A9EC00914000EB830000F02AB801F01F03012214
:10A9FC009A404B0900EB8300D14300F038B84B0967
:10AA0C0001F01F0150F82300C84000F0010070470E
:10AA1C0010B5034653E8000F0A4643E8002494F0AF
:10AA2C00000FF7D110BD10B5034653E8000F40EAF4
:10AA3C00010243E8002494F0000FF6D110BD10B5CC
:10AA4C00034653E8002F42EA010043E8000494F067
:10AA5C00000FF6D110BD10B5034653E8000F00EA05
:10AA6C00010243E8002494F0000FF6D110BD10B59C
:10AA7C00034653E8002F02EA010043E8000494F077
:10AA8C00000FF6D110BD10B5034653E8002F02EBB2
:10AA9C00010043E8000494F0000FF6D110BD10B58E
:10AAAC00034653E8002FA2EB010043E8000494F0A6
:10AABC00000FF6D110BD0121FFF7B5BF0121FFF743
:10AACC00BEBF0021FFF7C7BF10B590B1D0E901237D
:10AADC0001689B1ADBB20A60013BDBB2FF2B0268F8
:10AAEC0002D10020107110BD11684C1C14600B7049
:10AAFC00F2E70E20F7E737B5054600240DF1070005
:10AB0C008DF80740FFF748FD2A686B681168994279
:10AB1C000ED9481E106011F8013CEC68298A01FB23
:10AB2C000344AB6811791B1ADBB2994238BF13711D
:10AB3C009DF80700FFF754FD204603B030BD37B534
:10AB4C00054600230DF107000C468DF80730FFF782
:10AB5C0023FD2A681368591C1160E968641A298A54
:10AB6C00B4FBF1F41C709DF80700FFF739FD03B03E
:10AB7C0030BD826810B504462AB14369016800698A
:10AB8C0098470023A36010BD0EB403B5039921B1FF
:10AB9C0004AB01AA019300F077F802B05DF804EB66
:10ABAC0003B070470A2938B504460D4602D10D2171
:10ABBC00FFF7F8FFA3682268591CA160D554D4E9AB
:10ABCC0001329A4204D32046BDE83840FFF7D1BF8A
:10ABDC0038BD00002DE9F84F9846DDE90A431546CB
:10ABEC0082460F460A464FF00109AA420FD2C145D0
:10ABFC0038BFC14613F0010B01D16CB900240126FA
:10AC0C00B8F1010F1BD908F1FF386E43F8E709F1D1
:10AC1C000109B2FBF5F2E8E79B070ED5B8F1000F7E
:10AC2C000CBF30262026A145E9D2013C31465046C6
:10AC3C00FFF7B8FF002CF6D1E0E72026F3E7B7FBCF
:10AC4C00F6F39D42E1D9DFF83C80B7FBF6F35046B2
:10AC5C0018F8031006FB1377FFF7A4FF3346AB423B
:10AC6C00B6FBF5F6F1D2BBF1000F02D00CB1A14549
:10AC7C0001D3BDE8F88F20215046013CFFF792FF2D
:10AC8C00F4E700BF160C02002DE9F74F05461746F6
:10AC9C008846002900F03E8118F8011B49B92B7B2E
:10ACAC00002B00F03781284603B0BDE8F04FFFF7CA
:10ACBC0060BF252940F0B780002698F800302D2B76
:10ACCC00424608F1010823D0302B24D02B2B25D061
:10ACDC0000242A2B02F1010123D13B681A1D1B68A9
:10ACEC003A601C440A4613782E2B26D101324FF0C1
:10ACFC00000A104610F8011BA1F1300CBCF1090F31
:10AD0C001DD80A2303FB0A13A3F1300A0246F0E70D
:10AD1C0046F00106D1E746F00206CEE746F00406FF
:10AD2C00CBE711F8013CA3F130000928DBD80A224B
:10AD3C0002FB0434303C0A46CBE74FF0000A12F811
:10AD4C00011B01F0FB0068289046F8D0782909D83F
:10AD5C006F290CD8632962D022D8252963D05829B1
:10AD6C0000F0888098F80030002B95D197E7703967
:10AD7C000829F7D801A353F821F000BFFBAE01005E
:10AD8C0071AD010071AD010091AE010071AD01001A
:10AD9C006FAE010071AD010071AD010081AE01001B
:10ADAC00642901D06929DDD13A68D2F80090111DCF
:10ADBC0089EAE9723960A2EBE9724FF0010B092ABA
:10ADCC0035DCD34538BFD3462CB1B9F1000F01DBCC
:10ADDC00720700D5013CB30702D5BAF1000F03D0BE
:10ADEC00F00701D44CBB0024B9F1000F2DDAC9F1E6
:10ADFC0000092D212846FFF7D5FE06F00302022A92
:10AE0C0004D1BAF1000F01D11CBB0024CDE90046DE
:10AE1C0053460A2249462846FFF7DCFEA2E73B6868
:10AE2C001A1D19783A602846FFF7BCFE9AE70A23E8
:10AE3C000BF1010BB2FBF3F2C1E7A345D4D22021F5
:10AE4C002846013CFFF7AEFECCE77107D5D52B2188
:10AE5C00D0E7A345DAD230212846013CFFF7A2FE09
:10AE6C00D2E73968CDE900460A1D3A6053460A22FA
:10AE7C000968D0E739680A1D3A60CDE900465346A7
:10AE8C001022F5E73B681A1D3A6016F00106D3F85C
:10AE9C00009024D1B9F1000F03D0484605F0A1FA77
:10AEAC000646B4421DD809F1FF3919F8011F0029D3
:10AEBC003FF458AF2846FFF775FEF6E728460136F3
:10AECC00FFF770FE19F806100029F7D1A642BFF45F
:10AEDC0049AF20212846013CFFF764FEF6E7002627
:10AEEC00F0E720212846013CFFF75CFED9E73B68E0
:10AEFC001A1D3A60302128461C68FFF753FE782152
:10AF0C002846FFF74FFE00220823CDE900322146E8
:10AF1C00102280E703B0BDE8F08F00BF2DE9F84F99
:10AF2C00B0F806A04579D2F800B09DF828900AFB3D
:10AF3C0005F5043D88460BEB0301A94203F104041B
:10AF4C0088BFA5EB030BB4FBFAF607460AFB1644C5
:10AF5C00C2F800B04EB9AAEB04055D4528BF5D46AA
:10AF6C00BBF1000F04D1BDE8F88F3F68013EF1E75B
:10AF7C00043408EB06003C442A46B9F1000F0DD00E
:10AF8C002146ABEB050B05F087F9DA452E443F68FB
:10AF9C0055464FF0000428BF5D46E1E701462046C8
:10AFAC00EFE7FFF791BDF8B546790146721E0546ED
:10AFBC00002393422D6803D30024A64202D8F8BD87
:10AFCC000133F6E70F682846FFF7B9FD013439461F
:10AFDC00F3E72DE9F843068ACD1C0746FFF78BFDF6
:10AFEC00043E35440446B5FBF6F5F0B14FF48073DE
:10AFFC00EDB28380C680013D076081464FF00008AA
:10B00C00A84512D23846FFF776FD064648B163795B
:10B01C000133637108F10108C9F80000076081462B
:10B02C00EEE72046FFF7BFFF34462046BDE8F88325
:10B03C0001210430FFF727BD10B50121044604306F
:10B04C00FFF72DFDC0B220B92046BDE81040FFF738
:10B05C00AABF10BD1FB503920022009203AAFFF7EE
:10B06C005DFF05B05DF804FB1FB503920122009251
:10B07C0003AAFFF753FF05B05DF804FB064B10B5B0
:10B08C0000241C70054B1C60BFF35F8F04490548FE
:10B09C0000F013F8204610BDA82A0020AC2A00208E
:10B0AC00300C0200A02A0020836800225A60C3E9F9
:10B0BC0004229A60DA601A6070470B684A68436031
:10B0CC00934208BF0023016008BF43607047436888
:10B0DC0043B10268916852680B449342436004BFC9
:10B0EC0000234360704770B5446806460D462068DF
:10B0FC0018B1B3682946984718B923682B602560A6
:10B10C0070BD2468F3E74368186808B102681A60D8
:10B11C0070474368186870474368186800B97047EF
:10B12C00884203D102681A60012070470346006808
:10B13C00F4E7000010B50D49A1F59472914201D8C5
:10B14C0000200FE08C1AE30F03EBE4035B1002EB1F
:10B15C00C30452F83330834205D802D204F10802FA
:10B16C00ECE7606810BD2146E8E700BF3C11020027
:10B17C0008B5FFF7DFFF024B002808BF184608BDD3
:10B18C00FF0F020013B50B46114680B9104B114846
:10B19C00114AC01A0E23C0080093104B000410492A
:10B1AC0040F00100FEF72DFC0E2002B010BD4BB993
:10B1BC00074B08480B4AC01AC0080E230093000422
:10B1CC00064BECE703601B6802B0BDE81040184763
:10B1DC00DC0402003C0502003C1102000A130200D0
:10B1EC004111020070110200F7B580B92C4B2D48AB
:10B1FC002D4AC01AC0080E242C4B009400042C4974
:10B20C0040F00100FEF7FDFB204603B0F0BD4AB94B
:10B21C00234B2448274AC01AC0080E24234B009401
:10B22C000004ECE707684FB91D4B1E48224AC01AB0
:10B23C00C00808241D4B00940004E0E74BB9184BE0
:10B24C0018481E4AC01AC0080924184B0094000460
:10B25C00D5E711F0030F09D0114B1248184AC01A48
:10B26C00C0081024114B00940004C8E7D0F80CC09F
:10B27C0061450AD305694C1E1C44AC4205D8BC6818
:10B28C00A44603B0BDE8F0406047054B05480D4AA5
:10B29C00C01AC0081024054B00940004AFE700BF8F
:10B2AC00DC0402003C0502003C110200F812020012
:10B2BC0041110200761102006A1102007D11020098
:10B2CC0081110200981102002DE9F743DDF8288066
:10B2DC0088B93E4B3E483F4AC01AC0080E243E4B2C
:10B2EC00009400043D4940F00100FEF78AFB204623
:10B2FC0003B0BDE8F0834AB9344B3548384AC01A1C
:10B30C00C0080E24344B00940004EBE7D0F800E0A6
:10B31C00BEF1000F09D12D4B2D48324AC01AC0087E
:10B32C0008242D4B00940004DCE74BB9274B28482C
:10B33C002D4AC01AC0080924274B00940004D1E7F9
:10B34C004768D7F80490B3FBF9F709FB17374FB1EF
:10B35C001E4B1F48254AC01AC00809241E4B0094D6
:10B36C000004BFE78F0709D0184B1948204AC01AB0
:10B37C00C0081024184B00940004B3E712F0030F1C
:10B38C0009D0124B12481B4AC01AC0081024124B89
:10B39C0000940004A6E7C768B9420DD305694C1E9A
:10B3AC001C44AC4208D8CDF82880DEF80C40A446EA
:10B3BC0003B0BDE8F0436047044B05480E4AC01A81
:10B3CC00C0081024044B009400048BE7DC0402003A
:10B3DC003C0502003C110200E51202004111020082
:10B3EC00BE1102006A1102007D110200C41102009C
:10B3FC00EE1102000612020029120200F7B580B904
:10B40C002A4B2B482B4AC01AC0080E242A4B0094F6
:10B41C0000042A4940F00100FEF7F3FA204603B07D
:10B42C00F0BDD0F800C0BCF1000F09D11F4B204873
:10B43C00234AC01AC00808241F4B00940004E8E7F4
:10B44C004AB91A4B1A481F4AC01AC00809241A4B89
:10B45C0000940004DDE74768D7F800E00EF1FF37F1
:10B46C000F4209D0114B1248174AC01AC0081024B9
:10B47C00114B00940004CCE7C768B9420CD30569A2
:10B48C004C1E0EFB0244AC4206D8DCF81040A4461D
:10B49C0003B0BDE8F0406047044B05480B4AC01AA6
:10B4AC00C0081024044B00940004B2E7DC04020032
:10B4BC003C0502003C110200D212020041110200B4
:10B4CC006A1102007D110200501202007612020075
:10B4DC0070B550B90E4D0F4C0026641B1423B4FBF1
:10B4EC00F3F4B44208D1002010E00368002BF1D033
:10B4FC00BDE87040DB6918472B6813B90136143569
:10B50C00EFE7DB69284698470028F7D070BD00BFED
:10B51C00C8220020F022002029DF704728DF704766
:10B52C0070B503689E6886B004460D466EB1142251
:10B53C000021684604F0D9FEA36805932379019590
:10B54C002BB1012B0DD06846B04706B070BD01235E
:10B55C008DF8003023690293E368039363690493C5
:10B56C00F1E702238DF80030E3681B030293F5E743
:10B57C000846704700207047024B187A003818BFF5
:10B58C00012070474C2B0020034B187A0122B0FA93
:10B59C0080F05A74400970474C2B002008B51046B7
:10B5AC001A4604F079FE002008BD000008B51422EC
:10B5BC000021044804F099FE0348FFF776F90020B7
:10B5CC0008BD00BF4C2B00203C2B002010B5094CB3
:10B5DC00094B43602046FFF76EFA40B904F0E0FBDC
:10B5EC00064920741C2306488C22FFF74BF90020D7
:10B5FC0010BD00BF4C2B00201C130200B02A0020F1
:10B60C003C2B002038B5234D234C2B7A3BB92349D6
:10B61C002348FFF7A6F9206008B9686038BD0223FB
:10B62C0024682B72237973B1012B24D0204603217B
:10B63C00FFF776FF00232B726B6018491848BDE8A2
:10B64C003840FFF7B9B9D4E90523D21AB2F5805FB7
:10B65C00D4E9031028BF4FF480529208012A38BF56
:10B66C00012219441844FFF757FF50B11128DDD1BE
:10B67C0001232B72D2E7D4E903031844FFF74EFFE2
:10B68C00F3E72B7C002BC9D1BDE83840022000F039
:10B69C0009B800BF4C2B0020642B0020602B00202D
:10B6AC003C2B002038B5234C237A002B41D0022BA5
:10B6BC0009D1032830D0204B00221B68E2601A7994
:10B6CC003AB1012A22D0637C7BBBBDE83840FFF73E
:10B6DC0099BFD3E905128D1AB5F5805F94BF521945
:10B6EC0002F580529A619142EDD102284FF000038D
:10B6FC0008BF19462372104B18BF0D211868FFF7AD
:10B70C000FFF0E490E48FFF757F9DCE71A690132B3
:10B71C001A615B699A42E7E7E3680133082B01D8A9
:10B72C00E360D0E70023E360DFE7BDE8384004F0D6
:10B73C0027BB38BD4C2B0020642B0020602B002035
:10B74C003C2B0020831E012B01D8FFF7ABBF7047A9
:10B75C0000F0FD03012B08D1044B00225A74421E49
:10B76C00504250411874FFF74DBF70474C2B0020CE
:10B77C0010B5064C201DFFF79EF928B9637C1BB948
:10B78C00BDE81040FFF73EBF10BD00BF4C2B0020A2
:10B79C002DE9F34180460D46104801A916461F4677
:10B7AC00FFF7A5F80446B0B118220021043004F0CC
:10B7BC009CFD2D0B0123237101A90848C4F80080BE
:10B7CC00A760E5606661FFF7BCF8FFF7D1FF0020CA
:10B7DC0002B0BDE8F0810420FAE700BF3C2B00204A
:10B7EC002DE9F34180460F460F4801A916461D4628
:10B7FC00FFF77DF80446A8B118220021043004F0AC
:10B80C0074FD089BA36001A9C4E903670648C4F84A
:10B81C0000806561FFF795F8FFF7AAFF002002B0E2
:10B82C00BDE8F0810420FAE73C2B002070B5064EF1
:10B83C000546002456F8043B0BB1284698470134C2
:10B84C00042CF7D170BD00BF742B00204388033348
:10B85C0000EB830399420BD382884FF6FF739A4215
:10B86C0008D0038833B18068431C58425841704754
:10B87C0002207047012070470B4A0C495388142052
:10B88C0000FB0311CB6833B9042049681070012206
:10B89C000748FFF7B3BD07490523137002238B80BC
:10B8AC00012209680023F3E78C2B0020A42B002035
:10B8BC00C8220020E02B002007B500230549009387
:10B8CC00054A096805480823FFF7FEFC03B05DF83C
:10B8DC0004FB00BFE02B002054130200C822002000
:10B8EC0007B5002301460093034A04480823FFF7D9
:10B8FC00EBFC03B05DF804FB4C130200C8220020E3
:10B90C0013B500230C4600930146084A084804234B
:10B91C00FFF7DAFC38B9074B142101FB0431012382
:10B92C000B7402B010BD48F20D60FAE74813020028
:10B93C00C8220020A42B002037B50A480A4B4268C5
:10B94C009C88196853880325033305709BB200202B
:10B95C0000909B0001EB84010448FFF7B5FC03B099
:10B96C0030BD00BF8C2B0020E02B0020C822002013
:10B97C0038B5144B14220D4602FB00335C682B685F
:10B98C0004F58051A3B15C88033403EB84048C422E
:10B99C0015D22368013312D02046FFF757FF012838
:10B9AC0008D002280BD00028F1D12C60012038BD22
:10B9BC000834ECE76388033304EB8304E7E70020E7
:10B9CC00F5E700BFA42B0020426873B504460D4672
:10B9DC006AB3234BD9688A4229D31B699A4226D869
:10B9EC0012F0030323D11F490089098988421ED113
:10B9FC002068916888421AD11B4841688A4203D951
:10BA0C0001F580518A420DD381698A420CD901F526
:10BA1C0080518A4208D201222A80B3FA83F040096D
:10BA2C0002B070BD1A46F7E748F20963F5E7002645
:10BA3C002E800196288801A9FFF79AFF30B92B8830
:10BA4C0001339BB2012B2B80F3D9E9E7019B2268D0
:10BA5C0099689142EED16360024B1B892381DFE729
:10BA6C00C82200208C2B0020A42B00202DE9F843A9
:10BA7C001C461D4B1B7806460F46154673B382B306
:10BA8C007CB3DFF868804FF01409A388012B02D92E
:10BA9C0048F2096020E009FB03F318F803302BB9D6
:10BAAC00A0882146FFF764FF20B92060A3880133EA
:10BABC00A380EAE723681EB1998832889142EFD1BE
:10BACC001FB119883A889142EAD19A68C5E90023D6
:10BADC00074B1B892B810020BDE8F88348F20160DD
:10BAEC00FAE748F20460F7E7842B0020A42B00202F
:10BAFC008C2B002008B5074B5888191DFFF738FF11
:10BB0C0018B1BDE80840FFF717BFBDE80840FFF7C4
:10BB1C00B3BE00BF8C2B00202DE9F0479F4FDFF800
:10BB2C00808288B006463B6823B99E484146FEF7A2
:10BB3C0018FF38603D6829784B1E052B07D8DFE8C5
:10BB4C0013F0200074007400060106015D0148F238
:10BB5C000E641422002103A804F0C7FB41F61D5308
:10BB6C009C4208BF00243B6804941A78023A042AC9
:10BB7C0000F2FC81DFE812F0DD01E9010B02130297
:10BB8C001A022EB1884B00225A604FF40644E0E7AB
:10BB9C002B79032B1CD8DFE803F014022A35834AD7
:10BBAC001378022B1AD0137D022B4FF0010317D1FF
:10BBBC0014214B43D1180020D0544868FFF790FE55
:10BBCC0003E001232B71FFF777FE002800F0B9800A
:10BBDC00754B00225A6048F20D64BAE70023E7E780
:10BBEC00714A13700023536041F61D54B1E770493C
:10BBFC007048002302222B718A8009680122FFF70A
:10BC0C00FDFBE2E76C4B694C5B88694A14214B43A2
:10BC1C00E11800262E714D681068156095884860F3
:10BC2C000D810221E6549180C8E7B5F814A0AA7DD5
:10BC3C00DFF87891AEB1022AEB8806D9142101FB0A
:10BC4C000A91DA1C088902440A81142202FB0A991F
:10BC5C00C3F57F43B9F80A20FD331344A9F80A3021
:10BC6C0093E7142303FB0A9318895C6804EB8004A4
:10BC7C00062A69D8DFE802F0274E36441D5A040024
:10BC8C0041F61D54AA7DEB88022A06D9142101FB2A
:10BC9C000A91DA1C088902440A81142202FB0A99CF
:10BCAC00C3F57F43B9F80A20FD331344A9F80A30D1
:10BCBC004FE74248424900234360AB690360FFF7FA
:10BCCC0083FE00285BD00223AB7500230093042372
:10BCDC00EA1821463748FFF7F7FA002831D048F226
:10BCEC000D64CFE72B69002B14BF03230123AB7525
:10BCFC000023009305F10C02042304F10801E9E789
:10BD0C000123AB750022EB8800922A699B0004F199
:10BD1C000C01DFE703290CBF05230623AB750023B9
:10BD2C000093042305F10802E118D3E70623AB7551
:10BD3C00234B1988214B5868FFF7E2FD0446002875
:10BD4C00A0D108B0BDE8F08748F20E649AE7002E47
:10BD5C007FF41BAF2B79012B34D0022B3FF444AF73
:10BD6C00002B7FF4F4AE02232B710DF10A01EB686A
:10BD7C00039303A8CDE90466FFF726FE10B948F239
:10BD8C000964E6E60498BDF80A108388EB80038802
:10BD9C002B81FFF7B5FD044629E000BFA02B002046
:10BDAC009C2B0020CC2B0020842B0020A42B0020CB
:10BDBC00E02B0020C82200208C2B0020682B0020B8
:10BDCC00E82B0020DFF8EC9103AA4B463146A81D66
:10BDDC00FFF74CFE044670B9B9F804100498FFF74D
:10BDEC008FFD044648F209639C423FF4FDAE002CE3
:10BDFC007FF4AFAEA5E7C9E90066F3E7002E7FF448
:10BE0C00C4AE6D4B1A7BBAB11E731A78013A062A6E
:10BE1C003FF69DAE01A151F822F000BFD3BE010048
:10BE2C00F9BE010017BF01001DBF01005BBB010083
:10BE3C0023BF010035BF01001A78072AE5D801A1FC
:10BE4C0051F822F071BE010017BE010017BE0100AF
:10BE5C0097BE0100ABBE0100CFBE0100CFBE0100FA
:10BE6C0093BE01001A89554901321A8100225A8069
:10BE7C001A730A78B2FA82F252099A720A7DB2FAED
:10BE8C0082F25209DA72012207E04D4958688A8819
:10BE9C004088033202448A8002221A70B5E75C881B
:10BEAC00464A4749142505FB04220868546850602B
:10BEBC008888108102200C60888000211174062271
:10BECC00EBE70722E9E79A7A32B9DA7A8AB90022E3
:10BEDC001A705A805A6087E6384900229A72CA68EA
:10BEEC00002AF2D1097C0029EFD05A80FFF702FE1C
:10BEFC0051E70022DA72314A116A0029E7D192F82F
:10BF0C002420002AE3D00122EFE7FFF715FD42E7DA
:10BF1C00FFF7B2FC3FE75A88284B142101FB023390
:10BF2C005868FFF7DDFC36E700225A60FFF7C4FCC7
:10BF3C0031E701228DF80C201A89ADF818209A8867
:10BF4C00DB68ADF81A20059310E002228DF80C2066
:10BF5C001A89ADF818209A88ADF81A20DA689B7DFA
:10BF6C0005929A1F534253418DF81C3003A8FFF7DA
:10BF7C005DFC0026414613483E60FEF71DFD12484D
:10BF8C000121FEF78CFD00287FF4CDADD9E603220C
:10BF9C008DF80C20DA88ADF818201A89D0E7042225
:10BFAC008DF80C20DB88ADF81830DFE705238DF811
:10BFBC000C30DBE7EC2B00208C2B0020A42B00207A
:10BFCC00E02B0020CC2B0020DC2B00204068FFF75E
:10BFDC00A3BD0000BFF34F8F0549064BCA6802F49E
:10BFEC00E0621343CB60BFF34F8F00BFFDE700BF90
:10BFFC0000ED00E00400FA054FF08053D3F8300157
:10C00C00421C04BF4FF0704393F8E00F831F58425B
:10C01C00584170474FF0704393F8E02F062A09D12E
:10C02C00D3F8E83FC3F30313033B042B02D8024AB3
:10C03C00D05C7047002070476B1302004FF08053A8
:10C04C00D3F83001421C04BF4FF0704393F8E00F5B
:10C05C00062804D0A0F10A03584258417047012029
:10C06C0070470000024AD2F80034002BFBD0704716
:10C07C0000E0014010B5FFF7BFFF40B14FF0805317
:10C08C009C4AD3F82433C3F30423C2F84035FFF79A
:10C09C00C1FF10B1984B994A5A67FFF7CFFF48B1CF
:10C0AC004FF080534FF08042D3F84432C3F3423305
:10C0BC00C2F83C35FFF7AEFF30B1914AD2F8FC30F4
:10C0CC0023F08073C2F8FC30FFF7B8FF40B14FF09B
:10C0DC0080430022C3F80C21C3F81021C3F8382583
:10C0EC00FFF798FF20B14FF080430322C3F8A0253F
:10C0FC00FFF790FF60B1834B0522C3F81026012295
:10C10C00C3F888260022C3F818263F22C3F8142649
:10C11C004FF08053D3F83021511C09BF4FF07043BE
:10C12C00D3F8343193F8E02FD3F8E83F08BFC3F3CA
:10C13C000313062A4ED1033B042B03D8724AD35C5B
:10C14C00002B49D04FF08052704BD2F80414C3F836
:10C15C002015D2F80814C3F82415D2F80C14C3F81F
:10C16C002815D2F81014C3F82C15D2F81414C3F8EF
:10C17C003015D2F81814C3F83415D2F81C14C3F8BF
:10C18C004015D2F82014C3F84415D2F82414C3F87F
:10C19C004815D2F82814C3F84C15D2F82C14C3F84F
:10C1AC005015D2F83014C3F85415D2F83414C3F81F
:10C1BC006015D2F83814C3F86415D2F83C14C3F8DF
:10C1CC006815D2F84014C3F86C15D2F84424C3F89F
:10C1DC00702501E00A2AB5D0FFF70EFF48B14FF0E9
:10C1EC0080534FF08042D3F8583203F04F03C2F81B
:10C1FC00E43EFFF723FF48B14FF08043D3F800240F
:10C20C00D20744BF6FF00102C3F800244FF08053F3
:10C21C00D3F83021062A0ED1D3F83431033B042B4A
:10C22C0002D83B4AD35CBBB13A4AD2F83C3743F410
:10C23C008063C2F83C374FF08053D3F830210A2A80
:10C24C000AD1D3F834313BB14FF08042D2F8E43EFE
:10C25C0043F00F03C2F8E43E4FF08053D3F8302183
:10C26C00062A0FD1D3F83431033B042B02D82A4AC7
:10C27C00D35C3BB14FF01023D3F808224FF080432E
:10C28C00C3F858254FF01021D1F80032002B03DBF6
:10C29C00D1F80432002B17DA204901234FF010207B
:10C2AC00C1F804351524FFF7DDFEC0F80042FFF796
:10C2BC00D9FEC0F80442FFF7D5FE0023C1F80435BF
:10C2CC00FFF7D0FEFFF786FED1F80C32DB070DD559
:10C2DC0012480123C0F804350024FFF7C3FEC1F84F
:10C2EC000C42FFF7BFFEC0F80445E9E70C4B0D4AC2
:10C2FC001A6010BD0030014000C007400DF0ADBA0F
:10C30C0000ED00E0005000405C13020000C0004053
:10C31C0061130200001000406613020000E00140AF
:10C32C00142300200090D003054A4FF0A043105C6A
:10C33C00D3F8043523FA00F0C04300F00100704735
:10C34C0073130200044B1A5C012393404FF0A0427C
:10C35C00C2F80C35704700BF73130200044B1A5C13
:10C36C00012393404FF0A042C2F80835704700BF3C
:10C37C007313020008B50020FFF7F0FF0120FFF750
:10C38C00EDFF0220FFF7EAFFBDE808400320FFF7AE
:10C39C00E5BF08B50020FFF7D5FF0120FFF7D2FF5E
:10C3AC000220FFF7CFFFBDE808400320FFF7CABF0C
:10C3BC00074A4FF0A041105CD1F8043501228240AD
:10C3CC0022EA03001340C1F80805C1F80C35704788
:10C3DC0073130200054A4FF0A043105CD3F81035DC
:10C3EC0023FA00F0C04300F0010070477013020004
:10C3FC00014B185C704700BF7013020038B5074C36
:10C40C00051E04F1080318BF1C4623682BB11A68DB
:10C41C0022605B6828469847F7E738BDFC2B002064
:10C42C0020B9054B01225A70FFF7E8BF012802D151
:10C43C00014A9070F8E77047F42B002020B9034BA9
:10C44C0001225A70FFF7DABF704700BFF42B0020AF
:10C45C0038B50E4C2378B3B90D486360A3602361E3
:10C46C00E36000F075F8054603F09AFC08B900F09B
:10C47C007BF801232370074BD3F800340BB1012355
:10C48C00A370284638BD8525F5E700BFF42B0020A6
:10C49C002DC401000000014037B50D4C00230DF1F7
:10C4AC0007008DF80730FEF777F8E368013BE3608F
:10C4BC00E36833B9074BD3F8005415B900F066F8AC
:10C4CC00A5709DF80700FEF78BF803B030BD00BFD8
:10C4DC00F42B002000000140012813B50CD00328D8
:10C4EC0020D038B9134B0122C3F88020BFF34F8FF3
:10C4FC00BFF36F8F02B010BD0F4C00230DF107007E
:10C50C008DF80730FEF748F823780BB9FFF7A0FF3A
:10C51C00E3689DF807000133E3600123A370FEF785
:10C52C005FF8E7E700F020F802B0BDE81040FFF735
:10C53C00B3BF00BF00E100E0F42B002000F180400D
:10C54C00002382B0036003680193019B02B0704723
:10C55C00044B0246187918B91A6001229A80704768
:10C56C0085207047082C0020074B1A68D20704D48A
:10C57C00C02283F8002301221A604FF0804301226D
:10C58C00C3F81825704700BF00E100E04FF080426F
:10C59C0008B50223C2F808334FF48270FFF7CEFFC0
:10C5AC000123D360D2F81834DB03FBD408BD0000A0
:10C5BC004FF0804110B5D1F8003163B14FF4807069
:10C5CC00FFF7BCFF0D4B58790122C1F8082310B9B5
:10C5DC005A711B6898474FF08042D2F8043163B10E
:10C5EC004FF48270FFF7AAFF0223C2F80833034B03
:10C5FC00BDE810401B680120184710BD082C002016
:10C60C0000F1804000F5C040002382B00360036855
:10C61C000193019B02B07047800000F1A040D0F85C
:10C62C00002722F44032C0F80027D0F8003743EA44
:10C63C000143C0F8003770472DE9F74F00244E4DE9
:10C64C0001944FF48072012102F1804303F5C04341
:10C65C0090B21B68012B06D1D5F804330B4202D0E3
:10C66C00FFF7CEFF0C430432B2F5907F4FEA410145
:10C67C00EAD1414BD3F87C31012B0CD14FF4BE7075
:10C68C00FFF7BEFF4FF0A04344F00044D3F8202541
:10C69C000192C3F82025E3B2D3B1384F002501260F
:10C6AC00344210D0AB0003F1804303F5C043D3F800
:10C6BC001005D3F8101557F8253023B1C1F30141FB
:10C6CC00C0F3042098470135082D4FEA4606E7D100
:10C6DC00002C48DA294D4FF0A048294E4FF00009A4
:10C6EC00012716F9013B5A1C31D0C3F3C2020832A0
:10C6FC006A44DCB212F8042C03F03F0A03F007037F
:10C70C0007FA03F31A4222D00AF5E073504658F8A0
:10C71C002330C3F3014BBBF1020F0CBF03210221E9
:10C72C00FFF77AFF07FA0AF3C8F8203505EB0A037E
:10C73C0093F9303055F823304BB1A109032904D0BB
:10C74C00BBF1020F12D1012901D15046984709F1D2
:10C75C000109B9F1040FC4D1D8F820350193C8F8F8
:10C76C002035002BB9D103B0BDE8F08FBBF1030F1E
:10C77C00EDD10229E8E700BF00600040102C00203A
:10C78C00602C0020014B1B68184700BF6C2C00204C
:10C79C000E4B984237B50C4602D0002003B030BD8A
:10C7AC0000230DF107008DF80730FDF7F5FE084B5F
:10C7BC001D7915B901221C601A719DF80700FDF74F
:10C7CC000FFF002DE9D01120E8E700BF002000404A
:10C7DC006C2C0020034B984201BF034B00221A60C3
:10C7EC001A717047002000406C2C0020002343502D
:10C7FC0082B043580193019B02B070470A4610B5B2
:10C80C004FF48E71FFF7F2FF136A9168C95C136ADB
:10C81C0001331362C0F81C1510BD024608B5006840
:10C82C004FF49271FFF7E2FF10684FF48471FFF739
:10C83C00DDFF136801221A6008BD8B690A4610B52A
:10C84C004FF4847123B9FFF7D1FFD0F8183510BD20
:10C85C00FFF7CCFF536AD168D0F81805C854536A57
:10C86C0001335362F3E700001FB501238DF800304C
:10C87C00044BCDE90110D3E900126846904705B08E
:10C88C005DF804FB742C002030B54D4DD5F8043305
:10C89C009A0585B051D5D5F82431002B4DD04FF4E5
:10C8AC0092712846FFF7A2FF4FF40173C5F80833C5
:10C8BC00444B93F829200AB901226A6040490222AC
:10C8CC008DF80020D1F88024C1F8802403929A6955
:10C8DC000292DA6801920022C3E906226846D3E983
:10C8EC00001290473648D0F81C315BB1354A51697B
:10C8FC00136A99424DD992F82830002B49D1114630
:10C90C00FFF77CFF2E48D0F84431002B56D04FF463
:10C91C00A271FFF76BFF2B4B93F829200AB1012270
:10C92C0002609A69002A49D0586AD96800229A6133
:10C93C0005B0BDE83040FFF797BFD5F804335B076F
:10C94C00D0D5D5F80831002BCCD01E4C1C48214634
:10C95C00FFF773FF636AA2699A42C3D1E369E16886
:10C96C004BB1A3612369E3600023606AE3616362F6
:10C97C00FFF77AFFB6E794F829300BB901236B6007
:10C98C000F4B4FF40172C3F808230023606AA361B4
:10C99C00EEE70B484FF48E71FFF728FF5369002B1D
:10C9AC00B0D051690291002391688DF8003001914B
:10C9BC0053616846D2E900139847A3E705B030BD30
:10C9CC0000200040742C00202DE9F843534D90F8C2
:10C9DC0004802C2303FB0853064693F82A300C469C
:10C9EC009146002B40F096804D490068FFF7D0FE31
:10C9FC000746002840F0908022683068511C0BD00C
:10CA0C004FF0A04101239340C1F8083502F5E073C3
:10CA1C004FF0030C41F823C061684B1C1FBF01F59C
:10CA2C00E0734FF0A04C4FF0000E4CF823E0A369DC
:10CA3C00C0F8243594F814C0637DBCF1010F4CEAA6
:10CA4C000303C0F86C35C0F81415C0F80C251DD1C3
:10CA5C00A268531C1FBF02F5E0734FF0A0414FF0CA
:10CA6C00000C41F823C0E368591C0BD04FF0A04CCC
:10CA7C0001219940CCF8081503F5E0714FF0030E35
:10CA8C004CF821E0C0F80835C0F810252C2202FB28
:10CA9C0008F2AB18C3F804902369AB50B9F1000F3E
:10CAAC0020D04FF48E71247FFFF7A0FE4FF4A271BB
:10CABC003068FFF79BFE32681A4BC2F80433130B35
:10CACC0042F307326101002AC9B21EDB16488418F2
:10CADC0084F800130121520903F01F0301FA03F338
:10CAEC0040F8223033680422C3F800252C2303FBC2
:10CAFC0008530022C3E9062283F829205A61012237
:10CB0C0083F82A203846BDE8F883084A03F00F035F
:10CB1C00D154E7E70827F5E71127F3E7742C002039
:10CB2C0095C801008000020000E100E014ED00E077
:10CB3C00F8B503680579304C0022C3F800252C2287
:10CB4C0002FB05425268A2B12C4AC3F808231A0B07
:10CB5C0043F30733002B0CDB02F01F015B090122AE
:10CB6C008A402033264941F82320BFF34F8FBFF36F
:10CB7C006F8F0068D0F80C65D0F81415D0F8083514
:10CB8C00D0F810254FF0FF37BE42C0F8147518BF0F
:10CB9C0006F5E076C0F80C75C0F80875C0F810758D
:10CBAC001EBF4FF0A0474FF0020C47F826C04E1C9A
:10CBBC001FBF4FF0A04601F5E071022746F8217027
:10CBCC00511C1FBF4FF0A04102F5E072022641F844
:10CBDC0022605A1C1FBF03F5E0734FF0A0420221E4
:10CBEC0042F82310FFF7F6FD2C2303FB054400232A
:10CBFC0084F82A306360F8BD742C00208402020093
:10CC0C0000E100E00279044B2C2101FB023358694E
:10CC1C00003818BF01207047742C00202DE9F84F04
:10CC2C00064690F8048089469246FFF7EBFF0446CF
:10CC3C0000283CD1204F2C2508FB057B4FF48E712E
:10CC4C00CBF814A0CBF80890CBF820008BF8280078
:10CC5C003068FFF7CBFD3068012383605946FFF73E
:10CC6C00CDFDDBF804305D461BBB3068DBF81440AF
:10CC7C002B6A9C4211D83368D3F81C21002AFBD0B4
:10CC8C000122DA6000202C2303FB087700237B6150
:10CC9C00BDE8F88F95F828303BB9D0F81C31002B43
:10CCAC00F8D05946FFF7AAFDE2E70F20EBE7112079
:10CCBC00EEE72046ECE700BF742C00202DE9F0478E
:10CCCC003A4D07792C2303FB075306465C6824B1C5
:10CCDC0003684FF40170C3F808032C2303FB0753BC
:10CCEC00986950B1D869002841D024B133684FF409
:10CCFC000172C3F80423112436E09A61D96058629A
:10CD0C00D8612C2303FB075393F829301BB910B9B6
:10CD1C003046FFF782FD4FF02C0808FB075A3068AD
:10CD2C00DAF80430002B37D14FF4A271D046FFF75C
:10CD3C005DFD3068D0F82491D0F80831D0F844412A
:10CD4C00CBB914B9B9F1000FF3D02C2303FB075561
:10CD5C000023AB61B9F1000F24D12CBB95F829103D
:10CD6C0033680122B1B11A602046BDE8F087196121
:10CD7C00DA610120C5E7B9F1000FE6D1002CE4D14E
:10CD8C004146FFF75AFDDAF82430DAF818209A42B7
:10CD9C00CFD8DAE75A60E7E74FF40173C0F80433F1
:10CDAC000024E1E70324DFE70F24DDE7742C0020E7
:10CDBC000023435082B043580193019B02B070474B
:10CDCC001FB501238DF80030044BCDE90110D3E9D8
:10CDDC0000126846904705B05DF804FBA02C0020BB
:10CDEC007FB5434AD2F82461002E60D010464FF430
:10CDFC009271FFF7DDFF02238DF80030D2F88034FA
:10CE0C00C2F880340393D2F83C350293394BDA687C
:10CE1C0001920022C3E906226846D3E9001290472A
:10CE2C003348D0F8443173B14FF4A271FFF7C0FF0F
:10CE3C00304B9A693AB10022C3E90622D968D0F87E
:10CE4C003C05FFF7BDFF2A48D0F82031ABB14FF4B9
:10CE5C009071FFF7ADFF0123C360264B5A6962B195
:10CE6C00D0F84C150291002299688DF800200191A0
:10CE7C005A616846D3E9001290471D48D0F85831E2
:10CE8C009BB14FF4AC71FFF793FF1A4B5A6962B127
:10CE9C00D0F84C150291002299688DF80020019170
:10CEAC005A616846D3E90012904704B070BDD2F8BD
:10CEBC001031002BB4D04FF488711046FFF778FF77
:10CECC000C4BD2F83C0599698842A9D1DC69D96828
:10CEDC0064B1D2F8005225F02005C2F800521A694C
:10CEEC009C61DA60DE61FFF76BFF99E79C61FAE702
:10CEFC0000200040A02C00202DE9F8435A4E90F859
:10CF0C000480242303FB0863044693F820300D4669
:10CF1C009146002B40F0A38054490068FFF738FC81
:10CF2C000746002840F09D802A682068511C0BD0D1
:10CF3C004FF0A04101239340C1F8083502F5E0738E
:10CF4C004FF0030C41F823C069684B1C1FBF01F55F
:10CF5C00E0734FF0A04C4FF0000E4CF823E0AB699F
:10CF6C00C0F8243595F814C06B7DBCF1010F4CEA68
:10CF7C000303C0F86C35C0F80C25C0F814151DD18E
:10CF8C00AA68531C1FBF02F5E0734FF0A0414FF08D
:10CF9C00000C41F823C0EB68591C0BD04FF0A04C8F
:10CFAC0001219940CCF8081503F5E0714FF0030E00
:10CFBC004CF821E0C0F80835C0F81025242202FBFB
:10CFCC0008F2B318C3F804902B69B350B9F1000FF1
:10CFDC002FD04FF488712A7FFFF7EAFE20684FF4B8
:10CFEC009071FFF7E5FE20684FF49271FFF7E0FEB9
:10CFFC0020684FF4A271FFF7DBFE4FF4AC71206890
:10D00C00FFF7D6FE23681A49C3F80413190B43F330
:10D01C0007335201002BD2B21CDB1648C51885F819
:10D02C00002301225B0901F01F0102FA01F140F813
:10D03C00231023680822C3F80025242303FB086669
:10D04C000023C6E906337361012386F82030384685
:10D05C00BDE8F883084B01F00F015A54E9E70827A3
:10D06C00F5E71127F3E700BFA02C0020EDCD010060
:10D07C001003420000E100E014ED00E0F8B5444C70
:10D08C000579242303FB054302465B680068ABB1BA
:10D09C00404BC0F8083340F30733002B4FEA1031F4
:10D0AC000CDB01F01F065B090121B14020333A4E25
:10D0BC0046F82310BFF34F8FBFF36F8FD0F80032B9
:10D0CC0023F02003C0F80032242303FB05439B69A3
:10D0DC002BB14FF4A271FFF76BFE012343604FF4A9
:10D0EC00AC71FFF765FE0123C360242303FB0543EA
:10D0FC00D0F858110029FBD0996919B1D0F8441116
:10D10C000029F5D00023C0F800351368D3F80C754E
:10D11C00D3F81465D3F80825D3F810154FF0FF3C5D
:10D12C006745C3F80CC518BF07F5E077C3F814C5FD
:10D13C00C3F808C5C3F810C51EBF4FF0A0434FF08D
:10D14C00020C43F827C0771C1FBF4FF0A04306F515
:10D15C00E076022743F826704E1C1FBF01F5E071E4
:10D16C004FF0A043022643F82160531C1FBF4FF021
:10D17C00A04302F5E072022143F82210FFF72AFBCC
:10D18C00242303FB0544002384F820306360F8BD9E
:10D19C00A02C00201003420000E100E00279044BB7
:10D1AC00242101FB02335869003818BF0120704755
:10D1BC00A02C002001F06043B3F1005F2DE9F04793
:10D1CC000646884692463BD190F80490FFF7E6FF5E
:10D1DC000446002836D11D4F3068242505FB0975FF
:10D1EC004FF49071C5F814A0C5F80880FFF7E0FD66
:10D1FC004FF4AC713068FFF7DBFD33686A69A968DE
:10D20C00C3F84415C3F8482501229A606A68DAB954
:10D21C00D3F82021D3F858011AB90028F8D00F20E0
:10D22C0007E00028FBD10122DA60D3F85821002A4C
:10D23C00FBD0242303FB097700237B61BDE8F08737
:10D24C001020FBE71120F9E72046F7E7A02C00207F
:10D25C00F8B501F06043B3F1005F04460F465ED1B0
:10D26C000379304D242101FB0351496821B1006839
:10D27C004FF40476C0F80863242000FB03539E6926
:10D28C0056B1D869002839D021B123684FF4047203
:10D29C00C3F80423112030E09A61DF60DE6120685E
:10D2AC004FF48871FFF784FD20684FF4A271FFF7EB
:10D2BC007FFD2368C3F83475C3F8382516BB0122EB
:10D2CC001A602479242202FB045252680ABBD3F858
:10D2DC001011D3F84421D3F82401114302D10028B2
:10D2EC00F5D00A46242303FB04550023984218BFAB
:10D2FC0003209A42AB6118BF0F20F8BD1F61DA61A1
:10D30C000126CCE7D3F8002242F02002C3F8002219
:10D31C00D7E74FF40472C3F804230020EDE7102084
:10D32C00EBE700BFA02C0020024AD2F80034002BFF
:10D33C00FBD0704700E001400A4908B50223C1F850
:10D34C000435BFF36F8FBFF34F8FC1F80805FFF79C
:10D35C00EBFF0023C1F80435BFF36F8FBFF34F8F82
:10D36C0008BD00BF00E001401FB503788DF8003008
:10D37C004368019383688DF80830C368054A0393AA
:10D38C00054B684653F8213052F82110984705B0E8
:10D39C005DF804FBC42C0020C82C00201FB50378BA
:10D3AC008DF800304368019383688DF80830C368AA
:10D3BC00054A0393054B684653F8213052F8211067
:10D3CC00984705B05DF804FBC42C0020C82C002045
:10D3DC00F0B5194B90F800C091F81DE043F82C20E3
:10D3EC00164B16460A6943F82C20154B03F80CE033
:10D3FC000C4607460FCC89B06D460FC594E80F005C
:10D40C0085E80F00CDF810C0BEF1000F09D0002E3A
:10D41C000C4A694608BF3246381DFFF76DFD09B04E
:10D42C00F0BD002E084A694608BF324607F10C00D1
:10D43C00FFF7CAFAF3E700BFC82C0020C42C002069
:10D44C00CC2C002075D30100A9D3010008B5094BE1
:10D45C001B7853B10020FEF781FF0120FEF77EFF01
:10D46C00BDE808400320FEF779BFBDE80840FEF791
:10D47C0081BF00BFCD2C0020F8B57A4C237805462F
:10D48C001BB100232370FFF7E1FF172D00F28780FB
:10D49C00DFE805F00C1717425364757F878C878C77
:10D4AC00949999999999C3C8D0D8E3E3FFF7CEFF23
:10D4BC006D48FCF743FE6D4B002204461A70204663
:10D4CC00F8BD0020FEF730FFF0B10020FEF746FF5C
:10D4DC00022D0CBF4FF4E1644FF47A64634B1D7062
:10D4EC0000254FF400464FF47A7029464FF4FA6247
:10D4FC000023E4FB060102F0D3FD2A460146BDE8F9
:10D50C00F8405948FCF7ECBDFEF71CFF022D0CBF90
:10D51C00C8244FF4C874E1E70020FEF705FF40B1C2
:10D52C000020FEF71BFF4FF44874504B03221A7077
:10D53C00D6E7FEF707FFC824F7E70020FEF7F4FE56
:10D54C0038B10020FEF70AFF4FF47A64474B0422EF
:10D55C00EDE7FEF7F7FE4FF4C874F7E70020FEF78F
:10D56C00E3FE48B10020FEF7F9FE404B05221A708D
:10D57C0040F6CD410022C2E7FEF7E4FEF5E70020BD
:10D58C00FEF716FF394B06221A70002240F2666134
:10D59C00B5E70020FEF7D6FE344B07221A700024A4
:10D5AC008DE701202070FEF703FFEEE701202070CD
:10D5BC00FEF7FEFE00224FF40051A0E7FEF7E9FE55
:10D5CC002A4B0C22EAE72A482A4EFCF7B7FDD5F184
:10D5DC00110504461CD0D8B9012D13D0C8204543E1
:10D5EC0021464FF400474FF47A704FF4FA6200234F
:10D5FC00C5FB070102F054FD224601461C48FCF70E
:10D60C006FFD04460220FEF79DFE0123337056E7A2
:10D61C000220FEF7A3FE0023F8E7FFF717FF134BDA
:10D62C001222BBE7FFF712FF0020FEF78BFE0F4B19
:10D63C001322B3E7FFF70AFF0120FEF783FE0B4B23
:10D64C001422ABE7FFF702FF0020FEF77BFE012060
:10D65C00FEF778FE054B1522A0E7FEF79AFE034B6A
:10D66C001D709CE7DC2C002038230020DD2C0020D2
:10D67C0018230020CD2C002010B5002914BF032442
:10D68C000024FEF7B5FE800000F1A040D0F8002782
:10D69C0022F44032C0F80027D0F8003743EA0443A4
:10D6AC00C0F80037002010BD022801D8FEF792BE4A
:10D6BC0000207047044B1B6813F0010301D0FFF7E7
:10D6CC00DBBE1846704700BFD82C0020022811D8AA
:10D6DC00012A0AD101290FD100F10E02D2B20D4B51
:10D6EC0000EB40001A54002070470129F7D00229A2
:10D6FC0004D049B1072070470022F8E7054B00EB36
:10D70C00400018444270EEE7024B00EB4000184416
:10D71C008270E8E7CE2C0020022802D80121FFF706
:10D72C00ABBF0620704708B5012202210020FFF78D
:10D73C00CDFF08B1072810D1072202210120FFF7E5
:10D74C00C5FF08B1072808D100210A220846FFF7B7
:10D75C00BDFF10B1072808BF002008BD0388102B9F
:10D76C0010B502D0112B1ED010BD1A4C2168B1B9C6
:10D77C0001220846FFF7AAFF08B1072824D1072287
:10D78C0002210120FFF7A2FF08B107281CD10422B7
:10D79C0002210020FFF79AFF08B1072814D1236853
:10D7AC0001332360E0E70B4A1368013B1360002B45
:10D7BC00DAD1FFF7B8FF0028D6D0074B1B68002B37
:10D7CC00D2D0BDE810401847034B1B68002BE6D0A5
:10D7DC009847E4E7E42C0020E02C002008B500205A
:10D7EC00FFF79AFF08B1062806D10120FFF794FF36
:10D7FC0010B1062808BF002008BD00000D4B10B565
:10D80C0018600C4629B10120FFF74EFF40B10223EE
:10D81C002370094B1B6853B9BDE81040FFF783BF59
:10D82C00FFF742FF08B10B23F2E72070F1E700206D
:10D83C0010BD00BFE02C0020E42C0020BFF34F8F64
:10D84C000549064BCA6802F4E0621343CB60BFF390
:10D85C004F8F00BFFDE700BF00ED00E00400FA05AC
:10D86C0033DF704776DF70477ADF70477CDF7047B5
:10D87C007FDF70478FDF7047B1DF7047436810B4AC
:10D88C0053B11448144B154910BCC01AC0080004FD
:10D89C0040F00300FCF79EB80378012B03D0022B59
:10D8AC000ED010BC70470C4B0A4C02690C49E41AA0
:10D8BC00E4088368240444F0030010BCFCF797B818
:10D8CC00054B044C02690749E41AE40883682404F4
:10D8DC00F1E700BF04050200DC040200991302000A
:10D8EC00DA1302000E140200FCF7ECB908B50020A4
:10D8FC00FFF7E0FE08B1FCF7E5F9FFF76FFF08B1A1
:10D90C00FCF7E0F9FFF7ACFF18B1BDE80840FCF7F5
:10D91C00D9B908BD08B50C4B1B789BB90B4B0C48FF
:10D92C000C49C01AC008000440F00300FCF752F880
:10D93C00094B13211888FFF795FF18B1BDE8084073
:10D94C00FCF7C0B908BD00BFC8230020DC040200EE
:10D95C0004050200441402008023002008B503785B
:10D96C004BB9054B3B211888FFF77CFF18B1BDE87C
:10D97C000840FCF7A7B908BD8023002008B548B1C2
:10D98C0003280BD10220FFF795FE38B1BDE8084003
:10D99C00FCF798B9BDE80840FFF7A8BF08BD000028
:10D9AC002DE9F3410478012C6ED0022C6CD0002CA4
:10D9BC005FD1384D384E28783044FCF79BFD2B78DE
:10D9CC000133DBB21E442B7016F8012C0A2A05D049
:10D9DC000D2A03D0314A12889A424AD8304E2E4F23
:10D9EC00DFF8C0802B78ADF806300DF106023388D5
:10D9FC003946404602F0C2F8132803463CD10134A4
:10DA0C0040F291139C42EDD1274C23782BB94FF067
:10DA1C00A0434FF48052C3F808252B78012B26D94C
:10DA2C0022491D48072202F0F9FB58B120491A4837
:10DA3C00092202F0F3FB28B11E4917480A2202F012
:10DA4C00EDFB50B900231C482370FCF777FB4FF01B
:10DA5C00A0434FF48052C3F80C2518490E480822F5
:10DA6C0002F0DCFB014610B9154AFCF7C7F900239C
:10DA7C002B7002B0BDE8F0810528C5D033F0080347
:10DA8C00C2D0FCF71FF9BFE7406802B0BDE8F04117
:10DA9C00FCF718B9FC2D0020082D00205C23002079
:10DAAC008023002084230020182F00206114020002
:10DABC006914020073140200A82300207E140200D3
:10DACC0099E201004FF0A042D2F80435D94301F499
:10DADC00805103F48053C2F80815C2F80C35704716
:10DAEC000D4B4A881B889A4214D10A8840F677233A
:10DAFC009A420FD18B88094A09480A49033B9BB2C9
:10DB0C001380094A801AC00800041A4640F003002A
:10DB1C00FBF76DBF704700BF802300205C23002003
:10DB2C000405020087140200DC040200FCF7CAB8EA
:10DB3C0038B5054D044645F001054FF47A40A84729
:10DB4C00013CFAD138BD00BF701702000F4B30B545
:10DB5C000124C3F80445D3F80044002CFBD00B4C33
:10DB6C000023934209D1002240F82320C4F8042555
:10DB7C00D4F80034002BFBD030BDCD5C40F82350E2
:10DB8C00D4F80054002DFBD00133EAE700E001404B
:10DB9C0010B50023934200D110BD50F82340CC5453
:10DBAC000133F7E710B5094C0123C4F80435D4F858
:10DBBC000034002BFBD0FFF7BFFB0023034AC4F853
:10DBCC000435D2F80034002BFBD010BD00E001402E
:10DBDC0030B5002489B01B22214601A8009402F024
:10DBEC0084FB0B480B4D1E226946FFF7D1FF0A49F7
:10DBFC000822684602F012FB38B9084802A902F064
:10DC0C00A7FB01232B7009B030BD2C70FBE700BFC4
:10DC1C0000EF0200072D0020A3140200E82C0020C6
:10DC2C0010B504462046FDF753FC00B910BD20BFCB
:10DC3C00F8E700002DE9F04792B0047800AF0546F4
:10DC4C002CB9BF4E337873B1AB8A9C4203D348379F
:10DC5C00BD46BDE8F0872B69185DFCF761FC112807
:10DC6C00F9D00134F0E70469B6490A22204602F0E3
:10DC7C00D5FAC8B9B44B01221A70B44A106851686D
:10DC8C0007F1340303C39068186007F1340002F005
:10DC9C00A8FBAF4B38841B88AE4807F1200207F174
:10DCAC00340101F06BFFD2E70722AB49204602F0AA
:10DCBC00B5FA024640B9A449A84801230B7041F2B9
:10DCCC0033313370FCF70CFAD5F81080A4494FF0BF
:10DCDC00A0464FF48053C6F80C350822404602F09B
:10DCEC009DFA0446002840F0AA809E4A9E4D10687A
:10DCFC005168128907F1080303C31A809B4A106804
:10DD0C00516807F1140303C31189927A198007F142
:10DD1C0008009A7002F065FB386007F1080002F009
:10DD2C0060FB10227860214607F124003C6202F06F
:10DD3C00DCFA132208F1080107F1200002F092FA34
:10DD4C008B4BED1A8B4BED081E782D0445F003051B
:10DD5C00002E55D01022214607F138007C6302F0CA
:10DD6C00C4FA8548FFF75CFF07F13402824814239C
:10DD7C004FF43C31FDF738FA87F8474007F134028D
:10DD8C0012F8013B013BDBB2FD2B03D80134142C00
:10DD9C00F6D10024224607F1200107F1340002F0ED
:10DDAC003DFA6B4BDFF8A0811E88E8B907F1200023
:10DDBC0002F017FB844217D1012388F8003007F1D9
:10DDCC000801644833463A4601F0D8FE6B492846B0
:10DDDC00FBF700FE6848FFF723FF4FF0A0434FF41A
:10DDEC008052C3F8082532E7002388F8003007F189
:10DDFC001401584833463A1D01F0C0FE6049E6E76D
:10DE0C00604907F1200002F0C5FA514B4E4A1B88BD
:10DE1C0060B9012111704F4807F108013A4601F031
:10DE2C00ADFE56492846FBF7D5FDD6E7167007F12F
:10DE3C00140148483A1D01F0A1FE5149F2E752493C
:10DE4C000822404602F0EAF9814678BB2C7D414815
:10DE5C00E31EBB863E4B07F134021B8808F103011D
:10DE6C0001F08CFE6420FFF763FE0B2C7FF6EFAE07
:10DE7C0004F1080303F4FC73ADEB030D296922468E
:10DE8C00684602F0EFF941480DF80490FFF78AFE5E
:10DE9C006420FFF74DFE3D4822466946FFF756FECB
:10DEAC004FF47A70FFF744FEFFF7C8FC384907229D
:10DEBC00404602F0B3F9044600286FD12E7DDFF8FE
:10DECC00B8A0073EB6B25046FFF7AAFE06F108030B
:10DEDC00E846DB082969A8EBC3039D4632460731A7
:10DEEC00684602F0BFF90DF80640DAF804305B68BA
:10DEFC005C1E3444B4FBF3F45C43E31D23F00703D2
:10DF0C00E946ADEB030D6D462246FF21284602F093
:10DF1C00ECF932464946284602F0BEF9144B124839
:10DF2C001C49C01AC008000440F00300FBF752FD66
:10DF3C00194AA1B22846FBF761FFC54687E600BF28
:10DF4C00182F0020AC140200C82300203D1502003D
:10DF5C008023002084230020B7140200A823002073
:10DF6C00BF140200491502000405020053150200FB
:10DF7C00DC04020042360020DC220020C81402001F
:10DF8C00D4140200C9230020A314020000EF0200E5
:10DF9C00E4140200EC140200E5E1010041490722FF
:10DFAC00404602F03BF9B8B903234FF40074C6F8AD
:10DFBC0024370A20C6F85037C6F80C45FFF7B8FDD1
:10DFCC00C6F808454FF48014C6F808456420FFF7DE
:10DFDC00AFFDC6F80C453AE633490822404602F03C
:10DFEC001DF910BB314A51681068127A07F13403DD
:10DFFC0003C307F134001A7002F0F3F92C4B388488
:10E00C001B882C4807F1200207F1340101F0B6FD02
:10E01C004FF400740323C6F824376420C6F80C456B
:10E02C00FFF786FDC6F808453EE70323C6F85037D0
:10E03C00214BDFF888904FF48014C6F8084543F064
:10E04C0001034FF4807098471D4BC6F80C451D4CCE
:10E05C00E41AE408240444F001044FF00008AA8AEE
:10E06C0090450BD32B69134413F8013C0D2B7FF413
:10E07C00EEAD0A20FCF754FA1128F8E72B6913F8D7
:10E08C000800FCF74DFA064648B11128F6D00246B6
:10E09C0049462046FBF7A2FC3046FBF713FE08F17D
:10E0AC000108DCE701150200091502005E150200EB
:10E0BC008023002084230020701702001215020018
:10E0CC00DC040200040502002DE9F0413449354816
:10E0DC000022FDF757F808B1FBF7F4FD324B334C37
:10E0EC00304D3349EA68E41AE408240444F003068A
:10E0FC003046FBF773FC2A692E493046FBF76EFC61
:10E10C006B682D491A683046FBF768FC2B494FF4B5
:10E11C003C323046FBF762FC294901223046FBF7C2
:10E12C005DFCEB68B3F53C3F03D82969B1F53C3F86
:10E13C0006D8244944F00100BDE8F041FBF74ABC85
:10E14C006B681A684FF43C38B8FBF2F35343B8EBE6
:10E15C00030701D01C49EDE702F53C32914201D294
:10E16C001A49E7E72846FFF75BFD19493046FBF7EC
:10E17C0031FC3B46012241462846FDF73FF908B1E8
:10E18C00FBF7A0FD0748FFF74BFD30461149FBF7A5
:10E19C0021FCBDE8F0414FF47A70FFF7C9BC00BF19
:10E1AC0028130200DC220020DC040200040502001B
:10E1BC00671502007D15020091150200AB150200D7
:10E1CC00C0150200D4150200EE150200191602004B
:10E1DC00361602004E1602002DE9F04F244B254C4A
:10E1EC00E41AE408240444F003080E4685B0814682
:10E1FC0021494046FBF7EEFBB6B3204F2049DFF830
:10E20C0084A04046FBF7E6FB3846FFF709FDFFF715
:10E21C005BFF3846FFF704FD7B685B6803930025C2
:10E22C00DDF80CB0731B9B4528BF9B460023009365
:10E23C0009EB05025B4605F53C313846FDF744F821
:10E24C00024638B1104944F0010005B0BDE8F04F6A
:10E25C00FBF7C4BB51464046FBF7BCFB5D4438465C
:10E26C00FFF7DEFCAE42DBD805B0BDE8F08F00BF97
:10E27C00DC0402000405020067160200DC22002008
:10E28C0079160200A116020085160200084C08B58A
:10E29C002046FFF7C5FCFFF717FF2046FFF7C0FC31
:10E2AC006420FFF745FC0348FFF77CFCFFF7C6FA38
:10E2BC00DC22002000EF020008B50849084801F0F4
:10E2CC00FAF908B1FBF7FEFC0548F72101F002FA58
:10E2DC0018B1BDE80840FBF7F5BC08BDEDDA01004C
:10E2EC00F82E002030B50D4D0FCD8BB004AC0FC403
:10E2FC000B4B009395E803004FF400730193094B0B
:10E30C0002934FF4806384E803000393064A0523C9
:10E31C00694604A8FCF796F80BB030BD4C17020008
:10E32C00192F002043360020ADD901000388212B82
:10E33C0037B5044666D032D8112B38D0132B6FD09A
:10E34C00102B32D1414B42484249C01AC00800043C
:10E35C0040F00300FBF73EFBFFF7C4FF4FF0A04378
:10E36C004FF48052C3F808250720FFF7A3F908B132
:10E37C00FBF7A8FC384BA1883848198001F084FAC7
:10E38C0008B1FBF79FFC364800224FF40041FBF725
:10E39C00A7FE50B103B0BDE83040FBF793BC522B45
:10E3AC0046D0562B4CD03B2B4AD003B030BD274B1C
:10E3BC00274C2C49E41AE408240444F003042046B6
:10E3CC004FF0A045FBF706FB4FF48053C5F80C3516
:10E3DC00FCF7CEF8244902462046FBF7FFFA1E4B09
:10E3EC001F484FF6FF721A80FBF7A8FE08B1FBF727
:10E3FC0069FC4FF48033C5F80C356420FFF798FBAB
:10E40C00FFF71CFA002380888DF8043001A98DF8E1
:10E41C000530FFF72FFA0028C7D0FBF753FCC4E7F1
:10E42C000D4800231A4685210088FFF721FAB0E732
:10E43C00094800231A4619460088FFF71DFAA8E779
:10E44C00A0881321FFF70EFAA3E700BFDC0402003B
:10E45C0004050200C5160200802300200C2F0020AA
:10E46C0060230020CF1602009716020030B5994B9E
:10E47C00002018704FF080430122B3B0C3F8782508
:10E48C004FF48041DA67FBF707F908B1FBF71AFC88
:10E49C00FBF742F8FBF7E0FD08B1FBF713FC8E4AE3
:10E4AC008E480021FBF70AFE08B1FBF70BFC8C4AE7
:10E4BC008C480121FBF702FE08B1FBF703FC8A49EB
:10E4CC008A480022FCF75EFE08B1FBF7FBFB87488D
:10E4DC00FFF7A6FB02AA854814234FF43C31FCF746
:10E4EC0083FE002502AA12F8013B013BDBB2FD2B97
:10E4FC0003D80135142DF6D100257D4B7D4C7E497A
:10E50C00E41AE408240444F003042A462046FBF7EA
:10E51C0065FA05F1C8036B4400220A2D03F8C02CE0
:10E52C000DDD764902A801F035FF0123002840F0EB
:10E53C00C980734A734913702046FBF74BFA724932
:10E54C0002AA2046FBF74AFA6848FFF769FB07A9BD
:10E55C000020FFF753F908B1FBF7B4FBFCF78EFD75
:10E56C0008B1FBF7AFFB4FF47A70FFF7E1FA01F05B
:10E57C0099FB08B1FBF7A6FB002307A90120079321
:10E58C0001F062FC08B1FBF79DFB07A801F01CFD34
:10E59C0008B1FBF797FBFFF71BFB11238DF8043039
:10E5AC005A4B1B78002B00F09180594801F019FF51
:10E5BC00574982B201A8FFF759F908B1FBF782FB62
:10E5CC000023ADF820300623ADF81C300C23ADF839
:10E5DC001E3007A84FF4C873ADF82230FFF744F98A
:10E5EC0008B1FBF76FFBFFF767FE4A4B4A480793EE
:10E5FC0007A901F037F908B1FBF764FB474B484812
:10E60C00019301A901F03EFA08B1FBF75BFBAC22C8
:10E61C00002107A801F069FE02238DF81C300623A7
:10E62C008DF81F300123ADF868308DF898304FF419
:10E63C007A733C4A29933C483C4B1B9207A9309374
:10E64C0000F0C7FB08B1FBF73DFB3748012100F098
:10E65C00BDFB1422002107A801F047FE4FF4F02364
:10E66C004FF4A032CDE90823314B0C930324314BEA
:10E67C008DF8284007A80D9300F050FE08B1FBF769
:10E68C0021FB4FF0A0434FF48052C3F8304717489A
:10E69C00C3F80C25C3F84047FFF7C2FA1421264AE9
:10E6AC004020FBF787FB2048032100F002FC08B157
:10E6BC00FBF708FBFBF706FCFBF740F80028FBD147
:10E6CC0020BFF7E71D4A1E49137035E71D49092283
:10E6DC0070E700BFC823002021D901007817020081
:10E6EC00D1DA01007C17020028130200DC22002082
:10E6FC00DC04020004050200DC160200E61602002F
:10E70C0041360020F81602001A170200072D0020CF
:10E71C00E82C0020F5D801000C2F002041DC010072
:10E72C008423002058230020002E002089D90100CA
:10E73C0069D9010039DB0100193100204236002073
:10E74C0009170200411702000369C26893429CBF7B
:10E75C0080681B18013B981A70472DE9F843D0E9E3
:10E76C0002940546A9EB04084068904520440F46E6
:10E77C00144404D901F090FDEC60BDE8F8834246E6
:10E78C00A4EB090401F088FD6868224607EB080138
:10E79C00F0E72DE9F843C5680646894617464FF061
:10E7AC0000083469B3687068A54228BFE418013CBE
:10E7BC00621B5C1BBC4228BF3C46944228BF1446DB
:10E7CC0049462844224601F067FDB3682544AB4214
:10E7DC0008BF00253F1BA044A144F560E1D1404691
:10E7EC00BDE8F88310B5114C114AA2610223C4E9AB
:10E7FC000433104BE361A2644FF400730E4A0F49CB
:10E80C002362E26400231022E01DA3626362E362D0
:10E81C00A3656365E365226501F09AFD084920460E
:10E82C0001F096FD2023A37110BD00BF443A0020D7
:10E83C0080170200CC3A0020BC3A00208917020055
:10E84C008D17020070B5164B182400FB04451D44AF
:10E85C0004FB00331646DC6A012C0ED0022C18D0B7
:10E86C00E4B92846FFF770FF864204D832462846A2
:10E87C00FFF773FF3446204670BD2846FFF764FF50
:10E88C008642344628BF044622462846FFF765FFD9
:10E89C00F1E72846BDE87040FFF77BBF0024EAE7AC
:10E8AC00443A0020FFF79EBF6DDF704779DF704759
:10E8BC007DDF704764DF70472DE9F04F85B0002590
:10E8CC000E9CBDF83CB0B4F800A0019107469046F0
:10E8DC001E46A9463A884A450DDC45B12388013BC2
:10E8EC00A3EB0A039BB2FF2B3AD806F80A300020A0
:10E8FC0005B0BDE8F08F7A6852F829000390002229
:10E90C000DF10B0103A8FFF7D5FF0028F0D19DF8FE
:10E91C000B20424521D12288002D14BF002002205B
:10E92C0002EB0801014459451ADC3DB9013292B29F
:10E93C00019B2280B35422880132228022880DF15F
:10E94C000B01324403A8FFF7B5FF0028D0D1218872
:10E95C009DF80B200A442280012509F10109B9E731
:10E96C000C20C5E72DE9F341089FBDF8248015461E
:10E97C00CDE90078022204461E46FFF79DFF50B9F0
:10E98C003346102229462046CDE9087802B0BDE86E
:10E99C00F041FFF791BF02B0BDE8F0812DE9F04FD7
:10E9AC0000231788138090F82D3085B006460D464D
:10E9BC0014465BB3082F01D80C2028E102A8FFF7FE
:10E9CC0073FF002840F023812388DDF8091008220A
:10E9DC00EA54238801339BB21B222380EA542388F8
:10E9EC0001339BB2EA182380E950BDF80D309380B7
:10E9FC0023889DF8082006339BB212F0FE0218BF44
:10EA0C0001222380EA54238801332380B378FBB19D
:10EA1C0023880433BB42CFD802A8FFF747FF002856
:10EA2C0040F0F58023880322EA54238801339BB2FB
:10EA3C0019222380EA542388BDF8082001339BB2A5
:10EA4C00E9182380EA54120A4A702388023323807F
:10EA5C00F2789AB12388D91CB942ADD80221E95475
:10EA6C00238801339BB201212380E95423880B4472
:10EA7C009BB22380EA5423880B4423807268AAB18A
:10EA8C002388D91CB94297D8022192F90020E95465
:10EA9C00238801339BB20A212380E9542388013354
:10EAAC009BB22380EA542388013323803389002BC3
:10EABC0040F0A180338A5BB1CDE900472B46072299
:10EACC00032106F11000FFF74DFF002840F09F8056
:10EADC00338B5BB1CDE900472B461522142106F18F
:10EAEC001800FFF73FFF002840F09180326A002A9F
:10EAFC0040F09080D6F82480B8F1000F30D0B8F8F0
:10EB0C0004302188981C8A1C0244BA423FF654AF48
:10EB1C00FE283FF651AF03336B54238801339BB26D
:10EB2C00FF222380EA54238801339BB22380B8F858
:10EB3C000020EA54E918120A4A702088023080B288
:10EB4C002080B8F804205AB1D8F8081000296BD0EE
:10EB5C00284401F0A1FB2388B8F804201344238037
:10EB6C0096F82C30002B40F09880307800284ED04E
:10EB7C003388012B58D0228802F1020CBC453FF699
:10EB8C001BAF012805D17378023313449F42FFF465
:10EB9C0013AF023FBF1ABFB202A905EB0C00ADF8D0
:10EBAC000870FFF785FE90BB3178BDF8083002295C
:10EBBC0000F0B98072789A4202D39F4280F0B18003
:10EBCC00012940F0B280974293B2C0F0AE80ADF80C
:10EBDC0008300821BDF80830FE2B3FF6EDAE228838
:10EBEC000133AB542288013292B22280A95422887C
:10EBFC00134423800BE0CDE900472B46062202216B
:10EC0C0006F10800FFF7AEFE00283FF453AF05B045
:10EC1C00BDE8F08FB4F800C00CF10603BB423FF620
:10EC2C00CBAE1188052901D80720F0E76FF4486EA8
:10EC3C0001EB0E039BB24FF27D3E7345F4D9538822
:10EC4C00052BF1D96FF44860181880B27045EBD9D8
:10EC5C004FF6FF70814201D09942E5D8052305F8A3
:10EC6C000C30238801339BB212212380E954238872
:10EC7C0001339BB223801188E954E818090A4170CA
:10EC8C00238802339BB223805288EA54E918120A73
:10EC9C004A702388023323802CE7B36A002BC3D03D
:10ECAC004FF000084FF00C0A4FF0160BB16A5FFAE8
:10ECBC0088F20AFB02F201EB0209B9F80430981C45
:10ECCC00FE283FF679AE208803332B54238801337A
:10ECDC009BB2238005F803B0238801339BB22380B9
:10ECEC008A5AEA54E918120A4A702088023080B213
:10ECFC002080B9F804205AB1D9F80810002993D013
:10ED0C00284401F0C9FA2388B9F80420134423805D
:10ED1C0096F82C2008F101085FFA88F39A42C5D8BE
:10ED2C0023E7092156E79F42FBD2ADF8087050E764
:10ED3C0030B5C8B1F2B10024651C8D4206DA1588D5
:10ED4C00A54212D805196D789D420ED1A14211D958
:10ED5C00005D48B1013880B230B10234A3B210FA70
:10ED6C0084F4A14206DB138030BD055D01352C44D3
:10ED7C00A4B2E1E70020F7E713B513460022ADF883
:10ED8C0006200DF106020446FFF7D2FF10B1BDF8C4
:10ED9C000600204402B010BD72DF704773DF70476D
:10EDAC0038B5012204460D46B0F8D810D0F8D4007E
:10EDBC00FFF7E2FF00B1057004F13C0204F1D4014D
:10EDCC0004F15400BDE83840FFF7E6BF80F830107E
:10EDDC007047F8B504460F46002966D0002864D069
:10EDEC0091F87A301BB191F89830002B5FD1D7F89D
:10EDFC00A030042B5BD0D7F89C30042B57D04FF0AD
:10EE0C00000C84F802C007F178060FCE251D0FC543
:10EE1C000FCE0FC596E8070085E8070084F830C0D0
:10EE2C00D7F8A4306363D7F8A830A36304F1D402F5
:10EE3C004FF6FF73C4F8EAC0A4F8E830C4F8E42035
:10EE4C00C4F8EDC022780AB984F85430224604F193
:10EE5C0055011F25C4F8D410384622F8D85FFFF7A7
:10EE6C009DFD08BB224604F19301C4F8DC1007F1A8
:10EE7C003C0022F8E05FFFF791FDA8B9A369A4F864
:10EE8C0048304FF480730125A4F850306369206436
:10EE9C00014684F83C50636404F13C0204F15400D4
:10EEAC00FFF77AFF00B92570F8BD0E20FCE70720AC
:10EEBC00FAE7F8B5077804460D46002F00F0F68007
:10EECC000023C0F8EA30C0F8ED30C388817000F13F
:10EEDC00EA060BB1012903D0E37943B1022D06D127
:10EEEC00636BABB1012284F8F1200820984704F140
:10EEFC00EB0304F1F10113F8012B12B99942FAD189
:10EF0C0017466B1E032B4ED8DFE803F0050B0F12D0
:10EF1C0084F8F130EBE7A3791BB194F8243003B9F2
:10EF2C005FB9E3790BB1002F3FD1237A002B3ED18F
:10EF3C00637A002B0CBF00250425636BA570002B96
:10EF4C0037D0033D012D34D8627992B394F8F22076
:10EF5C007ABB84F8F420012284F8F3200720984728
:10EF6C0004F13C0518220021284601F0BEF9E26AA2
:10EF7C00531E0121022B94F8243084F83C1028BF36
:10EF8C000A4684F8512033B1A36A5A1E022A28BFBC
:10EF9C000B4684F85230A378042B1CD8DFE803F01E
:10EFAC006D0D233353000025C7E70225C5E7032564
:10EFBC00C3E7002384F8F330D2E7012384F831301F
:10EFCC000023C4E91063C4F8E430022384F83C3015
:10EFDC008023A4F84830A378002B52D1636B002B0C
:10EFEC0060D100205DE0022384F83130032384F8E3
:10EFFC003C302369A4F848300023C4F8E430E368BB
:10F00C0026646364E7E763696364A369A4F8483022
:10F01C006379B3B194F8F2309BB994F8F43083B1BE
:10F02C00022384F8503004212046FFF7B9FE002853
:10F03C00D1D1052384F8313004F1D403C4F8E43081
:10F04C00C9E70323F6E7E3696364236AA4F848304D
:10F05C00637983B194F8F2306BB994F8F43053B10E
:10F06C00022384F8503004212046FFF799FE002833
:10F07C00B1D10623DEE70423DCE7002384F831302A
:10F08C00A9E7D4F8E4102A4604F15400FFF784FEF3
:10F09C0038B994F8301094F85400FFF77FFE00282C
:10F0AC009CD0F8BD94F8310098479AE70820F8E70F
:10F0BC000388112B10B50C460AD0262B1FD0102B11
:10F0CC0005D1C37B012B02D18388A1F8E83010BD98
:10F0DC000022838881F8F220B1F8E8209A42F6D118
:10F0EC000B79002BF3D101212046FFF7E2FE00281B
:10F0FC00EDD0A36B002BEAD0BDE810401847037A83
:10F10C00013B012BE3D8897805230131B1FBF3F3E3
:10F11C0003EB8303C91AC9B2E6E775DF704776DFE4
:10F12C0070477ADF70477BDF70470000034B1A880B
:10F13C0082420CBF18460020704700BFE83C0020FC
:10F14C00024B9B6903B11847704700BFCC3C0020B1
:10F15C0073B585B22846FFF7E9FF044638B3174E5E
:10F16C00027A337B9A420CD200F10A012846FFF74F
:10F17C00D4FFF0B111281AD002B0BDE87040FFF7EF
:10F18C00DFBF00230372337C43B13B212846FFF7DA
:10F19C00C6FF30F0080301D0FFF7D2FF736933B11B
:10F1AC0000228DF80420ADF8065001A8984702B053
:10F1BC0070BD237A01332372F9E700BFCC3C0020E9
:10F1CC0013B50B46497A02460E4871B9D0E90110C5
:10F1DC001C7A002C18BF01465868FAF781FF78B1E9
:10F1EC0002B0BDE81040FFF7ABBF002119724369B4
:10F1FC0033B101218DF80410ADF8062001A8984711
:10F20C0002B010BDCC3C00204B8802889A4212D828
:10F21C0042889A420FD380888B8840F2F31188423F
:10F22C0094BF021A421A9A4205D80844984234BF35
:10F23C000020012070470020704700000388122B2B
:10F24C0070B5014659D004D8102B1ED0112B44D0C8
:10F25C0070BD502BFCD12F4BC288DB899A42F7D161
:10F26C00038A022BF4D186883046FFF75FFF0546F0
:10F27C000028EDD001F1120000F071F938BB68687C
:10F28C00FAF75CFF0028E3D009E0C37B012BDFD148
:10F29C004FF6FF70FFF74AFF054620B90420BDE882
:10F2AC007040FFF74DBF1C4A8E8806800023037206
:10F2BC001368C0F80A305368C0F80E3010310A30A9
:10F2CC00FFF7A2FF134B6872DB89002BC0D12946D4
:10F2DC003046BDE87040FFF773BF8088FFF726FF0C
:10F2EC0004460028B4D04068FAF728FF08B1FFF7AD
:10F2FC0027FF4FF6FF732380AAE786883046FFF777
:10F30C0015FF05460028A3D008310A30FFF77CFF13
:10F31C006872DCE7CC3C0020FC3C0020F8B50646CB
:10F32C0048B305460FCD154F3C460FC495E8070072
:10F33C0084E807003068124C3C60B0B1FFF7F1FE76
:10F34C00C0B9326813682360536863600D480E4A75
:10F35C004FF6FF7303800D4B40F8043F0021FAF782
:10F36C00ADFE002818BF032004E02046FFF7DBFEAB
:10F37C000028EBD0F8BD0E20FCE700BFCC3C0020F1
:10F38C00FC3C0020E83C00205DF10100083D002021
:10F39C000AB1FBF721BBFBF728BB73B50191019CAC
:10F3AC0006466CB100252C46294601A8FBF727FB25
:10F3BC0018B106EB440301349D800135142DF3D1B3
:10F3CC003046346002B070BD2DE9F0430388848868
:10F3DC00103B8DB00A2B1ED8DFE803F006361D1D3E
:10F3EC001D1D1D1D1D5B3D002E4FBB68DB43009397
:10F3FC0079686846FBF73BFB009901A8FFF7CDFF46
:10F40C000DF108080026019B9E4207D3132C12D93C
:10F41C000420FAF757FC0DB0BDE8F08338F8029BD6
:10F42C0000250135494607EB8500FBF7DEFA1E2D5A
:10F43C00F7D10136E7E721461B48FBF7CDFA1B480D
:10F44C002146FBF7C9FAE6E7174821460DB0BDE89F
:10F45C00F043FBF7CABA027A15483F2A4FEA121555
:10F46C00214694BF00220122FFF792FF022D94BF88
:10F47C00002201220F482146FFF78AFF012D0E487A
:10F48C0094BF0022012221460DB0BDE8F043FFF7E6
:10F49C007FBF037A002BBED1427A0548C2F3C0026B
:10F4AC002146F1E7283D0020303D00202C3D002076
:10F4BC00403D00203C3D0020383D002013280146F3
:10F4CC0002D80248FBF79BBA002070472C3D002065
:10F4DC0010B50446FFF7F2FF002814BF2046142095
:10F4EC0010BD70B50546164608460AB90E2070BD0B
:10F4FC0000231360002DF9D02B68002BF6D0EB887D
:10F50C0013F003040ED1FFF7E3FFC0B214280BD0A5
:10F51C002B7983420AD9EA882B6800FB02303060D1
:10F52C002046E4E70720E2E70520E0E70420DEE7D9
:10F53C00AADF7047002301380B70042806D8DFE8D7
:10F54C0000F00306080A0C0011230B7070472123EE
:10F55C00FBE73123F9E71223F7E72223F5E70088CD
:10F56C0000F001007047F0B58B7891B00C46012B80
:10F57C0038BF012300278DF80E3005460B88607CC0
:10F58C00ADF80C306946ADF800708DF80270FFF7DD
:10F59C00D1FFA07C0DF10101FFF7CCFF1646237BB8
:10F5AC00E27B217D43EAC203227C43EA02139DF8ED
:10F5BC000220B94222F0190203F0190314BF0221F0
:10F5CC000121134361F342031C22394609A88DF82B
:10F5DC00023000F08AFE637B13F0300F14D00DF173
:10F5EC000901E07CADF808708DF80A70FFF7A2FFF6
:10F5FC0011238DF808309DF80A30012102AA61F31D
:10F60C0042038DF80A300E92637B8DF82430A37B75
:10F61C008DF825300023CDE90633089303AB049312
:10F62C00A388ADF81C30A368CDF814D01BB1E288C8
:10F63C00ADF818200893A36973B301A90022ADF8A3
:10F64C0004208A701A88ADF82C205A88ADF82E2028
:10F65C005A680D91187B0A92FFF76CFFA3690DF1A4
:10F66C000501587BFFF766FFA3699A7A197A41EA7C
:10F67C00C201DA7A9B7B41EA02119DF80620002B2D
:10F68C0001F0190122F0190214BF022301231143C6
:10F69C0063F342018DF80610E36903B10C93334612
:10F6AC0004AA09A92846FFF743FF11B0F0BDA5DF56
:10F6BC007047B5DF704758B14FF0F7130360FB2369
:10F6CC000371F723C3801723C16083600020704748
:10F6DC000E20704730B1A1F11703E02B04D8018044
:10F6EC00002070470E2070470720704713B5034663
:10F6FC0080880C4690B91A883A2A68D010D8102AFB
:10F70C003DD0112A5ED0A37A43B1E1880020FFF7E7
:10F71C00CEFF002876D14FF48073638102B010BD08
:10F72C00552AF0D1DB88C988A072172B38BF172354
:10F73C008B4228BF0B462381FFF7BBFF60B1FBF761
:10F74C0017FD394B3949024639481B1ADB081B0493
:10F75C0043F00100FAF742F9E27A002AD3D1E368C8
:10F76C00002BD0D040F67721ADF802202289ADF8DD
:10F77C000010ADF80420694620469847C3E7DB7BB0
:10F78C00012B04BF0B88CB80C98823898B42BAD24A
:10F79C000020FFF78CFF10B90123E372B3E71128A7
:10F7AC0002D10123A372AEE7FBF7E2FC1E4B214909
:10F7BC0002461F481B1ADB081B0443F00100FAF732
:10F7CC000DF9A0E7F723CB8017238B609BE75B89B0
:10F7DC00CA88934228BF1346172BCA6838BF172311
:10F7EC000B8162B1C97A51B140F67721ADF80010A6
:10F7FC00ADF80200ADF8043069462046904700236E
:10F80C00638180E7112889D0FBF7B2FC064B0949CC
:10F81C00024607481B1ADB081B0443F0010002B028
:10F82C00BDE81040FAF7DAB834050200C51702003B
:10F83C00DC04020094170200B0DF704766DF7047EB
:10F84C0010B5002104464088FFF7F8FF034608B9BD
:10F85C00237210BD112801D10123F9E76368BDE8BB
:10F86C001040184760B159B10378DE2B0AD00B68F1
:10F87C004360DE2303704FF6FF7343800020704714
:10F88C000E2070470820704728B10378DE2B04D176
:10F89C004180002070470E20704708207047F0B55B
:10F8AC00054685B00C46002942D0002840D00B7884
:10F8BC00DE2B3DD182884B889A4204D10B7A13B14E
:10F8CC000846FFF7BDFF2B88112B33D0512B0FD0DF
:10F8DC00012B2DD12B7A012B2AD1A9886288914238
:10F8EC0026D12046237205B0BDE8F040FFF7A8BF33
:10F8FC00AE886388B3421BD1AF79022F18D1AD7B90
:10F90C002B1F022B14D800211022684600F0EDFCAE
:10F91C00052D18BF4FF4C0736946304618BFADF8BB
:10F92C0004308DF80070FFF787FF08B163689847C3
:10F93C0005B0F0BD6388AA889A4204BF4FF6FF73E6
:10F94C006380F5E7A8DF7047ADDF7047AEDF704727
:10F95C0062DF7047F0B505468BB00C4600295FD0CE
:10F96C0000285DD00388502B35D0572B6CD0102B32
:10F97C0056D181886069002601AA0196FFF7B1FD76
:10F98C0002232189A888ADF80A6002AACDF80CD010
:10F99C00ADF80830FFF7D8FF002841D1A369002B40
:10F9AC003ED00398FFF7DBFD002839D0019E0EB145
:10F9BC00012333701822002104A800F096FC0223C6
:10F9CC008DF81030AB88ADF81830A3690594079604
:10F9DC0004A8984724E08188606902AAFFF781FD9A
:10F9EC001822002104A800F080FCAB882189ADF816
:10F9FC001830EB88029A05949942079217D12E8AF7
:10FA0C00022E14D162B105F11200FFF7A8FD029B82
:10FA1C0040B101221A708DF81060A369002BD7D168
:10FA2C000BB0F0BD187003238DF81030F5E7A289E8
:10FA3C009A42F5D1A369002BF2D005F1120208927B
:10FA4C002A8AADF82420C3E78188606902AAFFF7EF
:10FA5C0048FD01460028E3D1029F3B78002BDFD004
:10FA6C00A669002EDCD0182204A800F03EFC01236D
:10FA7C008DF81030AB880594ADF81830079704A8B2
:10FA8C00B047CDE7F0B53B4B8FB002AD04460A460C
:10FA9C0003F1100C2F46186859682E4603C608331C
:10FAAC0063453546F7D1002C62D0002A60D013682C
:10FABC00A36121463846FFF74BFF002856D122465A
:10FACC0001A912F8023B8DF80630012043F27C2389
:10FADC00ADF80430FFF736FF002847D1014620224D
:10FAEC0006A800F002FC22460223ADF8183012F8EA
:10FAFC000C3B8DF81A30BDF824301F4D60880795EB
:10FB0C0023F44F6323F00F0343F44063012643F0C7
:10FB1C00010306A9ADF824308DF829608DF82A6010
:10FB2C00FFF721FD10BB0146202206A800F0DDFBEB
:10FB3C0022460323ADF8183012F8043B8DF81A3026
:10FB4C00BDF824306088079523F4875323F01F03F6
:10FB5C0043F480533343ADF8243006A940F201132B
:10FB6C008DF82960ADF82A30FFF7FDFC0FB0F0BD21
:10FB7C000E20FBE709180200F4000100F0B50F4657
:10FB8C0087B016461C46054610B3406901AA1946B3
:10FB9C00FFF7A7FCD0B94FF6FF739C421AD0019B1C
:10FBAC00C3B11B78C3B13388F42B17D8AB88CDF80D
:10FBBC000B008DF80F00ADF8083002A90123204688
:10FBCC00CDE904678DF80A30FFF7C0FE07B0F0BD31
:10FBDC000E20FBE70520F9E70820F7E70720F5E7FB
:10FBEC0010DF704711DF704713B5044609496846AA
:10FBFC00FBF763FA019808B902B010BDD0E90031E7
:10FC0C002046984718B16846FBF761FAF2E71120D5
:10FC1C00F2E700BF2818020013B5044607496846EE
:10FC2C00FBF74BFA019B0BB902B010BD2046D3E990
:10FC3C00002190476846FBF74AFAF3E740180200A8
:10FC4C00084B9A6822B11A6822F480021A60704735
:10FC5C00054B4FF48002C3F88020BFF34F8FBFF3E6
:10FC6C006F8F7047882A002000E100E00B4991F863
:10FC7C0016335A09EC231341DB0706D5084B9A6857
:10FC8C003AB94FF480030B60704742F20200FAF766
:10FC9C0019B81A6842F480021A60704700E100E05B
:10FCAC00882A0020F7B5194F3C7864BB184E012503
:10FCBC0020463570FFF798FF112821D02046FFF71A
:10FCCC00ABFF144B8DF80340186801900DF1030045
:10FCDC00FAF762FC104901A8FFF782FF0446B0FA5C
:10FCEC0080F0400938709DF80300FAF779FC3CB9B4
:10FCFC000A4B34701C70FFF7B9FF2846FFF78CFFD6
:10FD0C00204603B0F0BD0824FAE700BFA53D002053
:10FD1C00A43D002021180200ED9C0100A63D00200E
:10FD2C00F7B5154F3B781BB3144E01203070FFF71D
:10FD3C005BFF11284FF000051CD00220FFF76CFF71
:10FD4C000DF107008DF80750FAF726FCFFF74AFF74
:10FD5C0004469DF807003D70FAF742FC2CB90320CD
:10FD6C003470FFF76DFFFFF757FF204603B0F0BD6F
:10FD7C000824FAE72C46F8E7A53D0020A43D002016
:10FD8C00054B1B7833B1054B1B780BB1FFF7C8BF84
:10FD9C00FFF788BF08207047A43D0020A53D002038
:10FDAC00014B1878704700BFA53D002007B50849E6
:10FDBC006846FBF782F9019B13B903B05DF804FBAD
:10FDCC00D3E9002090476846FBF781F9F3E700BFC1
:10FDDC0034180200FFF7EABF60DF704769DF704735
:10FDEC0061DF704730B5134DADF5017D4FF4FA74FA
:10FDFC000DF1020103A8ADF80240FFF7F1FF70B955
:10FE0C00294601A8FBF759F9029B002BF0D003A857
:10FE1C00D3E90021904701A8FBF759F9F4E705282D
:10FE2C0005D00DF5017DBDE83040F9F74BBF0DF560
:10FE3C00017D30BDC81A0200024B1B780BB1FFF7D5
:10FE4C00D1BF7047A73D002030B5054685B00C46A4
:10FE5C00002900F0A4800023CDE90133514A03931B
:10FE6C0001230A608DF804008DF8063001A90623E1
:10FE7C002020ADF80830FFF7B1FF60B1FBF778F93F
:10FE8C00494B4A4902464A481B1ADB081B0443F0FB
:10FE9C000100F9F7A3FD0023CDE901330393226898
:10FEAC00012301A940208DF80530FFF797FF60B1C1
:10FEBC00FBF75EF93C4B3F4902463D481B1ADB08F9
:10FECC001B0443F00100F9F789FD0023CDE9013350
:10FEDC00039322688DF80450F72301A92320ADF871
:10FEEC000630FFF77BFF60B1FBF742F92E4B32492E
:10FEFC0002462F481B1ADB081B0443F00100F9F7DC
:10FF0C006DFD002301202268039301A9CDE9013383
:10FF1C008DF80400FFF762FF60B1FBF729F9224B63
:10FF2C002649024622481B1ADB081B0443F0010039
:10FF3C00F9F754FD0023CDE9023322684FF4B06386
:10FF4C0001A9A1200193FFF749FF60B1FBF710F95C
:10FF5C00154B1B49024616481B1ADB081B0443F0C1
:10FF6C000100F9F73BFD00252268039501A9A020AB
:10FF7C00CDE90155FFF732FF034668B1FBF7F8F8FE
:10FF8C00094B104902460A481B1ADB081B0443F0B4
:10FF9C000100F9F723FD2B46184605B030BD0E23A2
:10FFAC00FAE700BFC82200204C0502004C180200E2
:10FFBC00DC04020092180200DE180200251902006F
:10FFCC0071190200C2190200F8B506460768FFF75E
:10FFDC0003FF3368BB4205461DD91948194C1A4911
:10FFEC00241AE408240444F002042046F9F7F2FC35
:04FFFC003368164907
:020000022000DC
:100000003A462046F9F7F9FC4FF080533268D3F8AE
:100010000C3112499B0203F100539A1A2046F9F75A
:10002000E3FC25B90E4B01221A702846F8BD28467C
:10003000FBF7A4F8064B0B49024604481B1ADB08E1
:100040001B0443F00100F9F7CFFCEEE7DC040200EB
:100050004C050200151A0200441A0200751A02002B
:10006000A73D00209F1A02004BDF70471FB50E4CC2
:1000700001A8FFF7F9FF70B9214602A8FBF723F8A2
:10008000039B002BF4D00198D3E90021904702A8EC
:10009000FBF723F8F4E7052804D004B0BDE81040CE
:1000A000F9F716BE04B010BDE01A020053EA020CC4
:1000B00061D02DE9F04BB3FA83F51E0007BFB2FA09
:1000C00082F502FA05F403FA05F41646C5F1200597
:1000D0001EBF22FA05F73C43203556EA044C4FEA8E
:1000E000144418BF0134A3464FF00009C84690429B
:1000F00071EB030C39D3094207BFB0FA80F700FA5D
:1001000007F6B1FA81F701FA07F6C7F120071EBF1B
:1001100020FA07FC46EA0C062037B6FBFBFC7F1BE7
:10012000103F07F01F04C4F120060CFA04F42CFA67
:1001300006F644BF34460026202FA4BF26460024DE
:1001400054EA060C08BF012418EB040849EB060921
:10015000A4FB027CC01B06FB02CC04FB03CC71EBAE
:100160000C01904271EB030CC5D20B460246494686
:100170004046BDE8F08BB2FBF3F200007F2805D8C3
:10018000034A044B105C5B5C1840704700207047CA
:10019000F81A0200781B0200A0F16103192B98BF26
:1001A00020387047A0F14103192B98BF20307047C9
:1001B0007F299ABF017001206FF02E00704700BFA9
:1001C0005AB10A787F2A0AD800B102600021501A79
:1001D000C3E9001118BF01207047104670476FF047
:1001E0002E007047A0F16103192B98BF203870478B
:1001F000A0F14103192B98BF203070477F2805D804
:10020000034A044B105C5B5C184070470020704749
:10021000F81A0200781B0200024B5B689B680921F8
:100220001B681847DC230020B2B1012A1BD002440E
:1002300010B5034602F1FF3C05E011F8012B904296
:1002400008D19C450AD01C4613F8010B8E460028A5
:10025000F3D10A78801A10BD1046704760789EF876
:100260000120801A10BD00780A78801A704700BFFC
:10027000B2B100B501F1FF3C034601E0013A0DD0F7
:100280001CF8011F9E4603F8011B0029F6D1012A24
:1002900004D0724403F8011B9A42FBD15DF804FBC1
:1002A000704700BF844640EA010313F0030F18D1E2
:1002B0008446202A0BD32DE9F007B1E8F807A0E81F
:1002C000F807A2F12002202AF7D2BDE8F007042A9D
:1002D00007D351F8043B40F8043BA2F10402042A7E
:1002E000F7D2002A05D011F8013B00F8013B013A92
:1002F000F9D1604670478446002A2DD010F0030FD4
:1003000004D000F8011B013A26D0F7E7C9B241EA50
:10031000012141EA0141202A12D3A2F120022DE954
:10032000F0030B460C460D460E460F46884689469E
:10033000A0E8FA03203AFBD2BDE8F00320320BD04C
:10034000042A05D340F8041B043A05D0042AF9D244
:1003500000F8011B013AFBD160467047024610F0DD
:10036000030F16D111F0030F13D12DE9F0004FF058
:1003700001374FF0803351F8044BA4EB070525EA11
:1003800004051D4002D142F8044BF4E7A1F1040139
:10039000F0BC11F8013B02F8013B002BF9D170478A
:1003A00010F0030F19D111F0030F16D12DE97000D1
:1003B0004FF001364FF0803350F8044B51F8045B96
:1003C000AC4205D1A4EB060525EA04051D40F3D097
:1003D000A0F10400A1F1040170BC10F8012B11F888
:1003E000013BD21A01D1002BF7D11046704700F122
:1003F000010110F0030F11D010F8012B002A23D0B7
:1004000010F0030F0AD010F8012B002A1CD010F0B6
:10041000030F03D010F8012B002A15D02DE970002E
:100420004FF001324FF0803350F8044BA4EB02053B
:1004300025EA04051D4000D1F6E7A0F1040070BCD8
:1004400010F8012B002AFBD1A0EB0100704700003F
:1004500051B701000000000049C401000000000085
:10046000D5F301000000000069D701000000000082
:10047000BDF00100002E0020F9F60100F82E00204A
:1004800049F2010000000000ABF801000C2F002031
:1004900061F901008423002039E30100000000001D
:0804A00095B501000000000009
:1004A8005DB7010000000000E5C401000000000085
:1004B80045FE0100000000006D0002000000000081
:1004C80034240020FC240020042500203C240020A3
:0404D8001800000008
:1004DC007D130200000000008313020000000000E6
:1004EC008A130200000000008E13020000000000BE
:1004FC009313020000000000E50502000000030356
:10050C00BC06020000000000E00602000000000033
:10051C000118020000000000771302000000000028
:10052C000C0C020000000303F4170200000003038C
:10053C00C512020000000303191802000000030397
:10054C00BC1A020000000303D41A020000000303CB
:10055C00260C0200000000003C0C02000000000011
:10056C00B805020000000000C4050200F0220020C3
:10057C000000000000000000D9BF010000000000D6
:10058C0000000000000000000000000089D80100FD
:08059C0000F002000000030062
:1005A4000000000000000000000000000338FDD837
:1005B40070470000F19301005D940100ED93010088
:1005C4007274745F6C6F675F6261636B656E640005
:1005D4004261636B656E647320666C7573686564F1
:1005E4000061707000000000242900207F000000DA
:1005F400A42900201B5B313B33316D0025734C6F04
:1006040067732064726F70706564202825642925DF
:10061400730D0A001B5B306D002573003C25733E8F
:100624002025733A20002025303278002020200035
:100634007C002563001B5B313B33306D001B5B3159
:100644003B33326D001B5B313B33336D001B5B313D
:100654003B33346D001B5B313B33356D001B5B3129
:100664003B33366D001B5B313B33376D0077617272
:100674006E696E6700696E666F0064656275670017
:100684001806020039060200F805020041060200BD
:1006940049060200510602005906020061060200E2
:1006A4006906020000000000CD0602007106020087
:1006B400790602007E0602006170705F62757474D0
:1006C4006F6E00466174616C206572726F720053C4
:1006D400797374656D207265736574006170705F01
:1006E40074696D65720001000600000000000000DE
:1006F400D02900202D9F0100FFFFFFFFFFFFFFFF18
:10070400FFFFFFFFFFFFFFFF0000000000000000ED
:100714000000D6010601000052544320696E737430
:10072400616E636520616C726561647920696E69CC
:100734007469616C697A65642E005254433A206985
:100744006E697469616C697A65642E000338FDD83A
:1007540070475468652070726F636573736F72209D
:1007640068617320617474656D7074656420746F5E
:10077400206578656375746520616E20756E6465A7
:1007840066696E656420696E737472756374696FEB
:100794006E005468652070726F636573736F7220A6
:1007A400617474656D707465642061206C6F61643C
:1007B400206F722073746F72652061742061206CE5
:1007C4006F636174696F6E207468617420646F650F
:1007D40073206E6F74207065726D6974207468651F
:1007E400206F7065726174696F6E00556E73746109
:1007F400636B20666F7220616E2065786365707428
:10080400696F6E2072657475726E206861732063FF
:100814006175736564206F6E65206F72206D6F72F1
:1008240065206163636573732076696F6C617469B5
:100834006F6E7300537461636B696E6720666F72C9
:1008440020616E20657863657074696F6E20656ED3
:100854007472792068617320636175736564206FB5
:100864006E65206F72206D6F7265206163636573BE
:10087400732076696F6C6174696F6E730041204DEB
:10088400656D4D616E616765206661756C74206F7E
:100894006363757272656420647572696E6720663D
:1008A4006C6F6174696E672D706F696E74206C6112
:1008B4007A792073746174652070726573657276D9
:1008C4006174696F6E00496E737472756374696FD5
:1008D4006E20627573206572726F72004461746178
:1008E40020627573206572726F72202850432076DF
:1008F400616C756520737461636B656420666F72E7
:100904002074686520657863657074696F6E207201
:10091400657475726E20706F696E747320746F20C5
:1009240074686520696E737472756374696F6E2080
:1009340074686174206361757365642074686520EC
:100944006661756C7429004461746120627573205A
:100954006572726F72202872657475726E2061649C
:10096400647265737320696E2074686520737461A2
:10097400636B206672616D65206973206E6F7420ED
:1009840072656C6174656420746F20746865206995
:100994006E737472756374696F6E20746861742009
:1009A40063617573656420746865206572726F7223
:1009B4002900556E737461636B20666F7220616EDB
:1009C40020657863657074696F6E207265747572E2
:1009D4006E2068617320636175736564206F6E6552
:1009E400206F72206D6F7265204275734661756C5D
:1009F400747300537461636B696E6720666F722051
:100A0400616E20657863657074696F6E20656E74BD
:100A140072792068617320636175736564206F6EF9
:100A240065206F72206D6F72652042757346617523
:100A34006C7473004120627573206661756C742058
:100A44006F6363757272656420647572696E672082
:100A5400666C6F6174696E672D706F696E74206C5B
:100A6400617A79207374617465207072657365723C
:100A7400766174696F6E005468652070726F636587
:100A840073736F722068617320617474656D707420
:100A9400656420746F206578656375746520616E84
:100AA40020696E737472756374696F6E2074686103
:100AB40074206D616B657320696C6C6567616C2073
:100AC400757365206F662074686520455053520025
:100AD4005468652070726F636573736F7220686108
:100AE4007320617474656D7074656420616E20692F
:100AF4006C6C6567616C206C6F6164206F66204567
:100B040058435F52455455524E20746F20746865A3
:100B14002050432C206173206120726573756C74BE
:100B2400206F6620616E20696E76616C6964206353
:100B34006F6E746578742C206F7220616E20696EFC
:100B440076616C6964204558435F52455455524E52
:100B54002076616C7565005468652070726F6365FA
:100B640073736F722068617320617474656D70743F
:100B7400656420746F20616363657373206120630F
:100B84006F70726F636573736F7200546865207061
:100B9400726F636573736F7220686173206D616433
:100BA4006520616E20756E616C69676E6564206D89
:100BB400656D6F7279206163636573730054686552
:100BC4002070726F636573736F7220686173206540
:100BD4007865637574656420616E205344495620BA
:100BE4006F72205544495620696E7374727563742C
:100BF400696F6E207769746820612064697669730F
:100C04006F72206F66203000686172646661756C73
:100C14007400303132333435363738394142434445
:100C240045467077725F6D676D740000A004020022
:100C3400A004020004000000736F72746C69737482
:100C4400004E52465F53554343455353004E52465C
:100C54005F4552524F525F5356435F48414E444C96
:100C640045525F4D495353494E47004E52465F45E6
:100C740052524F525F534F46544445564943455F81
:100C84004E4F545F454E41424C4544004E52465FE0
:100C94004552524F525F494E5445524E414C004EBC
:100CA40052465F4552524F525F4E4F5F4D454D0085
:100CB4004E52465F4552524F525F4E4F545F464F1D
:100CC400554E44004E52465F4552524F525F4E4F6E
:100CD400545F535550504F52544544004E52465F52
:100CE4004552524F525F494E56414C49445F504120
:100CF40052414D004E52465F4552524F525F494E4B
:100D040056414C49445F5354415445004E52465F4A
:100D14004552524F525F494E56414C49445F4C45EF
:100D24004E475448004E52465F4552524F525F4917
:100D34004E56414C49445F464C414753004E52463F
:100D44005F4552524F525F494E56414C49445F44AD
:100D5400415441004E52465F4552524F525F444106
:100D640054415F53495A45004E52465F4552524FD3
:100D7400525F54494D454F5554004E52465F4552BB
:100D8400524F525F4E554C4C004E52465F455252A4
:100D94004F525F464F5242494444454E004E5246DC
:100DA4005F4552524F525F494E56414C49445F4150
:100DB400444452004E52465F4552524F525F425590
:100DC4005359004E52465F4552524F525F434F4E65
:100DD4004E5F434F554E54004E52465F4552524F5C
:100DE400525F5245534F5552434553004E52465F4E
:100DF4004552524F525F4D4F44554C455F4E4F54F0
:100E04005F494E495449414C495A4544004E524663
:100E14005F4552524F525F4D555445585F494E49B4
:100E2400545F4641494C4544004E52465F45525238
:100E34004F525F4D555445585F4C4F434B5F4641AD
:100E4400494C4544004E52465F4552524F525F4D05
:100E5400555445585F554E4C4F434B5F4641494CA2
:100E64004544004E52465F4552524F525F4D5554D1
:100E740045585F434F4E445F494E49545F4641498C
:100E84004C4544004E52465F4552524F525F4D4FBF
:100E940044554C455F414C52454144595F494E4984
:100EA4005449414C495A4544004E52465F455252BA
:100EB4004F525F53544F524147455F46554C4C0087
:100EC4004E52465F4552524F525F4150495F4E4F1A
:100ED400545F494D504C454D454E544544004E5287
:100EE400465F4552524F525F464541545552455F05
:100EF4004E4F545F454E41424C4544004E52465F6E
:100F04004552524F525F494F5F50454E44494E47F8
:100F1400004E52465F4552524F525F4452565F5400
:100F240057495F4552525F4F56455252554E004EF7
:100F340052465F4552524F525F4452565F5457498E
:100F44005F4552525F414E41434B004E52465F450E
:100F540052524F525F4452565F5457495F45525262
:100F64005F444E41434B004E52465F4552524F52EE
:100F74005F424C455F495053505F52585F504B5449
:100F84005F5452554E4341544544004E52465F45CA
:100F940052524F525F424C455F495053505F434851
:100FA400414E4E454C5F414C52454144595F455872
:100FB40049535453004E52465F4552524F525F427A
:100FC4004C455F495053505F4C494E4B5F44495325
:100FD400434F4E4E4543544544004E52465F45529E
:100FE400524F525F424C455F495053505F50454504
:100FF400525F52454A454354454400556E6B6E6FEB
:10100400776E206572726F7220636F6465000000F2
:1010140000000000450C020001000000510C020019
:10102400020000006F0C020003000000900C02009C
:1010340004000000A30C020005000000B40C020030
:1010440006000000C80C020007000000E00C0200CB
:1010540008000000F80C020009000000100D020056
:101064000A000000290D02000B000000410D0200DF
:101074000C000000580D02000D0000006C0D020071
:101084000E0000007E0D02000F0000008D0D020016
:1010940010000000A10D020011000000B80D0200B4
:1010A40012000000C70D020013000000DC0D020056
:1010B40080000000F00D020081000000110E02000B
:1010C400820000002D0E020083000000490E020081
:1010D40084000000670E020085000000880E0200F4
:1010E40086000000AD0E020090000000C40E020055
:1010F40091000000E20E020092000000000F0200C6
:1011040000820000150F020001820000330F02006C
:10111400028200004F0F0200008400006B0F0200E7
:10112400018400008F0F020002840000B90F020046
:1011340003840000DE0F0200705F667300257320D5
:10114400636865636B206661696C656420696E2001
:101154002573282920776974682076616C75652069
:10116400307825782E00705F66732D3E705F617055
:101174006900705F64657374006C656E006164641B
:10118400725F69735F616C69676E6564333228737B
:1011940072632900616464725F69735F776974685C
:1011A400696E5F626F756E647328705F66732C205E
:1011B4007372632C206C656E2900705F7372630018
:1011C40021286C656E202520705F66732D3E705F4C
:1011D400666C6173685F696E666F2D3E70726F67CF
:1011E40072616D5F756E69742900616464725F6910
:1011F400735F616C69676E65643332286465737408
:101204002900616464725F69735F616C69676E650C
:10121400643332282875696E7433325F7429705FC1
:101224007372632900616464725F69735F776974C0
:1012340068696E5F626F756E647328705F66732C85
:1012440020646573742C206C656E2900616464727B
:101254005F69735F706167655F616C69676E656420
:1012640028705F66732C20706167655F61646472C7
:101274002900616464725F69735F77697468696E79
:101284005F626F756E647328705F66732C20706183
:1012940067655F616464722C20286C656E202A2067
:1012A400705F66732D3E705F666C6173685F696E14
:1012B400666F2D3E65726173655F756E6974292969
:1012C400006E72665F6673746F72616765006E723A
:1012D400665F6673746F726167655F65726173657B
:1012E400006E72665F6673746F726167655F7772B2
:1012F400697465006E72665F6673746F72616765A8
:101304005F72656164006E72665F6673746F7261AA
:1013140067655F696E6974000010000004000000D6
:1013240001000000D9B50100B9B50100A9B501005B
:10133400EDB701009DB701007DB5010081B5010045
:1013440085B501000000FFFFDEC0ADDEFE011EF129
:10135400DEC0ADDEFF011EF100000101010000004E
:101364000101000000000101000000000D0F101138
:10137400121314636C6F636B00434C4F434B004771
:1013840050494F5445005052530055415254005552
:1013940041525445002D2D3E204576656E742072D1
:1013A400656365697665643A204552524F522077E9
:1013B40068696C6520657865637574696E6720611A
:1013C4006E206673746F72616765206F70657261F9
:1013D40074696F6E2E002D2D3E204576656E742047
:1013E40072656365697665643A2077726F74652007
:1013F4002564206279746573206174206164647269
:1014040065737320307825782E002D2D3E20457687
:10141400656E742072656365697665643A206572E9
:101424006173656420256420706167652066726F4E
:101434006D206164647265737320307825782E00A2
:10144400446973636F6E6E656374696E6720647557
:101454006520746F2074696D656F7574002B4F542B
:10146400413A4F4B002B4F54413A4641494C002BD3
:101474004F54413A41424F52540045524153453D25
:101484004F4B0044617461206C656E206973207356
:10149400657420746F20307825582825642900410C
:1014A400542B4E414D453D0041542B4F544150491E
:1014B4004E470041542B4F54413D0041542B504161
:1014C40053533D0064617461206D617463680A0064
:1014D40064617461206E6F74206D617463680A00C6
:1014E40041542B5345433D00726561647920746F08
:1014F40020777269746520646174610A0041542B19
:10150400424F4F540041542B5245534554004661B9
:10151400696C656420726563656976696E67204EDF
:101524005553206D6573736167652E204572726F24
:101534007220307825782E20002B4F54413A504F9A
:101544004E470D0A00504153533D74727565005067
:101554004153533D66616C73650052455345543D98
:101564004F4B0053746172742061646472657373C9
:101574003A2030782530387800456E642061646400
:10158400726573733A20307825303878004572617B
:10159400736520756E69742073697A653A202564D1
:1015A40020627974657300506167652061646472B8
:1015B4006573733A20307825303878004E756D6243
:1015C4006572206F662070616765733A2025640038
:1015D40041646472657373206973206F7574206F3E
:1015E4006620626F756E6473210041646472657372
:1015F40073206973206E6F7420616C69676E656413
:1016040020746F20657261736520756E6974207330
:10161400697A6521004C656E677468206578636536
:1016240065647320666C61736820626F756E6473A1
:10163400210045726173696E6720666C617368206E
:101644006D656D6F72792E2E2E00466C6173682065
:101654006D656D6F727920657261736520646F6E5C
:10166400652E00696E736964652074686520666C14
:101674006173682E006576656E745F73697A652E92
:10168400005772697465206661696C6564207769C6
:101694007468206572726F723A2025640044617424
:1016A40061207772697474656E20746F20666C6152
:1016B4007368207375636365737366756C6C792ED8
:1016C40000436F6E6E656374656400446973636F91
:1016D4006E6E6563746564006C656E67746820255E
:1016E4006400787878787878787878787878787802
:1016F400787878007365637572697479206C65769F
:10170400656C310A007365637572697479206C6560
:1017140076656C320A0052656164206461746120EC
:101724006166746572206572617365202225732277
:101734002066726F6D20666C6173682E004D532DA8
:101744004D50562D583100001200000010000000CA
:1017540005000000070000000000000000B0AF0317
:101764000000000000000000000000000338FDD865
:101774007047000060230020A82300205465726D88
:10178400696E616C005254540053454747455200FA
:1017940073645F626C655F67617474635F657863CB
:1017A40068616E67655F6D74755F72657175657389
:1017B4007428292072657475726E65642025732EF1
:1017C4000073645F626C655F67617474735F6578EE
:1017D4006368616E67655F6D74755F7265706C795F
:1017E40028292072657475726E65642025732E0035
:1017F4006E72665F626C655F6761747400626C65CB
:101804005F6E7573009ECADC240EE5A9E093F3A312
:10181400B50000406E6E72665F736468000100007C
:1018240007000000A0040200A80402000800000051
:10183400B8040200C804020008000000A804020062
:10184400B80402000800000073645F626C655F63A3
:1018540066675F73657428292072657475726E6596
:1018640064202573207768656E20617474656D70DB
:1018740074696E6720746F2073657420424C455FF1
:10188400434F4E4E5F4346475F4741502E007364BB
:101894005F626C655F6366675F7365742829207295
:1018A400657475726E6564202573207768656E2093
:1018B400617474656D7074696E6720746F207365EC
:1018C4007420424C455F4741505F4346475F524F47
:1018D4004C455F434F554E542E0073645F626C65F4
:1018E4005F6366675F736574282920726574757217
:1018F4006E6564202573207768656E206174746555
:101904006D7074696E6720746F2073657420424C27
:10191400455F434F4E4E5F4346475F474154542E05
:101924000073645F626C655F6366675F73657428E8
:10193400292072657475726E65642025732077683A
:10194400656E20617474656D7074696E6720746F60
:101954002073657420424C455F434F4D4D4F4E5F9D
:101964004346475F56535F555549442E0073645FA1
:10197400626C655F6366675F7365742829207265AE
:101984007475726E6564202573207768656E2061B6
:101994007474656D7074696E6720746F20736574F8
:1019A40020424C455F47415454535F4346475F418F
:1019B4005454525F5441425F53495A452E00736454
:1019C4005F626C655F6366675F7365742829207264
:1019D400657475726E6564202573207768656E2062
:1019E400617474656D7074696E6720746F207365BB
:1019F4007420424C455F47415454535F4346475F0C
:101A0400534552564943455F4348414E4745442E4A
:101A140000496E73756666696369656E7420524128
:101A24004D20616C6C6F636174656420666F722015
:101A340074686520536F66744465766963652E0027
:101A44004368616E6765207468652052414D207358
:101A540074617274206C6F636174696F6E20667256
:101A64006F6D203078257820746F20307825782E9B
:101A7400004D6178696D756D2052414D2073697A0E
:101A84006520666F72206170706C69636174696F40
:101A94006E20697320307825782E0073645F626C41
:101AA400655F656E61626C65282920726574757264
:101AB4006E65642025732E006E72665F7364685FC2
:101AC400626C650060040200A004020008000000CB
:101AD4006E72665F7364685F736F63005004020024
:101AE400600402000800000043000000504F534906
:101AF40058000000202020202020202020682828B2
:101B040028282020202020202020202020202020C1
:101B14002020202048101010101010101010101049
:101B24001010101084848484848484848484101029
:101B34001010101010818181818181010101010146
:101B44000101010101010101010101010101011072
:101B5400101010101082828282828202020202021B
:101B64000202020202020202020202020202021043
:101B7400101010200007032004170201085710401A
:101B840080000000EC1A0200F01B0200041D020099
:101B940053756E004D6F6E00547565005765640093
:101BA40054687500467269005361740000000000B7
:101BB4004A616E00466562004D61720041707200B8
:101BC4004D6179004A756E004A756C004175670075
:101BD400536570004F6374004E6F76004465630074
:101BE40000000000414D00504D000000281D02007F
:101BF400241D0200241D0200241D0200241D0200D5
:101C0400241D0200241D0200241D0200241D0200C4
:101C1400241D0200FFFFFFFFFFFFFFFFFFFFFFFF89
:101C2400FFFF0000641C0200941B0200A01C0200C1
:101C3400B41B0200E81B0200481C0200F81C02004E
:101C4400541C0200256D2F25642F25790000000007
:101C54002561202562202565202554202559000072
:101C640053756E646179004D6F6E646179005475CB
:101C74006573646179005765646E657364617900A6
:101C8400546875727364617900467269646179009D
:101C94005361747572646179000000004A616E7565
:101CA400617279004665627275617279004D617284
:101CB400636800417072696C004D6179004A756E09
:101CC40065004A756C7900417567757374005365D6
:101CD4007074656D626572004F63746F6265720043
:101CE4004E6F76656D62657200446563656D62650D
:101CF4007200000025483A254D3A255300000000A3
:101D04007D01020099010200A5010200FD0102000B
:101D1400E5010200F1010200B1010200C10102006B
:081D2400000000002E00000089
:101D2C0000000000FF000000001001401100040042
:101D3C0000000000002000400000000000200040D7
:101D4C00000000000090D003000000000000000024
:101D5C00FFFFFFFFFFFFFFFF00000000000000007F
:101D6C000000000000000000000000000000000067
:101D7C00FFFFFFFFFFFFFFFF00000000000000005F
:101D8C0000000000000000007C3202001400000083
:101D9C000000000000000000FFFFFFFFFFFFFFFF3F
:101DAC000000000000000000000000000000000027
:101DBC00FFFF000000000000000000000000000019
:101DCC000000000000000000A02300200000000024
:101DDC00082F00200100040000000000000000009B
:101DEC00FFFFFFFFFFFFFFFF0000000000000000EF
:101DFC00000000000000000001787878787878788E
:101E0C00787878787878787878000000881B0200E9
:101E1C00881B0200881B0200881B0200881B020022
:04000003100093A5B1
:00000001FF
