:020000040800F2
:1000000000000120F5030008DF030008E1030008F9
:10001000E3030008E5030008E70300080000000010
:10002000000000000000000000000000E9030008DC
:10003000EB03000800000000ED030008EF030008D8
:10004000450400084504000845040008450400086C
:10005000450400084504000845040008450400085C
:10006000450400084504000845040008450400084C
:10007000450400084504000845040008450400083C
:10008000450400084504000845040008450400082C
:10009000000000004504000845040008450400086D
:1000A000450400084504000845040008450400080C
:1000B00045040008450400084504000845040008FC
:1000C00045040008450400084504000845040008EC
:1000D00045040008450400084504000845040008DC
:1000E00045040008450400084504000845040008CC
:1000F000450400080000000000000000450400085E
:1001000045040008450400084504000845040008AB
:10011000450400084504000845040008450400089B
:10012000450400084504000845040008450400088B
:10013000450400084504000810B5054C237833B980
:10014000044B13B10448AFF300800123237010BDAA
:100150000C00002000000000C413000808B5034B89
:100160001BB103490348AFF3008008BD0000000045
:1001700010000020C413000830B521F003010E4D1B
:10018000034601444FF0FF308B4200D130BD9A78D6
:100190005C78120442EA04221C782243DC7842EAAA
:1001A00004625040202200284FEA4000B8BF684057
:1001B000013AF8D10433E7E7B71DC10430B585B083
:1001C0000C46054600F038FA0C4B9A6942F0404262
:1001D0009A6105F178454CF2FA3204F2FF741A6123
:1001E00069460223ED0AE40A01A8019302950394EB
:1001F00000F0B4FA00F032FA05B030BD004000580B
:1002000000B59BB04422002109A801F0AFF81822E4
:10021000002102A801F0AAF8154A136823F4C0636C
:1002200043F480631360136803F4C0630193019B7C
:100230002023012108936022002308A8CDE9101390
:10024000CDE9122300F018FD014608B172B6FEE7B1
:100250004F23CDE90230CDE90400CDE9060002A824
:1002600000F0A4FF08B172B6FEE71BB05DF804FB16
:10027000000400582DE9F043534D87B000F030F9E9
:10028000FFF7BEFF2A68514B9A424FD1EB68012B12
:100290004CD16968B1F5E83F48D84D48FFF76CFF8D
:1002A000AB68984242D1DFF82C91DFF82C8103270C
:1002B00072B64FF4E8314846FFF780FF6C6800F0F3
:1002C000BBF9D8F8183043F04043C8F81830073469
:1002D0004CF2FA3324F00704C8F810300026B44278
:1002E0000BD800F0BBF962B669684846FFF744FFD7
:1002F000AC68231A5C425C410FE006F1006101F535
:100300000833D3E9002301F5A041012000F0E0F912
:1003100008B300F0A3F962B60024013F1DD0002C01
:10032000C6D029484FF40061FFF748FF294C2668E2
:10033000656872B600F0A8FB00F086F84FF0E02385
:1003400000221A615A619A61C3F8084D86F3088841
:1003500062B6A847FEE70836C1E7002CE1D14FF0AE
:10036000B0434FF48875DA6C42F00102DA64DB6C5A
:10037000059403F001030093009B01A901234FF0B2
:100380009040CDE90344CDE9015300F035FA22460F
:1003900029464FF0904000F0DBFA01224FF48071C3
:1003A0004FF0904000F0D4FA4FF4967000F0C0F88F
:1003B00000224FF480714FF0904000F0C9FA4FF4E2
:1003C000967000F0B5F8E8E700F003083143414DBE
:1003D0000020020800500008004000587047FEE767
:1003E000FEE7FEE7FEE7FEE770477047704700F064
:1003F0008DB870470D488546FFF7FBFF0C480D4947
:100400000D4A002302E0D458C4500433C4188C426F
:10041000F9D30A4A0A4C002301E013600432A242D5
:10042000FBD300F0ABFFFFF725FFFEE70000012044
:10043000000000200C000020701400080C000020B8
:1004400044000020FEE770474FF0B04310B59A6BB0
:100450004FF0FF329A63D96BDA630024996B9C6387
:10046000D96BDC63196C1A64196C1C64596C5A647E
:10047000596C5C64996A9A62996A9C62D96ADA6278
:10048000D96ADC62196B1A631A6B1C63FFF7DBFF16
:10049000204610BD38B5104C237805460BB9012015
:1004A00038BD00F0D9FB22784FF47A73B3FBF2F336
:1004B000B0FBF3F000F094F804460028EFD10F2DC4
:1004C000EDD8024629464FF0FF3000F057F8034BB5
:1004D00020461D60E4E700BF040000200800002063
:1004E00010B5032000F038F800F0B6FB064B18609A
:1004F0000F20FFF7CFFF044618B9FFF76FFF204624
:1005000010BD0124FBE700BF00000020034A044B9C
:1005100011681B780B441360704700BF280000204F
:1005200004000020014B1868704700BF280000201D
:1005300038B50446FFF7F6FF631C1CBF054B1B785C
:10054000054618BFE418FFF7EDFF431BA342FAD39B
:1005500038BD00BF040000200749CA6822F4E062E9
:100560000302120403F4E063120C134343F0BF636D
:1005700043F40033CB60704700ED00E0164B30B51C
:10058000DC68C4F30224C4F10703251D042B28BF33
:100590000423062D4FF0FF358CBF033C002405FAE1
:1005A00003F321EA0303A54022EA0502A340002841
:1005B00043EA0203ACBF00F16040084A4FEA03136C
:1005C000B8BF00F00F00DBB2AABF00F561401354C2
:1005D00080F8003330BD00BF00ED00E014ED00E016
:1005E0000138B0F1807F0BD24FF0E023054A58610B
:1005F000F02182F823100020072298611A617047C9
:100600000120704700ED00E00A4A536943F480235B
:1006100030B55361EFF3108472B60023CD58C55046
:100620000433B3F5807FF9D11369DB03FCD484F381
:10063000108830BD00400058064B5A69002ABFBFE1
:10064000054A9A6002F188329A60BABF5869C00FB1
:10065000002070470040005823016745044B5A6949
:1006600042F000425A615869C043C00F704700BF52
:100670000040005870B50546FFF754FF124E04467F
:100680003369D90313D43369DA0744BF01223261D5
:100690004CF2FA32134011D10B4E306910F4802025
:1006A0000BD0FFF73FFF001BA842F6D304E0FFF793
:1006B00039FF001BA842E3D3032070BD024A136137
:1006C000024A01205360F8E7004000582C00002047
:1006D0002DE9F041184D98462B78012B06460C4623
:1006E000174626D001232B704FF47A7000236B60DD
:1006F000FFF7C0FFA0B9012E16D1104A536943F08D
:10070000010353612760BFF36F8FC4F804804FF477
:100710007A70FFF7AFFF094A536923EA0603536172
:1007200000232B70BDE8F08139462046FFF76CFFAF
:10073000EDE70220F6E700BF2C0000200040005843
:10074000054A536923F47E7343EAC00040F48030C5
:1007500040F0020050617047004000582DE9F04120
:10076000234F3B78012B054688463FD001233B7041
:100770004FF47A7000237B60FFF77CFF044688B952
:100780002B68042B13D11B4A536943F4803343F085
:10079000040353614FF47A70FFF76CFF0446154B66
:1007A0001A681B6800233B702046BDE8F0814FF0BB
:1007B000FF33C8F800306E68D5E901321344B34204
:1007C0000AD93046FFF7BCFF4FF47A70FFF752FFAB
:1007D00050B1C8F800600446064A536923F47E739A
:1007E00023F002035361DAE70136E5E70224DBE791
:1007F0002C000020004000582DE9F04F524C0023FF
:100800004FF00F090A6832FA03F501D1BDE8F08F05
:10081000012505FA03F818EA020200F08E804E68FE
:10082000032706F003054FEA430E07FA0EFC6F1E7E
:10083000012F6FEA0C0C32D8876807EA0C0ACF68E0
:1008400007FA0EF747EA0A078760476827EA0808A9
:10085000C6F300179F4047EA08074760C76807EAE2
:100860000C088F6807FA0EF747EA0807022DC760E1
:1008700017D14FEAD30800EB880803F0070AD8F82D
:1008800020704FEA8A0A09FA0AFB27EA0B0B0F6964
:1008900007FA0AF747EA0B07C8F8207001E0032DB2
:1008A000DCD1076805FA0EF507EA0C073D4316F49C
:1008B000403F056041D023F0030707F1804707F56B
:1008C000803703F0030CBD684FEA8C0C4FF0070E25
:1008D0000EFA0CFEB0F1904F25EA0E0E2FD01B4DF4
:1008E000A8422ED005F58065A84214BF0725022531
:1008F00005FA0CF545EA0E05BD602568D74316F4E8
:10090000801F0CBF3D4015432560656816F4001F2D
:100910000CBF3D4015436560D4F8805016F4803F0D
:100920000CBF3D401543C4F88050D4F88450B60342
:1009300054BF3D401543C4F88450013362E700259D
:10094000D6E70125D4E700BF00080058000400489E
:100950000AB181617047816270470000024A1368E2
:1009600043F480731360704700040058024B18680A
:1009700000F4C060704700BF000400584FF0B0435F
:100980001868C0F3404070474FF0B0431868C0F398
:10099000400070474FF0B042536823F47F4343EA6E
:1009A0000023536070474FF0B0431868C0F34060B5
:1009B000704700007FB54FF0B0432C4AD3F80831A0
:1009C000C0F3031003F00F0352F82040284A52F8F6
:1009D0002330B4FBF3F4FFF7C9FF264B054693E839
:1009E0000700B5F5007F04AB03E9070010D0224BE8
:1009F0009C4218D303F5B70303F67F539C4229D9D1
:100A000003F5741303F510639C4225D802230BE011
:100A10001A4B9C4207D91A4B9C421BD903F537034A
:100A200003F5D853F0E7002304AA02EB830353F83D
:100A30000C4C144D2B6823F0070323432B60FFF766
:100A400071FD06462B6803F007039C4206D1002087
:100A500004B070BD0123E7E70024EAE7FFF762FD79
:100A6000801B0228EED90320F2E700BFE81300083C
:100A700028140008DC130008C0CF6A00BFEA210177
:100A80003F9334020040005870B5FFF74BFD4FF024
:100A9000B0420446136843F001031360FFF774FF8C
:100AA000002848D04FF0B0440020236823F0F00322
:100AB00043F060032360FFF76DFF636823F0FE439C
:100AC00043F080436360FFF72DFD00230546A360DC
:100AD00041F28836A36813F00C0F33D12268224B01
:100AE00013402360FFF71EFD0446FFF747FF78BB66
:100AF0004FF0B042136823F400131360FFF712FDA8
:100B00000446FFF750FF48BB4FF0B043174ADA6086
:100B10004FF0FF3298611A624FF44032C3F8082157
:100B2000134B144A1A60144B1868FFF7B3FC0038D3
:100B300018BF012005E0FFF7F5FC001B0228ADD926
:100B4000032070BDFFF7EEFC401BB042C2D9F7E7AF
:100B5000FFF7E8FC001B6428C7D9F1E7FFF7E2FCC8
:100B6000001B0A28CDD9EBE7FFF4EEFE00010422BA
:100B70000000002000093D00080000204FF0B043B5
:100B800010B59A68D96812F00C0205D00C2A4AD127
:100B900001F00303012B51D14FF0B0412B480B68FA
:100BA00013F0080306D00B6813F0080337D1D1F80F
:100BB000941007E00C68240756BFD1F894300968F8
:100BC000C3F3032350F82330002A0CBF184600203B
:100BD0004FF0B0418A6802F00C020C2A1ED1CA689C
:100BE00002F00302022A2ED0032A06D10B68184A0B
:100BF00013F4801F174B18BF13464FF0B042D06854
:100C0000D168D268C0F306205843C1F30213013300
:100C1000B0FBF3F0530F0133B0FBF3F010BD0B68E2
:100C2000C3F30313CEE7042A05D0082A06D11B68B4
:100C300013F4801305D006480023C9E700231846A3
:100C4000C6E70448C4E7024BD7E700BFE813000833
:100C50000024F4000048E80108B5FFF78FFF4FF0CB
:100C6000B043044A9B68C3F3031352F82330B0FB2C
:100C7000F3F008BD281400082DE9F04104460028CF
:100C800053D04FF0B0439D68DE6803689B0605F0C3
:100C90000C0506F0030668D5026A1DB10C2D46D17D
:100CA000012E44D1002A40D04FF0B043A16A1A6807
:100CB000170756BFD3F894301B681B0903F0F003E5
:100CC00099421FD90846FFF775FE00282DD14FF035
:100CD000B042136843F0080313601368A16A23F05D
:100CE000F0030B431360606AFFF754FEFFF7B4FF95
:100CF000AB4B1860AB4B1868FFF7CCFB002834D027
:100D0000BDE8F0814FF0B042136843F00803136070
:100D1000136823F0F0030B431360606AFFF73AFE99
:100D20000846FFF747FE0028E0D00120E8E74FF033
:100D3000B043002A54D01A6842F001021A60FFF74B
:100D4000F1FB0746FFF720FE002842D04FF0B042EB
:100D5000136843F0080313601368A16A23F0F003DB
:100D60000B431360606AFFF715FE2368D80748D469
:100D70002368990700F18C8023681E0740F1FA80F0
:100D8000A3694FF0B046002B00F0E180D6F8943014
:100D9000E16903F01002914200F0C48003F0030205
:100DA000022AC2D0D80740F1B380D6F8943023F09D
:100DB0000103C6F89430FFF7B5FB0746D6F8943028
:100DC000990740F1A580FFF7ADFBC31B112BF5D9A7
:100DD00004E0FFF7A7FBC01B0228B3D903208FE76D
:100DE0001A6822F001021A60FFF79CFB0746FFF722
:100DF000CBFD0028B9D0FFF795FBC01B0228F6D920
:100E0000ECE7082D03D00C2D05D1032E03D1636828
:100E1000002BADD189E74FF0B043A1681A6822F4E6
:100E200080120A431A606268B2F5803F10D11A68D6
:100E300042F480321A60FFF775FB0746FFF79EFD0C
:100E4000002895D1FFF76EFBC01B6428F6D9C5E7D3
:100E5000B2F5041F04D11A6842F400121A60E6E7E2
:100E6000196821F480311960196821F400111960A2
:100E7000002AE0D1FFF756FB0746FFF77FFD002869
:100E80003FF476AFFFF74EFBC01B6428F5D9A5E70A
:100E9000042D236903D00C2D0ED1022E0CD1002B72
:100EA0003FF443AF4FF0B0426169536823F0FE4313
:100EB00043EA016353605FE74FF0B046BBB133686C
:100EC00043F480733360FFF72DFB074633685A0500
:100ED00005D4FFF727FBC31B022BF7D97EE7736806
:100EE000626923F0FE4343EA0263736044E73368B8
:100EF00023F480733360FFF715FB074633685B0507
:100F00007FF53AAFFFF70EFBC31B022BF6D965E75F
:100F10004FF0B042E169D2F8943023F010030B4354
:100F2000C2F894304FF0B047D7F8943043F0010343
:100F3000C7F89430FFF7F6FA0646D7F894309A07C8
:100F400018D4FFF7EFFA831B112BF6D946E7D6F832
:100F5000943023F00103C6F89430FFF7E3FA074614
:100F6000D6F894309B0705D5FFF7DCFAC31B112B8D
:100F7000F6D933E72368580754D50B4F3B68D9059A
:100F800014D4FFF7EBFCFFF7CDFA06463B68DA0511
:100F90000CD4FFF7C7FA831B022BF7D91EE700BF5B
:100FA000000000200800002000040058E3684FF013
:100FB000B046002B58D023F08003052B02BFD6F893
:100FC000903043F00403C6F890304FF0B046FFF77E
:100FD000A9FAD6F8903043F001030746C6F89030DE
:100FE00041F28838D6F890309B0705D4FFF79AFA7B
:100FF000C31B4345F6D9F1E6E36823F00403812BD4
:101000001BD1FFF78FFAD6F8903043F08003C6F873
:10101000903007464FF0B04641F28838D6F890300D
:10102000180504D5E36A002B4AD1002068E6FFF7D3
:1010300079FAC01B4045F1D9D0E6FFF773FAD6F82C
:10104000903023F08003C6F8903007464FF0B0464A
:1010500041F28838D6F890301905E3D5FFF762FAE7
:10106000C01B4045F6D9B9E6FFF75CFAD6F89030D8
:1010700023F080030746C6F8903041F28838D6F84E
:1010800090301A0516D4FFF74DFAD6F8903023F0B9
:101090000103C6F8903007464FF0B04841F2883659
:1010A000D8F890309B07BDD5FFF73CFAC31BB3427D
:1010B000F6D993E6FFF736FAC01B4045DFD98DE637
:1010C0000C2D4ED0022B4FF0B0431A6822F08072E4
:1010D0001A6033D1FFF726FA0546FFF764FC38BBE8
:1010E000D4E90C314FF0B0420B43D0682D49014098
:1010F0000B43E16B0B43216C0B43616C0B43A16B06
:1011000043EA0123D360136843F080731360D3680C
:1011100043F08053D360FFF705FA0446FFF743FC22
:10112000002882D1FFF7FEF9001B0A28F6D955E600
:10113000FFF7F8F9401B0A28CFD94FE6FFF7F2F97D
:101140000446FFF730FC30B94FF0B042164BD1687F
:101150000B40D36069E7FFF7E5F9001B0A28F0D9D7
:101160003CE6012B3FF4E1AD4FF0B043D868236B70
:1011700000F003029A427FF4D8AD626B00F0700376
:1011800093427FF4D2ADA26B00F4FE43B3EB022F87
:101190007FF4CBAD636C00F06040C01A18BF012033
:1011A000AEE500BF8C80C111FCFFFEEE2DE9F041E1
:1011B0000D46044610B90120BDE8F081684E336841
:1011C00003F007038B4216D323689A0727D54FF005
:1011D000B047A268BB6823F0F0031343BB60FFF77E
:1011E000A1F90646BB68DB0319D4FFF79BF9831B03
:1011F000022BF7D911E0336823F007030B43336068
:10120000FFF790F90746336803F00703AB42DBD0E2
:10121000FFF788F9C01B0228F5D90320CCE7236823
:10122000580617D54FF0B0476269D7F8083123F058
:101230000F0343EA1213C7F80831FFF773F90646A4
:10124000D7F80831D90305D4FFF76CF9831B022BBB
:10125000F6D9E2E723685A0713D54FF0B047E268A2
:10126000BB6823F4E0631343BB60FFF75BF90646FA
:10127000BB689B0305D4FFF755F9831B022BF7D9F5
:10128000CBE72368180714D54FF0B0472269BB6835
:1012900023F4605343EAC203BB60FFF743F90646F9
:1012A000BB68590305D4FFF73DF9831B022BF7D91F
:1012B000B3E72368DA070FD4294C236803F0070348
:1012C000AB4239D8FFF7C8FC264B1860264BBDE867
:1012D000F0411868FFF7DEB86268022A1DD1FFF7F7
:1012E0004DFB00283FF467AF4FF0B04641F288381D
:1012F000B36823F003031343B360FFF713F9074602
:10130000B368626803F00C03B3EB820FD4D0FFF72D
:1013100009F9C01B4045F3D97FE7032A02D1FFF743
:1013200042FBDEE712B9FFF72FFBDAE74FF0B043DD
:101330001B685B05D8D43EE7236823F007032B43E3
:101340002360FFF7EFF80646236803F00703AB427C
:10135000B8D0FFF7E7F8801B0228F5D95DE700BF9A
:10136000004000580000002008000020024403460E
:10137000934200D1704703F8011BF9E770B50D4D9A
:101380000D4C641BA4100026A64209D10B4D0C4C39
:1013900000F018F8641BA4100026A64205D170BD09
:1013A00055F8043B98470136EEE755F8043B98475B
:1013B0000136F2E768140008681400086814000891
:1013C0006C140008F8B500BFF8BC08BC9E46704716
:1013D000F8B500BFF8BC08BC9E467047000000008E
:1013E0000100000002000000A0860100400D030083
:1013F000801A060000350C0040420F0080841E0059
:1014000000093D0000127A000024F40000366E014D
:101410000048E801006CDC02000000000000000051
:1014200000000000000000000100000003000000B8
:10143000050000000100000001000000060000009F
:101440000A0000002000000002000000040000006C
:1014500008000000100000004000000080000000B4
:1014600000010000000200005D01000839010008D1
:0C14700000093D00010000001000000019
:10500000000001201D740008F56C0008F76C000812
:10501000F96C0008FB6C0008FD6C00080000000043
:10502000000000000000000000000000FF6C00080D
:10503000016D000800000000036D0008056D000808
:105040006D7400086D740008096D00086D74000827
:105050006D740008156D00086D740008176D000868
:105060006D7400086D7400086D7400086D7400089C
:105070006D7400086D7400086D7400081D6D0008E3
:105080006D7400086D7400086D7400086D7400087C
:10509000000000006D7400086D7400086D74000855
:1050A0006D7400086D7400086D7400086D7400085C
:1050B0006D7400086D7400086D7400086D7400084C
:1050C0006D7400086D7400086D7400086D7400083C
:1050D0006D740008296D00086D7400086D74000877
:1050E0006D7400086D740008356D00086D7400085B
:1050F0006D74000800000000000000006D740008DE
:105100006D7400086D740008416D00086D7400082E
:105110006D7400086D7400086D7400086D740008EB
:105120006D7400086D7400086D7400086D740008DB
:085130006D7400086D740008A5
:1051400010B5054C237833B9044B13B10448AFF3C1
:1051500000800123237010BD980100200000000092
:1051600088CE010808B5034B1BB103490348AFF3D0
:10517000008008BD000000009C01002088CE0108CE
:10518000034613F8012B002AFBD1181A0138704787
:1051900001F0FF01102A2BDB10F0070F08D010F8E8
:1051A000013B013A8B422DD010F0070F42B3F6D1EC
:1051B000F0B441EA012141EA014122F007047FF005
:1051C00000070023F0E80256083C85EA010586EA5C
:1051D000010685FA47F5A3FA87F586FA47F6A5FA98
:1051E00087F68EB9EED1F0BC01F0FF0102F00702A4
:1051F00032B110F8013B013A83EA010313B1F8D14F
:105200000020704701387047002D06BF354603382F
:10521000073815F0010F07D1013015F4807F02BF68
:10522000013015F4C03F0130F0BC0138704700BFB9
:1052300081F0004102E000BF83F0004330B54FEA47
:1052400041044FEA430594EA050F08BF90EA020FB4
:105250001FBF54EA000C55EA020C7FEA645C7FEA47
:10526000655C00F0E2804FEA5454D4EB5555B8BF6A
:105270006D420CDD2C4480EA020281EA030382EADB
:10528000000083EA010180EA020281EA0303362D6D
:1052900088BF30BD11F0004F4FEA01314FF4801C40
:1052A0004CEA113102D0404261EB410113F0004F52
:1052B0004FEA03334CEA133302D0524263EB430309
:1052C00094EA050F00F0A780A4F10104D5F1200EA7
:1052D0000DDB02FA0EFC22FA05F2801841F1000102
:1052E00003FA0EF2801843FA05F359410EE0A5F1D6
:1052F00020050EF1200E012A03FA0EFC28BF4CF007
:10530000020C43FA05F3C01851EBE37101F00045BC
:1053100007D54FF0000EDCF1000C7EEB00006EEBC9
:105320000101B1F5801F1BD3B1F5001F0CD3490853
:105330005FEA30004FEA3C0C04F101044FEA4452AA
:1053400012F5800F80F09A80BCF1004F08BF5FEA31
:10535000500C50F1000041EB045141EA050130BD11
:105360005FEA4C0C404141EB0101013C28BFB1F523
:10537000801FE9D291F0000F04BF01460020B1FA6E
:1053800081F308BF2033A3F10B03B3F120020CDA41
:105390000C3208DD02F1140CC2F10C0201FA0CF01F
:1053A00021FA02F10CE002F11402D8BFC2F1200C84
:1053B00001FA02F120FA0CFCDCBF41EA0C0190403A
:1053C000E41AA2BF01EB0451294330BD6FEA040483
:1053D0001F3C1CDA0C340EDC04F11404C4F120026E
:1053E00020FA04F001FA02F340EA030021FA04F380
:1053F00045EA030130BDC4F10C04C4F1200220FAD7
:1054000002F001FA04F340EA0300294630BD21FA14
:1054100004F0294630BD94F0000F83F4801306BFDA
:1054200081F480110134013D4EE77FEA645C18BFCE
:105430007FEA655C29D094EA050F08BF90EA020F65
:1054400005D054EA000C04BF1946104630BD91EA5D
:10545000030F1EBF0021002030BD5FEA545C05D160
:105460004000494128BF41F0004130BD14F580049F
:105470003CBF01F5801130BD01F0004545F0FE4113
:1054800041F470014FF0000030BD7FEA645C1ABF48
:10549000194610467FEA655C1CBF0B46024650EA7F
:1054A000013406BF52EA033591EA030F41F40021AB
:1054B00030BD00BF90F0000F04BF0021704730B531
:1054C0004FF4806404F132044FF000054FF0000106
:1054D00050E700BF90F0000F04BF0021704730B5C7
:1054E0004FF4806404F1320410F0004548BF40429C
:1054F0004FF000013EE700BF42004FEAE2014FEAF1
:1055000031014FEA02701FBF12F07F4393F07F4FCB
:1055100081F06051704732F07F4208BF704793F0CE
:105520007F4F04BF41F40021704730B54FF46074E1
:1055300001F0004521F000411CE700BF50EA0102E4
:1055400008BF704730B54FF000050AE050EA01028D
:1055500008BF704730B511F0004502D5404261EBFD
:1055600041014FF4806404F132045FEA915C3FF43E
:10557000D8AE4FF003025FEADC0C18BF03325FEADB
:10558000DC0C18BF033202EBDC02C2F1200300FA8C
:1055900003FC20FA02F001FA03FE40EA0E0021FAB1
:1055A00002F11444BDE600BF4FF0FF3C06E000BF2F
:1055B0004FF0010C02E000BF4FF0010C4DF804CD9C
:1055C0004FEA410C7FEA6C5C4FEA430C18BF7FEA5C
:1055D0006C5C1BD001B050EA410C0CBF52EA430C8A
:1055E00091EA030F02BF90EA020F0020704710F10A
:1055F000000F91EA030F58BF994208BF90422CBF99
:10560000D8176FEAE37040F0010070474FEA410C91
:105610007FEA6C5C02D150EA013C07D14FEA430CAF
:105620007FEA6C5CD6D152EA033CD3D05DF8040B20
:10563000704700BF8446104662468C461946634652
:1056400000E000BF01B5FFF7B7FF002848BF10F129
:10565000000F01BD4DF808EDFFF7F4FF0CBF01206E
:1056600000205DF808FB00BF4DF808EDFFF7EAFFEA
:1056700034BF012000205DF808FB00BF4DF808EDA5
:10568000FFF7E0FF94BF012000205DF808FB00BF9A
:105690004DF808EDFFF7CEFF94BF012000205DF824
:1056A00008FB00BF4DF808EDFFF7C4FF34BF012031
:1056B00000205DF808FB00BF4FEA410212F500121E
:1056C00015D211D56FF47873B3EB625212D94FEA49
:1056D000C12343F0004343EA505311F0004F23FA33
:1056E00002F018BF404270474FF00000704750EA88
:1056F000013005D111F0004008BF6FF00040704745
:105700004FF00000704700BF80F0004002E000BF93
:1057100081F0004142001FBF5FEA410392EA030F9C
:105720007FEA226C7FEA236C6AD04FEA1262D2EBE6
:105730001363C1BFD218414048404140B8BF5B42EB
:10574000192B88BF704710F0004F40F4000020F084
:105750007F4018BF404211F0004F41F4000121F09A
:105760007F4118BF494292EA030F3FD0A2F10102E4
:1057700041FA03FC10EB0C00C3F1200301FA03F122
:1057800000F0004302D5494260EB4000B0F5000F45
:1057900013D3B0F1807F06D340084FEA310102F104
:1057A0000102FE2A51D2B1F1004F40EBC25008BFB6
:1057B00020F0010040EA03007047490040EB000080
:1057C000013A28BFB0F5000FEDD2B0FA80FCACF181
:1057D000080CB2EB0C0200FA0CF0AABF00EBC250AE
:1057E00052421843BCBFD0401843704792F0000F9C
:1057F00081F4000106BF80F400000132013BB5E7EF
:105800004FEA41037FEA226C18BF7FEA236C21D064
:1058100092EA030F04D092F0000F08BF08467047C9
:1058200090EA010F1CBF0020704712F07F4F04D197
:10583000400028BF40F00040704712F100723CBFAA
:1058400000F50000704700F0004343F0FE4040F4D4
:10585000000070477FEA226216BF08467FEA236392
:105860000146420206BF5FEA412390EA010F40F47D
:10587000800070474FF0000304E000BF10F00043C9
:1058800048BF40425FEA000C08BF704743F09643B0
:1058900001464FF000001CE050EA010208BF7047CB
:1058A0004FF000030AE000BF50EA010208BF704752
:1058B00011F0004302D5404261EB41015FEA010C67
:1058C00002BF84460146002043F0B64308BFA3F15F
:1058D0008053A3F50003BCFA8CF2083AA3EBC25341
:1058E00010DB01FA02FC634400FA02FCC2F1200260
:1058F000BCF1004F20FA02F243EB020008BF20F097
:105900000100704702F1200201FA02FCC2F12002FC
:1059100050EA4C0021FA02F243EB020008BF20EAF1
:10592000DC7070474FF0FF0C1CEAD0521EBF1CEA1F
:10593000D15392EA0C0F93EA0C0F6FD01A4480EA0D
:10594000010C400218BF5FEA41211ED04FF00063F6
:1059500043EA501043EA5111A0FB01310CF0004022
:10596000B1F5000F3EBF490041EAD3715B0040EA48
:10597000010062F17F02FD2A1DD8B3F1004F40EB18
:10598000C25008BF20F00100704790F0000F0CF0EB
:10599000004C08BF49024CEA502040EA51207F3AAF
:1059A000C2BFD2F1FF0340EAC250704740F400008A
:1059B0004FF00003013A5DDC12F1190FDCBF00F07B
:1059C00000407047C2F10002410021FA02F1C2F129
:1059D000200200FA02FC5FEA310040F1000053EAC5
:1059E0004C0308BF20EADC70704792F0000F00F013
:1059F000004C02BF400010F4000F013AF9D040EA19
:105A00000C0093F0000F01F0004C02BF490011F4AC
:105A1000000F013BF9D041EA0C018FE70CEAD153AA
:105A200092EA0C0F18BF93EA0C0F0AD030F0004C2A
:105A300018BF31F0004CD8D180EA010000F00040DE
:105A4000704790F0000F17BF90F0004F084691F09C
:105A5000000F91F0004F14D092EA0C0F01D14202D6
:105A60000FD193EA0C0F03D14B0218BF084608D19F
:105A700080EA010000F0004040F0FE4040F40000E9
:105A8000704740F0FE4040F4400070474FF0FF0C7C
:105A90001CEAD0521EBF1CEAD15392EA0C0F93EAC3
:105AA0000C0F69D0A2EB030280EA010C49024FEA15
:105AB000402037D04FF0805343EA111143EA1013CE
:105AC0000CF000408B4238BF5B0042F17D024FF486
:105AD000000C8B4224BF5B1A40EA0C00B3EB510F61
:105AE00024BFA3EB510340EA5C00B3EB910F24BF4A
:105AF000A3EB910340EA9C00B3EBD10F24BFA3EBCF
:105B0000D10340EADC001B0118BF5FEA1C1CE0D196
:105B1000FD2A3FF650AF8B4240EBC25008BF20F049
:105B2000010070470CF0004C4CEA50207F32C2BF9D
:105B3000D2F1FF0340EAC250704740F400004FF03A
:105B40000003013A37E792F0000F00F0004C02BF6B
:105B5000400010F4000F013AF9D040EA0C0093F035
:105B6000000F01F0004C02BF490011F4000F013B8F
:105B7000F9D041EA0C0195E70CEAD15392EA0C0FF7
:105B800008D142027FF47DAF93EA0C0F7FF470AF2F
:105B9000084676E793EA0C0F04D14B023FF44CAF72
:105BA00008466EE730F0004C18BF31F0004CCAD107
:105BB00030F000427FF45CAF31F000437FF43CAF43
:105BC0005FE700BF4FF0FF3C06E000BF4FF0010C65
:105BD00002E000BF4FF0010C4DF804CD4FEA400247
:105BE0004FEA41037FEA226C18BF7FEA236C11D091
:105BF00001B052EA530C18BF90EA010F58BFB2EB44
:105C0000030088BFC81738BF6FEAE17018BF40F0C3
:105C1000010070477FEA226C02D15FEA402C05D177
:105C20007FEA236CE4D15FEA412CE1D05DF8040BFC
:105C3000704700BF844608466146FFE70FB5FFF78F
:105C4000C9FF002848BF10F1000F0FBD4DF808ED47
:105C5000FFF7F4FF0CBF012000205DF808FB00BF38
:105C60004DF808EDFFF7EAFF34BF012000205DF892
:105C700008FB00BF4DF808EDFFF7E0FF94BF0120DF
:105C800000205DF808FB00BF4DF808EDFFF7D2FFDC
:105C900094BF012000205DF808FB00BF4DF808ED1F
:105CA000FFF7C8FF34BF012000205DF808FB00BFEC
:105CB0004FEA4002B2F1FE4F0FD34FF09E03B3EB19
:105CC00012620DD94FEA002343F0004310F0004F59
:105CD00023FA02F018BF404270474FF000007047AF
:105CE00012F1610F01D1420205D110F0004008BF4E
:105CF0006FF0004070474FF0000070477BB972B9F9
:105D00000029BEBF00204FF0004106E008BF002878
:105D10001CBF6FF000414FF0FF3000F0B5B9ADF19E
:105D2000080C6DE904CE002909DB002B1ADB00F01A
:105D30004DF8DDF804E0DDE9022304B0704740428D
:105D400061EB4101002B1BDB00F040F8DDF804E0C3
:105D5000DDE9022304B0404261EB4101524263EBB2
:105D600043037047524263EB430300F02FF8DDF822
:105D700004E0DDE9022304B0404261EB41017047D9
:105D8000524263EB430300F021F8DDF804E0DDE963
:105D9000022304B0524263EB4303704753B94AB93C
:105DA000002908BF00281CBF4FF0FF314FF0FF3023
:105DB00000F06AB9ADF1080C6DE904CE00F006F808
:105DC000DDF804E0DDE9022304B070472DE9F04777
:105DD000089D0C46002B4ED194468C458646B2FA5F
:105DE00082F262D94AB1C2F12003914020FA03F352
:105DF0000CFA02FC194300FA02FE4FEA1C471FFA94
:105E00008CF6B1FBF7F44FEA1E4307FB141143EA8B
:105E1000014304FB06F199420AD91CEB030304F188
:105E2000FF3080F01281994240F20F81023C6344BE
:105E3000591A1FFA8EF3B1FBF7F007FB101143EA72
:105E4000014300FB06F69E420AD91CEB030300F156
:105E5000FF3180F0FC809E4240F2F98063440238BA
:105E60009B1B40EA044000211DB1D3400022C5E93C
:105E70000032BDE8F0878B4205D90DB1C5E90001BC
:105E800000210846F5E7B3FA83F1002946D1A34281
:105E900002D39042C0F0F080861A64EB0303012025
:105EA000002DE6D0C5E90063E3E7002A40F09080CA
:105EB000A1EB0C044FEA1C481FFA8CF70121B4FB3C
:105EC000F8F64FEA1E4308FB164443EA044307FB77
:105ED00006F0984208D91CEB030306F1FF3402D206
:105EE000984200F2CD8026461C1A1FFA8EF3B4FBAE
:105EF000F8F008FB104443EA044300FB07F79F4215
:105F000008D91CEB030300F1FF3402D29F4200F2D8
:105F1000B0802046DB1B40EA0640A5E7C1F1200621
:105F20008B4022FA06F71F4320FA06FC04FA01F31D
:105F300043EA0C03F44000FA01F8380C4FEA134925
:105F4000B4FBF0FE1FFA87FC00FB1E4449EA044440
:105F50000EFB0CF9A14502FA01F20AD93C190EF127
:105F6000FF3A80F08480A14540F28180AEF1020EBC
:105F70003C44A4EB09041FFA83F9B4FBF0F300FBE3
:105F8000134449EA044403FB0CFCA44507D93C191B
:105F900003F1FF3067D2A44565D9023B3C4443EA94
:105FA0000E40A0FB0293A4EB0C049C42CE469C4600
:105FB00051D34ED055B1B8EB0E0364EB0C0404FA88
:105FC00006F6CB401E43CC40C5E90064002150E7F3
:105FD000C2F1200320FA03F10CFA02FC24FA03F3C5
:105FE00094400C434FEA1C4800FA02FE1FFA8CF75B
:105FF000B3FBF8F008FB1031230C43EA014300FB2C
:1060000007F1994208D91CEB030300F1FF362CD2AB
:1060100099422AD9023863445B1AA4B2B3FBF8F15F
:1060200008FB113344EA034401FB07F3A34208D9F8
:106030001CEB040401F1FF3613D2A34211D902393B
:106040006444E41A41EA004139E70446F0E60846B0
:1060500006E7C845AED2B9EB020E63EB070C013878
:10606000A8E73146EDE7034699E73046D4E7D64640
:106070007FE7634402384DE70646234608460FE7AC
:10608000023E634430E700BF704700BF30B585B0C3
:1060900000240546CDE90144039400F099FB14481F
:1060A00001F0FEFD08B100F08BFA1148039401A93C
:1060B000CDE9015401F0BEFB08B100F081FA0C48B3
:1060C00001F018FD08B100F07BFA4FF0FF310848ED
:1060D00001F052FB064801F0C5FD054801F0A6FBA2
:1060E0000446034801F068FD204605B030BD00BFFE
:1060F00098030020014B024A1A6070479803002061
:106100000024014008B50948FFF7C0FF68B1084BFB
:10611000B3F8AA304FF6FF72934216BF40F6E4423E
:10612000044B5343B3FBF0F398B208BD002000B416
:106130000075FF1FD8084C0013B50023ADF80630DA
:10614000FFF7E0FF04461948FFF7A0FF184BB3F82C
:10615000C820B3F8A8108A4204FB00F018D040F61B
:10616000E443B0FBF3F364205B1A4343521A93FBFE
:10617000F2F31E331BB2ADF80630BDF806305BB249
:106180001B02ADF80630BDF8060000B202B010BD2B
:106190004FF47A7240F6FF73B0FBF3F35343A3F569
:1061A0003923A3F50C6340F6C412E0E7001000B0F9
:1061B0000075FF1F08B502F0ADF810B16FF00400D4
:1061C00008BD064B9A6942F040429A614CF2FA329D
:1061D0001A6102F0B1F80028F2D0EFE70040005851
:1061E000F0B585B000230D4600930646A8B3FFF72F
:1061F000E1FF044670BB02F08DF888BB1A481B4AC9
:1062000002230193D0F8E01506F1784302EA8121D8
:10621000B3FBF1F701FB1733DB0A0293D0F8E0057B
:1062200005F178410139314402EA8022B1FBF2F0F4
:1062300002FB1011C3EBD1230133694601A803937C
:1062400002F000F920B1022814BF6FF0010401240C
:1062500002F072F8204605B0F0BD6FF00504F9E7D2
:106260006FF00404F6E700BF0070FF1F00FCFF039F
:10627000014B186000207047B40100202DE9F04F59
:10628000B0F1006F89B006460F469046C0F0C0805E
:10629000DFF89091644DD9F8E03505EA832303F1E6
:1062A0000063013B984200F2B380002900F0B38004
:1062B00040EA02035B0740F0AE80FFF77BFF044635
:1062C00090BB02F027F8002840F0A880D9F8E0152C
:1062D000009705EA812106F17842B2FBF1F301FB58
:1062E000132208F17843013B3344B3FBF1F001FB87
:1062F0001033DB0A01334FEAD22AA3EBD222012A60
:10630000039388BFC6F30A050AF58037C6F1080370
:106310008CBFC5F500654546FF02B3460693039B57
:106320009A4505D302F008F8204609B0BDE8F08F81
:10633000A6F10803069A1A4495421CD8009B0495BE
:106340000193CDF814B04FF00009059B09EB030150
:10635000049B99453DD3009BAB442B44A8EB05051A
:10636000B5F5006F009328BF4FF400650AF1010AEC
:1063700007F50067D3E753F8081F5A68B2F1FF3FEB
:1063800008BFB1F1FF3FD5D0284B186810B96FF0A6
:106390000504C7E727B14FF40062394614F062FBE9
:1063A000DFF888900099D9F80030CBF30A00184440
:1063B000AAB214F057FB4FF400613846FFF710FF04
:1063C00000BBD9F8003001934FF4006305970493A4
:1063D000B9E7019B07914B4402930120D3E90023C5
:1063E00001F0EAFF88B90799019BD1E9000259F849
:1063F0000310029B5B689A4208BF884205D109F1ED
:106400000809A2E76FF001048CE76FF0030489E745
:106410004FF0FF3488E76FF0050485E76FF0040460
:1064200082E700BF0070FF1F00FCFF03B4010020E3
:10643000B1F1006F70B510D30B4BD3F8E0650B4B87
:1064400003EA862303F10063013B994205D838B182
:1064500092B214F007FB002070BD4FF0FF30FBE755
:106460006FF00500F8E700BF0070FF1F00FCFF039E
:10647000B0F1006F10B40DD3084BD3F8E045084BD2
:1064800003EA842303F10063013B984202D810BC65
:10649000FFF7A6BE4FF0FF3010BC70470070FF1F23
:1064A00000FCFF034FF0B04382B0DA6C0243DA64C1
:1064B000DB6C03400193019B02B07047F0B587B0DD
:1064C0001422002101A815F007FB0220FFF7EAFFC4
:1064D000234F244E0120FFF7E5FF0420FFF7E2FFE2
:1064E0004FF48C713846002202F01AF90022602124
:1064F0004FF0904002F014F9002230464FF4005162
:1065000002F00EF9012500244FF48C7301A93846DE
:10651000CDE90135CDE9034401F0E2FF602301A993
:106520004FF09040CDE90135CDE9034401F0D8FFAB
:1065300002224FF4881301A94FF09040CDE90123C6
:10654000039501F0CDFF4FF4005301A93046CDE98A
:106550000135CDE9034401F0C3FF07B0F0BD00BF32
:1065600000040048000800484FF0B04382B0DA6CE5
:106570000243DA64DB6C03400193019B02B0704775
:106580004FF0B04307B59A6C42F004029A649A6CDB
:1065900002F004020192019A9A6C42F001029A649C
:1065A0009B6C03F001030093002202210F20009B4B
:1065B00001F014FC0F2003B05DF804EB01F040BCC7
:1065C00008B5322000F00AFDBFF34F8F0549064B96
:1065D000CA6802F4E0621343CB60BFF34F8F00BF81
:1065E000FDE700BF00ED00E00400FA0500B59BB038
:1065F0004822002108A815F06FFA1822002102A8ED
:1066000015F06AFA02F0A6F84FF0B042B021D2F8C5
:10661000903023F01803C2F89030D2F8003423F4FD
:10662000C06343F40073C2F80034D2F8003412910E
:1066300003F4C0630193019B2C230893812301225F
:106640000B9308A80023CDE91023CDE90E23139363
:1066500002F0F8F908B1FFF7B3FF4F23CDE902309C
:10666000CDE90400CDE90600022102A802F084FC75
:106670000028F0D11BB05DF804FB00007FB54C4B47
:106680004C4A9A6062B600F019FFFFF7AFFF142280
:10669000002101A815F020FA0220FFF765FF012074
:1066A000FFF762FF0420FFF75FFF4FF48C71424851
:1066B000002202F035F8002260214FF0904002F0F5
:1066C0002FF800223D484FF4005102F029F8002431
:1066D00001254FF48C73384801A9CDE90135CDE986
:1066E000034401F0FDFE602301A94FF09040CDE985
:1066F0000135CDE9034401F0F3FE4FF48813022085
:10670000CDE9010301A94FF09040039501F0E8FEA7
:106710004FF40053294801A9CDE90135CDE90344DF
:1067200001F0DEFE22462146072001F057FB07203C
:1067300001F086FBFFF724FF04F032FE2048214BD6
:10674000C0E9003402F00AFE08B1FFF739FF1E4C21
:106750001E4A20614FF4E133C4E900230C23C4E94D
:1067600005300823C4E90200C4E907006062A3629F
:1067700020464FF40043A36304F0A2FB0146002827
:10678000E3D1204604F00EFD01460028DDD120466D
:1067900004F028FD0028D8D1204604F0E8FC0028A9
:1067A000D3D1204603F030FC04F001FEFCE700BF2B
:1067B00000ED00E000500008000400480008004818
:1067C0008403002000100058AC0200200038014073
:1067D0001148124A08B54FF08043C0E90023042253
:1067E000002342610122C0E90233C0E90933C0E954
:1067F0000C33036103838376C26180F8203080F814
:106800002C30836380F83C30C36400F0B5FE08B1DF
:10681000FFF7D6FE08BD00BF98030020002401400A
:1068200030B58DB0204C2C22002101A815F054F970
:106830001E4B23601F23A3604FF0804200234FF4C0
:1068400080752046C4E90433C4E90723A361656267
:1068500002F062FF08B1FFF7B3FE204603F088F8AC
:1068600002460028F7D14FF00043089302900690AB
:106870004FF0005301A9204607930B9502F0ACFF9F
:106880000028E8D10121204603F0B0F84BF6BE65A0
:10689000A84206D001F05EFF2A460121204603F0FF
:1068A0009EF80DB030BD00BF4C0300200028004012
:1068B000044808B50823036003F0C6F808B1FFF7E1
:1068C0007FFE08BD4003002010B5144A144C4FF45D
:1068D0006133C4E90023204600230C22C4E90233BB
:1068E000C4E90523C4E90733C4E90933236104F08B
:1068F000E7FA014608B1FFF763FE204604F052FCB8
:1069000001460028F7D1204604F06CFC0028F2D1A3
:10691000204604F02CFC0028EDD110BD00440040BE
:10692000180200200648074A08B50023C0E90023E2
:1069300002F014FD18B1BDE80840FFF741BE08BDE4
:1069400084030020001000587047000008B500F0D4
:10695000D7FD044B0120C3F88800BDE8084001F0D2
:1069600051BF00BF0004005800F0D1BD08B500F0D1
:10697000CEFDBDE8084000F011BD08B500F0C0FD37
:10698000BDE808400121002001F0ECBE70474FF047
:10699000B04382B0DA6C0243DA64DB6C03400193EB
:1069A000019B02B0704708B500220520114601F096
:1069B00015FABDE80840052001F042BA30B504469A
:1069C00087B01422002101A815F086F82268154B23
:1069D0009A4225D14FF0B04302201A6E42F4007261
:1069E0001A661B6E03F400730093009BFFF7CFFF42
:1069F0000120FFF7CCFF04230DEB03010A48032518
:106A00000024CDE90135039401F06AFD4FF4806361
:106A100001A94FF09040CDE90135039401F060FDEC
:106A200007B030BD002401400004004808B50268EA
:106A30000A4B9A4211D14FF0B0420948136E23F429
:106A400000731366042101F0F7FDBDE808404FF420
:106A500080614FF0904001F0EFBD08BD002401407F
:106A60000004004810B5044690B03822002102A866
:106A700015F032F822680E4B9A4216D14FF40043BB
:106A8000029302A84FF080430E9302F099FB08B1E5
:106A9000FFF796FD4FF0B0431A6D42F480221A655D
:106AA0001B6D03F480230193019B10B010BD00BF48
:106AB000001000580268054B9A4201BF4FF0B042E7
:106AC000136D23F480231365704700BF0010005836
:106AD00010B5044690B03822002102A814F0FCFF43
:106AE0002268194B9A422CD14FF48033029302A8AA
:106AF0004FF480730F9302F063FB08B1FFF760FD62
:106B00004FF0B0430220D3F8902042F40042C3F883
:106B100090209A6D42F480629A659B6D002203F486
:106B2000806311460193019B01F058F9022001F0A6
:106B300087F900222A20114601F050F92A2001F09D
:106B40007FF910B010BD00BF002800404FF0B043E7
:106B500007B55A6E42F001025A665B6E002203F0DE
:106B60000103019311463220019B01F037F93220D5
:106B700003B05DF804EB01F063B9000070B596B0A6
:106B800006461422002103A814F0A6FF3822002193
:106B900008A814F0A1FF3368394A934226D1012492
:106BA0004FF4403308A8CDE9084302F009FB08B1CF
:106BB000FFF706FD4FF0B04302201A6E42F4804208
:106BC0001A661B6E03F480430193019BFFF7DFFEFF
:106BD000C023CDE903300023CDE90533294807233D
:106BE00003A9079301F07CFC16B070BD264A9342BE
:106BF000FAD10223089308A84FF440230A9302F025
:106C0000DFFA08B1FFF7DCFC4FF0B04301209A6DCA
:106C10001E4C42F400329A659B6D03F400330293DC
:106C2000029BFFF7B4FE0C2202230025CDE90323CB
:106C300003A907234FF090400793CDE9055501F0D4
:106C40004FFC134925621423C4E900131023C4E93F
:106C5000023520468023C4E90435C4E9065501F015
:106C600075F908B1FFF7ACFC0022F4671146252046
:106C7000A66201F0B3F8252001F0E2F8B4E700BF06
:106C8000003801400004004800440040B8010020E2
:106C9000580002400368144A934210B504460BD1D1
:106CA0004FF0B042BDE81040136E104823F480430B
:106CB0001366C02101F0C0BC0D4A934212D14FF0BF
:106CC000B0420C21936D23F4003393654FF0904054
:106CD00001F0B2FCE06F01F0ABF9BDE810402520F7
:106CE00001F0BCB810BD00BF0038014000040048EE
:106CF00000440040FEE7FEE7FEE7FEE7FEE77047E0
:106D00007047704700F0F0BB014802F057BE00BF6B
:106D10004C0300207047022001F010BD014801F033
:106D20008BBA00BFB8010020014803F029BA00BFA8
:106D300018020020014802F075BC00BF4C0300207F
:106D4000014803F064B800BF400300202DE9F04182
:106D500086B000244FF0B0430594DA6C1B4D42F02E
:106D60000402DA64DB6C039403F004030093009BD9
:106D700010270123CDE9017301A9032328460493B9
:106D80004FF4005801F0ACFB01A928468026CDF84D
:106D9000048001F0A5FB01A94FF09040019601F09D
:106DA0009FFB22464146284601F0BAFC224639465E
:106DB000284601F0B5FC224631464FF0904001F0E4
:106DC000AFFC204606B0BDE8F08100BF00080048D7
:106DD00008B5032814D8DFE800F002151D2A0022A8
:106DE00080214FF0904001F09BFC002214481021BC
:106DF00001F096FC002212484FF4005101F090FC83
:106E0000002008BD012280214FF0904001F088FC55
:106E10000122EBE7012280214FF0904001F080FC3D
:106E200001220748102101F07BFC0122E3E7012247
:106E300080214FF0904001F073FC0022F1E700BF89
:106E40000008004802207047012070470120704769
:106E5000002814BF16200F20704700000CB407B59F
:106E6000054A05AB1021019313F0EEFE03B05DF867
:106E700004EB02B0704700BF48CF010830B585B0C1
:106E8000044602A80D4613F057FEBDF90C30064A21
:106E900000931021029B2046FFF7E0FF2046FEF7FB
:106EA0006FF9288005B030BD48CF01084FF0B042DF
:106EB00010B5936823F40043936014F0B3F80E4BBD
:106EC00001241C7000F090F814F040FA0B4814F004
:106ED00057FA0B4B4FF400421A61002014F056FA97
:106EE000FFF708F900F0A6F813F066FD21462046EA
:106EF000BDE8104013F080BDFC0300207D6E00084B
:106F00000040005813F08EBD002070477FB56846E2
:106F100000F074F80198FEF7CBFE00B207B05DF800
:106F200004FB0000194A38B5D2F88035591C0446D4
:106F300019D100F0F3FA054600F0FCFA054400F020
:106F4000F3FA2B0EE3712B0CA3712B0A6371030E62
:106F5000E370C0F30742C0F307232571C0B2A270EB
:106F60006370207038BD190AC3718171190C1B0E32
:106F700041710371D2F88435C370D2F88405C0F32F
:106F80000722C0F30743000EE9E700BF0070FF1FB0
:106F900038B5094BD3F8803503600133054609D174
:106FA00000F0BCFA044600F0BFFA444000F0C2FA18
:106FB00044402C6038BD00BF0070FF1F012102203B
:106FC00013F004BD0021022013F000BD024B18781D
:106FD00008B100F0C1B87047FC03002082B00190F6
:106FE000019802B000F054B908B500F0A9FA00F019
:106FF000AFFABDE8084000F0B3BA000010B504468F
:10700000FFF79AF8074BA36040F30F20FEF736FC1A
:10701000054B064A2360064B6060C4E90323002049
:1070200010BD00BF0000484200007A440D093E0038
:10703000AB030500002070470120704708B514F02D
:10704000AFFE162303604FF0FF3008BD08B514F003
:10705000A7FE16230360FEE770B50D4614460E46E4
:10706000731B9C4201DC204670BDAFF3008006F824
:10707000010BF5E770B50D4614460E46731B9C4296
:1070800001DC204670BD16F8010BAFF30080F5E778
:107090004FF0FF3070474FF400534B6000207047B3
:1070A00001207047002070470B4A116810B5034655
:1070B00009B90A491160106809490A4C0344091BBF
:1070C0008B4206D914F06CFE0C2303604FF0FF30A6
:1070D00010BD1360FCE700BF00040020A859002089
:1070E000000001200004000070470000014B1868F8
:1070F000704700BF040400200320704708B5014614
:107100004FF47A7200238002890DFEF747FE08BD16
:107110004FF47A73A0FB0303800A40EA8350704760
:10712000034B98689A689042FBD1C043704700BFF8
:107130000028004008B5FFF7F3FF014B186008BDB9
:107140000404002008B5FFF7EBFF024B1B68C01AD0
:1071500008BD00BF04040020024B187808B1FFF7F7
:10716000DFBF70470804002010B5074B074C012211
:10717000DA654FF48071204602F01AFA4FF0FF33BF
:107180002363002010BD00BF002800404C030020F6
:1071900002460021014802F022BC00BF4C0300203F
:1071A00002460121014802F01ABC00BF4C03002036
:1071B00010B58CB02C220021044601A814F08CFCE0
:1071C000FFF7D2FF0C4B0D481B681C4400230893AB
:1071D00006934FF00053E443079301224FF480736A
:1071E00001A902940B9302F0F7FA08B1FFF7E8F94E
:1071F00000200CB010BD00BF040400204C03002090
:1072000038B50546FFF78CFF02210446074802F017
:10721000EDFBC4F309024FF47A71A2FB0121920A3B
:10722000A30A2A8043EA805038BD00BF4C030020E7
:107230000148002102F0DABB4C0300200148012183
:1072400002F0D4BB4C030020F8B50F4D2E78CEB918
:107250000E4C4FF0FF372763FFF7E2FAFFF784FF8A
:107260004FF48071204602F0A3F92046276302F014
:1072700061FB32462046022102F0B1FBFFF75AFFC4
:1072800001232B700020F8BD080400204C030020CF
:10729000014610B54FF47A7200238002890DFEF783
:1072A0007DFD0146FFF73CFF0446FFF739FF031B56
:1072B0008B4200D310BD00BFF7E713F0BBBF000047
:1072C00010B5064C0221204602F090FB0221421C20
:1072D0002046BDE8104002F082BB00BF4C030020F6
:1072E00008B50A460146024802F0AEFE002008BD7D
:1072F0001802002013B5114B114C18604FF4001305
:10730000009302AB13E90600204603F0D4FE236885
:10731000DA69D103FCD4DA695202FCD59A680848CC
:1073200042F480029A6003F00CFF064904480122EF
:1073300003F07AFE002002B010BD00BF0C04002054
:10734000180200201404002008B5074B1860FFF74E
:1073500017F9FFF7B9FA054AD2F8803043F0006315
:10736000C2F88030002008BD10040020000800583A
:1073700008B54FF0B04308489A6B42F400329A6364
:107380009A6B22F400329A63FFF784FC0F2000F01E
:1073900065FD002008BD00BF1802002008B50748A1
:1073A00003F08EFD08B1FFF70BF9054800F0CEFDA4
:1073B00018B1BDE80840FFF703B908BD1802002066
:1073C000B80100200268044B9A4203D1034B00200D
:1073D0001B681847704700BF00440040100400209D
:1073E00002680B4B9A4210B504460FD1094B1B683B
:1073F0002BB1D0F8902012B90748012198472046B8
:107400000549BDE81040012203F00EBE10BD00BFCB
:10741000004400400C040020140400200D48854660
:10742000FFF762FE0C480D490D4A002302E0D458D4
:10743000C4500433C4188C42F9D30A4A0A4C0023BE
:1074400001E013600432A242FBD314F0AFFCFFF75B
:1074500015F9FEE70000012000000020980100203F
:1074600094E5010898010020A8590020FEE70000DB
:1074700038B5104C237805460BB9012038BD01F012
:10748000D1FA22784FF47A73B3FBF2F3B0FBF3F046
:1074900000F008FD04460028EFD10F2DEDD802467C
:1074A00029464FF0FF3000F099FC034B20461D6049
:1074B000E4E700BF040000200800002010B503200E
:1074C00000F07AFC01F0AEFA064B18600F20FFF7CF
:1074D000CFFF044618B9FFF766FA204610BD012415
:1074E000FBE700BF00000020034A044B11681B7833
:1074F0000B441360704700BF1804002004000020F4
:107500004FF0E022136923F00203136170474FF03C
:10751000E022136943F0020313617047014BD3F873
:10752000900570470070FF1F014BD3F8940570471A
:107530000070FF1F014BD3F8980570470070FF1FC4
:10754000024A536823F0010353607047002004E0AF
:10755000024A536823F0020353607047002004E09E
:10756000024A536823F0040353607047002004E08C
:107570008068C0F380007047F7B50023019304468C
:10758000002800F0E980856D25B9FFF717FAE56559
:1075900084F8545023689A68D00040F1A1809A681A
:1075A000D10000F1B480A26D42F01002A265E26D3C
:1075B00042F00102E26501251846FFF7D9FFA26DEE
:1075C00002F01002024340F0C980A26D206922F44B
:1075D000817242F00202A2659A68D2075DD4226BE2
:1075E000A67E94F82CC0003A18BF01221703D4E9F4
:1075F00002120A43217E42EA8132617E42EAC132AE
:1076000042EA4632002842EA4C02B4BF20F0004170
:107610004FF400113A430A4394F82010012903D192
:10762000002E76D142F48032616A21B1A66A01F45B
:10763000E07131430A43D968E66C21F4FE3121F44C
:10764000FF711143D96094F83C206168012A01F070
:10765000404C4CEA060609D1D4E910273A4332439C
:10766000A66C324342EA0C0242F001061F693E4A10
:107670003A4032431A6121F00042B2F1804F0CD0FF
:10768000B1F1004F09D0394ED6F8082701F4701136
:1076900022F470120A43C6F808275A69666BA16B78
:1076A00022F0070232435A615A6922F0700242EA1C
:1076B00001125A61002835D19A6A62F00F029A626B
:1076C0005B6903F007039E423CD10023E365A36D91
:1076D00023F0030343F00103A365284603B0F0BD84
:1076E0009A68234922F0104222F0170242F0805299
:1076F0009A60204A1268B2FBF1F201325200019204
:10770000019A002A3FF44BAF019A013AF7E70025AE
:1077100052E7A16D41F02001A165E16D41F0010149
:10772000E16581E7B0F5001FCAD19A6AE269013AC2
:1077300092006FF00F0102F01C0201FA02F2216EBA
:107740000A43BCE7A36D23F0120343F01003A365C3
:10775000E36D43F00103E3650125BEE7A36D43F04C
:107760001003A365F8E700BF02FCFF1F00200140E3
:10777000400D030000000020F8B54569082D0446BF
:107780000E460AD00368DB68D80705D5A36D43F021
:107790002003A3650120F8BD0425FFF717FC074669
:1077A00023681A682A4220D0A26D42F40072A265B2
:1077B000DA6812F4406F14D1A27E92B91A681207E7
:1077C0000FD51846FFF7D4FE20BB5A6822F00C02F2
:1077D0005A60A26D22F4807222F0010242F001028E
:1077E000A265227EFAB10020D5E7711CD9D0FFF73F
:1077F000EDFBC01BB04201D8002ED1D123681B681D
:107800002B40CDD1A26D84F8543042F00402A26521
:107810000320C0E7A26D42F02002A265E26D42F0B3
:107820000102E265DDE70C221A60DCE70368186CF0
:1078300070470000F7B50023019390F85430012BF6
:10784000044600F0C08005680269012380F85430C6
:107850002846FFF78DFE002840F0AF80D1E90030C8
:10786000022822F004027ED0B2F1004FC3F3110EC1
:1078700035D1AA6A42EA0E02AA628A68686902EAF7
:10788000032222F07C4222F0FF0220EA03210A4375
:10789000002B6A611DDA4D4A4D4DD2F80817AB42F4
:1078A00001F0E07043D10D0213D4D2F8083723F071
:1078B000E073034343F40003C2F80837454B1A68EA
:1078C000454BB2FBF3F20C2302FB03330193019B04
:1078D00053BB0020002384F8543003B0F0BD226E67
:1078E00000F01F074FF00F0C0CFA07FC6FEA0C06B4
:1078F00022EA0C0CBEF1000F11D1C3F38462BA402E
:1079000042EA0C0222668008E26901309042B4D853
:10791000A86AC3F38362BA4006403243ACE793FAE5
:10792000A3F2B2FA82F2EAE7019B013BCEE72B4DCC
:10793000AB420BD1C901CCD4D2F8083723F0E073A5
:10794000034343F08073C2F80837C2E7244DAB42CB
:10795000BFD14B02BDD4D2F8083723F0E073034304
:1079600043F48003EFE7B2F1004F01BFAA6AC3F30B
:1079700011018A43AA62002BABDA154813498342EE
:10798000D1F8082709D1D1F8083702F0A07223F006
:10799000E0731A43C1F808279BE71048834204D1DB
:1079A000D1F8083702F44002F1E70D48834290D144
:1079B000D1F8083702F0C072E9E7A26D42F0200268
:1079C000A265184686E7022087E700BF0020014035
:1079D000001000B000000020400D0300004000B87F
:1079E000002000B4026838B504461046FFF7C0FD19
:1079F00008B9002038BD9368990707D4936823F02D
:107A0000004323F0170343F010039360FFF7DEFAFF
:107A1000054623689B685B07EBD5FFF7D7FA401B49
:107A20000228F6D923689B685A07F2D5A36D43F064
:107A30001003A365E36D43F00103E3650120D9E77B
:107A400073B50023026801939368DD07044602D5ED
:107A5000002002B070BD9168214B194209D0A36D7E
:107A600043F01003A365E36D43F00103E3650120D8
:107A7000EFE7936823F0004323F0170343F001037B
:107A80009360184BD3F8083718021CD4637E012B7F
:107A9000DED0FFF79BFA144E054622681368DB0719
:107AA000D6D49368D9075FBF9368334043F001038E
:107AB0009360FFF78BFA401B0228EED923681B68FE
:107AC000DA07EAD4CBE7094B094A1B68B3FBF2F3A8
:107AD00001330193019B002BD8D0019B013BF8E7B8
:107AE0001700008000200140E8FFFF7F0000002019
:107AF000400D030038B504460068FFF739FD054620
:107B000020BB94F85430012B20D0012384F854304A
:107B10002046FFF795FFB0B9A36D226823F4706388
:107B200023F0010343F48073A3651C23E065136015
:107B300084F85400936823F0004323F0170343F0C4
:107B40000403936038BD84F85450FBE70220F9E742
:107B5000026838B5936891680446C80701D40020CC
:107B600038BD9907FBD4936803F00503012B19D1A5
:107B7000936823F0004323F0170343F0020393605C
:107B800003231360FFF722FA054623689B68DB078F
:107B9000E5D5FFF71BFA401B0228F6D923689B683E
:107BA000DA07F2D5A36D43F01003A365E36D43F04C
:107BB0000103E3650120D3E770B5044600284BD0EC
:107BC000836D43F002038365FFF70CFF054668B938
:107BD0002046FFF7BDFF054608B90123A3652268CB
:107BE000936823F0104323F01703936023685A68C7
:107BF00022F4677222F003025A6040F29F321A6048
:107C0000D968164A0A40DA601A6922F040421A61BD
:107C10005A6922F007025A611A6A02F0F0221A62C7
:107C20005A6A02F0F0225A62DA6A02F0F022DA624C
:107C30009A6A0B4A00269E62D2F8083723F0FE7338
:107C4000C2F808372046FEF7F1FEE6652666A6650F
:107C500084F85460284670BD0125FBE700023E838E
:107C60000020014010B590F85430012B044615D087
:107C7000012380F85430FFF7B5FE58B92046FFF7CE
:107C800067FF38B9A36D23F4807323F0010343F039
:107C90000103A365002384F8543010BD0220FCE7E3
:107CA000F7B50023019390F85430012B04467FD0A0
:107CB000012380F85430FFF74BFF23689A6812F0D5
:107CC0000102054607D0A36D43F01003A36500230E
:107CD00084F854302DE0A16D364F21F4817141F0CC
:107CE0000201A165DE68D96826F4FF4626F07C060D
:107CF00021F40041360421F00301360CD96008203C
:107D00009968394041F0004199609968002913DA77
:107D10000199013101910199B1F52E3FF5D3A36D80
:107D200023F0120343F01003A365002384F85430BA
:107D30000125284603B0F0BDD3F8B410013801F096
:107D40007F010A44DCD199681A48014041F00101E1
:107D50009960D3F8B41021F07F0141EAD202C3F850
:107D6000B4209A68024042F002029A60FFF72EF9AE
:107D7000074623689A68D20708D4DA683243DA6083
:107D8000A36D23F0030343F001039FE7FFF71EF900
:107D9000C01B0228EDD923689B68D907E9D5A36DDC
:107DA00043F01003A365E36D43F00103E365BFE710
:107DB0000225BEE7E8FFFF7F0749CA6822F4E062B8
:107DC0000302120403F4E063120C134343F0BF6395
:107DD00043F40033CB60704700ED00E0164B30B544
:107DE000DC68C4F30224C4F10703251D042B28BF5B
:107DF0000423062D4FF0FF358CBF033C002405FA09
:107E000003F321EA0303A54022EA0502A340002868
:107E100043EA0203ACBF00F16040084A4FEA031393
:107E2000B8BF00F00F00DBB2AABF00F561401354E9
:107E300080F8003330BD00BF00ED00E014ED00E03D
:107E4000002807DB044A4109012300F01F0083409A
:107E500042F82130704700BF00E100E000280CDB51
:107E60004309064900F01F0020330122824041F8F7
:107E70002320BFF34F8FBFF36F8F704700E100E007
:107E8000BFF34F8F0549064BCA6802F4E062134303
:107E9000CB60BFF34F8F00BFFDE700BF00ED00E0F8
:107EA0000400FA050138B0F1807F0BD24FF0E023D7
:107EB000054A5861F02182F82310002007229861BA
:107EC0001A6170470120704700ED00E070B5D0E9FD
:107ED00013456560446D14B1D0E916456560D0E97D
:107EE000105404F01C060124B4406C600468636004
:107EF0008368102B0BBFA260A160E160E26070BDDF
:107F00000268416CD3B210B5083B1424B3FBF4F300
:107F10000B4CA24288BF0B4A21F0030199BF01F12B
:107F2000804202F50232521807338264064AC26464
:107F300003F01F03012202FA03F3036510BD00BF23
:107F4000070402401C0802408008024038B500289F
:107F50005CD002682E4B9A424FF014014AD82D4B48
:107F60001344B3FBF1F32C499B00C0E91013022327
:107F700080F825301368056923F4FF4323F070036C
:107F80001360D0E9024323432B43456911682B4317
:107F900085692B43C5692B43056A2B430B4313604B
:107FA000FFF7AEFFB4F5804F04BF00234360436882
:107FB000816C03F07F020A60D0E91314013B032BAC
:107FC0004C601ED8154B1649816513449B00012156
:107FD000013A01FA02F200214365C2651960114BB2
:107FE0005A6400230122C36380F8243080F82520DE
:107FF000184638BD0C4B1344B3FBF1F30B499B00FF
:10800000B3E70023C0E91533C365EAE70120F0E7D1
:1080100007040240F8FFFDBF000002403F8200104D
:108020004009024000090240F8FBFDBF0004024085
:1080300038B5002841D00268136823F001031360AB
:108040001F4B9A424FF0140130D81E4B1344B3FB20
:10805000F1F31D499B00C0E91013012403F01C0338
:1080600004FA03F3002515604B60FFF749FF836CAA
:1080700041681D60D0E913325A604A1E032A06D8AF
:10808000124B0B449B0094401D60114B5C64002319
:10809000C363C0E91533C0E90B33C0E90D33C365D1
:1080A00080F8253080F82430184638BD094B134439
:1080B000B3FBF1F308499B00CDE70120F5E700BFD2
:1080C00007040240F8FFFDBF000002403F8200109D
:1080D00000090240F8FBFDBF0004024070B590F8B3
:1080E0002450012D04463BD090F825600125AE4276
:1080F00080F824504FF000062CD1022580F825503E
:108100000568C6632E6826F001062E60FFF7DEFEC6
:10811000036BBBB12B6843F00E032B60A36C1A6892
:10812000D20342BF1A6842F480721A60636D1BB1B9
:108130001A6842F480721A602B6843F001032B60C6
:10814000002070BD2B6823F004032B602B6843F0E4
:108150000A03E2E78023C36380F824602846F0E73F
:108160000220EEE7034640B190F82520022A06D00F
:108170000422C263002280F8242001207047026894
:10818000806C116821F00E011160016821F480718A
:108190000160116821F001011160D3E9100202F0C1
:1081A0001C0101228A404260D3E9132151605A6DBB
:1081B00032B1116821F480711160D3E91621516048
:1081C0000122002083F8252083F82400704708B599
:1081D00090F82530022B03D00423C363012008BD8F
:1081E00003681A6822F00E021A601A6822F001026F
:1081F0001A60826C136823F480731360D0E9101343
:1082000003F01C02012393404B60D0E913325A6003
:10821000436D33B11A6822F480721A60D0E91632C5
:108220005A60012380F82530002380F82430836BC6
:1082300003B198470020D2E770B4426C046C036825
:1082400026681D6802F01C020421914031420FD0C3
:1082500015F0040F0CD01A6892065EBF1A6822F05F
:1082600004021A60036B6160002B33D070BC1847A6
:1082700002219140314217D015F0020F14D01A6834
:10828000940606D41A6822F00A021A60012280F8C5
:108290002520114A93428CBF104B114B596000238B
:1082A00080F82430C36ADFE708219140314211D0C1
:1082B00029070FD5196821F00E011960012303FA6F
:1082C00002F26260C36380F82530002380F8243016
:1082D000436BC9E770BC7047800002400004024055
:1082E000000002400A4A536943F4802330B55361C9
:1082F000EFF3108472B60023CD58C5500433B3F5A4
:10830000807FF9D11369DB03FCD484F3108830BD7E
:1083100000400058064B5A69002ABFBF054A9A60C0
:1083200002F188329A60BABF5869C00F00207047C6
:108330000040005823016745044B5A6942F000424F
:108340005A615869C043C00F704700BF00400058D1
:10835000014B5868704700BF1C04002070B50546EB
:10836000FEF734FE124E04463369D90313D4336941
:10837000DA0744BF012232614CF2FA32134011D1C4
:108380000B4E306910F480200BD0FEF71FFE001B4F
:10839000A842F6D304E0FEF719FE001BA842E3D37F
:1083A000032070BD024A1361024A01205360F8E7BE
:1083B000004000581C0400202DE9F041184D98465B
:1083C0002B78012B06460C46174626D001232B702E
:1083D0004FF47A7000236B60FFF7C0FFA0B9012E45
:1083E00016D1104A536943F0010353612760BFF36C
:1083F0006F8FC4F804804FF47A70FFF7AFFF094A1B
:10840000536923EA0603536100232B70BDE8F08112
:1084100039462046FFF766FFEDE70220F6E700BF8A
:108420001C04002000400058054A536923F47E7361
:1084300043EAC00040F4803040F0020050617047D1
:10844000004000582DE9F041234F3B78012B0546B1
:1084500088463FD001233B704FF47A7000237B6045
:10846000FFF77CFF044688B92B68042B13D11B4A05
:10847000536943F4803343F0040353614FF47A703B
:10848000FFF76CFF0446154B1A681B6800233B700E
:108490002046BDE8F0814FF0FF33C8F800306E6829
:1084A000D5E901321344B3420AD93046FFF7BCFF85
:1084B0004FF47A70FFF752FF50B1C8F800600446DD
:1084C000064A536923F47E7323F002035361DAE70B
:1084D0000136E5E70224DBE71C04002000400058D9
:1084E0002DE9F04F524C00234FF00F090A6832FA81
:1084F00003F501D1BDE8F08F012505FA03F818EA6C
:10850000020200F08E804E68032706F003054FEA52
:10851000430E07FA0EFC6F1E012F6FEA0C0C32D8C7
:10852000876807EA0C0ACF6807FA0EF747EA0A07D6
:108530008760476827EA0808C6F300179F4047EAA4
:1085400008074760C76807EA0C088F6807FA0EF744
:1085500047EA0807022DC76017D14FEAD30800EB9E
:10856000880803F0070AD8F820704FEA8A0A09FA47
:108570000AFB27EA0B0B0F6907FA0AF747EA0B0712
:10858000C8F8207001E0032DDCD1076805FA0EF56C
:1085900007EA0C073D4316F4403F056041D023F045
:1085A000030707F1804707F5803703F0030CBD6828
:1085B0004FEA8C0C4FF0070E0EFA0CFEB0F1904F04
:1085C00025EA0E0E2FD01B4DA8422ED005F5806552
:1085D000A84214BF0725022505FA0CF545EA0E0549
:1085E000BD602568D74316F4801F0CBF3D4015437E
:1085F0002560656816F4001F0CBF3D40154365609B
:10860000D4F8805016F4803F0CBF3D401543C4F8A9
:108610008050D4F88450B60354BF3D401543C4F88D
:108620008450013362E70025D6E70125D4E700BF77
:108630000008005800040048374A2DE9F04F002395
:108640004FF0010A4FF0070B4FF00F0931FA03F416
:1086500001D1BDE8F08F0AFA03FC1CEA010654D0F0
:1086600023F0030404F1804404F5803403F003078D
:10867000A568BF000BFA07F8B0F1904F08EA050EA5
:1086800045D0264DA84244D005F58065A8420CBFD0
:1086900002250725BD40754517D1D2F8805025EA3F
:1086A0000605C2F88050D2F8845025EA0605C2F8C3
:1086B0008450156825EA06051560556825EA060503
:1086C0005560A56825EA0805A560056803265C00D5
:1086D00006FA04F423FA06F6254300EB8606056045
:1086E00003F00705376AAD0009FA05F527EA050723
:1086F0003762856825EA04058560456825EA0C052A
:108700004560C56825EA0404C46001339EE700257E
:10871000C0E70125BEE700BF00080058000400487C
:108720000AB18161704781627047436901EA0302BF
:1087300021EA030141EA024181617047044AD1689C
:10874000014208B502D0D06005F0DAF908BD00BFDB
:1087500000080058024A136843F48073136070479E
:10876000000400580D4B10B55B690C4628B99A05FA
:1087700007D500F027F820B110BD9B0501D400F00B
:1087800019F8074A1369012C23F00403136101D17E
:1087900030BFF1E740BF20BF20BFEDE70004005825
:1087A00000ED00E0024B186800F4C060704700BFA5
:1087B00000040058024A136843F480431360704772
:1087C000000400580C4A136823F4804313600B4BD9
:1087D0001B6832214B430A49B3FBF1F35169890508
:1087E00000D533B9536913F4007F14BF0320002070
:1087F0007047013BF2E700BF000400580000002072
:1088000040420F000B4A136823F0070343F00203B2
:108810001360094B1A69012842F004021A6105D15C
:1088200030BF1A6922F004021A61704740BF20BFAE
:1088300020BFF6E70004005800ED00E04FF0B04321
:108840001868C0F3404070474FF0B0431868C0F359
:10885000400070474FF0B042536823F47F4343EA2F
:108860000023536070474FF0B0431868C0F3406076
:10887000704700007FB54FF0B0432C4AD3F8083161
:10888000C0F3031003F00F0352F82040284A52F8B7
:108890002330B4FBF3F4FFF785FF264B054693E83E
:1088A0000700B5F5007F04AB03E9070010D0224BA9
:1088B0009C4218D303F5B70303F67F539C4229D992
:1088C00003F5741303F510639C4225D802230BE0D3
:1088D0001A4B9C4207D91A4B9C421BD903F537030C
:1088E00003F5D853F0E7002304AA02EB830353F8FF
:1088F0000C4C144D2B6823F0070323432B60FEF729
:1089000065FB06462B6803F007039C4206D1002056
:1089100004B070BD0123E7E70024EAE7FEF756FB49
:10892000801B0228EED90320F2E700BF54CF0108D4
:10893000B4CF0108A0CE0108C0CF6A00BFEA210170
:108940003F933402004000584FF0B04310B59A688E
:10895000D96812F00C0205D00C2A4AD101F00303A9
:10896000012B51D14FF0B0412B480B6813F0080395
:1089700006D00B6813F0080337D1D1F8941007E044
:108980000C68240756BFD1F894300968C3F3032359
:1089900050F82330002A0CBF184600204FF0B04199
:1089A0008A6802F00C020C2A1ED1CA6802F0030287
:1089B000022A2ED0032A06D10B68184A13F4801F0E
:1089C000174B18BF13464FF0B042D068D168D26839
:1089D000C0F306205843C1F302130133B0FBF3F098
:1089E000530F0133B0FBF3F010BD0B68C3F3031357
:1089F000CEE7042A05D0082A06D11B6813F4801399
:108A000005D006480023C9E700231846C6E70448F6
:108A1000C4E7024BD7E700BF54CF01080024F4009D
:108A20000048E80108B5FFF78FFF4FF0B043044A54
:108A30009B68C3F3031352F82330B0FBF3F008BD77
:108A4000B4CF01082DE9F0410446002853D04FF07F
:108A5000B0439D68DE6803689B0605F00C0506F0D0
:108A6000030668D5026A1DB10C2D46D1012E44D1F2
:108A7000002A40D04FF0B043A16A1A68170756BFCA
:108A8000D3F894301B681B0903F0F00399421FD9F7
:108A90000846FFF7EFFE00282DD14FF0B0421368D3
:108AA00043F0080313601368A16A23F0F0030B433B
:108AB0001360606AFFF7CEFEFFF7B4FFAB4B1860A0
:108AC000AB4B1868FEF7D4FC002834D0BDE8F08129
:108AD0004FF0B042136843F008031360136823F0AB
:108AE000F0030B431360606AFFF7B4FE0846FFF71C
:108AF000C1FE0028E0D00120E8E74FF0B043002A93
:108B000054D01A6842F001021A60FEF75FFA074675
:108B1000FFF79AFE002842D04FF0B042136843F0AE
:108B2000080313601368A16A23F0F0030B4313607A
:108B3000606AFFF78FFE2368D80748D42368990737
:108B400000F18C8023681E0740F1FA80A3694FF082
:108B5000B046002B00F0E180D6F89430E16903F0D4
:108B60001002914200F0C48003F00302022AC2D036
:108B7000D80740F1B380D6F8943023F00103C6F84B
:108B80009430FEF723FA0746D6F89430990740F15F
:108B9000A580FEF71BFAC31B112BF5D904E0FEF7E5
:108BA00015FAC01B0228B3D903208FE71A6822F0F8
:108BB00001021A60FEF70AFA0746FFF745FE002891
:108BC000B9D0FEF703FAC01B0228F6D9ECE7082D4E
:108BD00003D00C2D05D1032E03D16368002BADD13A
:108BE00089E74FF0B043A1681A6822F480120A4363
:108BF0001A606268B2F5803F10D11A6842F4803280
:108C00001A60FEF7E3F90746FFF718FE002895D132
:108C1000FEF7DCF9C01B6428F6D9C5E7B2F5041FDE
:108C200004D11A6842F400121A60E6E7196821F4C8
:108C300080311960196821F400111960002AE0D10F
:108C4000FEF7C4F90746FFF7F9FD00283FF476AFB9
:108C5000FEF7BCF9C01B6428F5D9A5E7042D2369EC
:108C600003D00C2D0ED1022E0CD1002B3FF443AFBC
:108C70004FF0B0426169536823F0FE4343EA016359
:108C800053605FE74FF0B046BBB1336843F4807385
:108C90003360FEF79BF9074633685A0505D4FEF7A3
:108CA00095F9C31B022BF7D97EE77368626923F03D
:108CB000FE4343EA0263736044E7336823F480733E
:108CC0003360FEF783F9074633685B057FF53AAFFB
:108CD000FEF77CF9C31B022BF6D965E74FF0B042D3
:108CE000E169D2F8943023F010030B43C2F89430BA
:108CF0004FF0B047D7F8943043F00103C7F89430F1
:108D0000FEF764F90646D7F894309A0718D4FEF7B0
:108D10005DF9831B112BF6D946E7D6F8943023F082
:108D20000103C6F89430FEF751F90746D6F894309F
:108D30009B0705D5FEF74AF9C31B112BF6D933E77C
:108D40002368580754D50B4F3B68D90514D4FFF757
:108D500001FDFEF73BF906463B68DA050CD4FEF749
:108D600035F9831B022BF7D91EE700BF0000002056
:108D70000800002000040058E3684FF0B046002BC4
:108D800058D023F08003052B02BFD6F8903043F073
:108D90000403C6F890304FF0B046FEF717F9D6F846
:108DA000903043F001030746C6F8903041F288380E
:108DB000D6F890309B0705D4FEF708F9C31B43454E
:108DC000F6D9F1E6E36823F00403812B1BD1FEF70B
:108DD000FDF8D6F8903043F08003C6F8903007468F
:108DE0004FF0B04641F28838D6F89030180504D5D7
:108DF000E36A002B4AD1002068E6FEF7E7F8C01BC3
:108E00004045F1D9D0E6FEF7E1F8D6F8903023F0EE
:108E10008003C6F8903007464FF0B04641F28838DC
:108E2000D6F890301905E3D5FEF7D0F8C01B4045C1
:108E3000F6D9B9E6FEF7CAF8D6F8903023F08003E9
:108E40000746C6F8903041F28838D6F890301A05B7
:108E500016D4FEF7BBF8D6F8903023F00103C6F81D
:108E6000903007464FF0B04841F28836D8F890303D
:108E70009B07BDD5FEF7AAF8C31BB342F6D993E60C
:108E8000FEF7A4F8C01B4045DFD98DE60C2D4ED06F
:108E9000022B4FF0B0431A6822F080721A6033D16F
:108EA000FEF794F80546FFF7DEFC38BBD4E90C3139
:108EB0004FF0B0420B43D0682D4901400B43E16BAA
:108EC0000B43216C0B43616C0B43A16B43EA012301
:108ED000D360136843F080731360D36843F080530A
:108EE000D360FEF773F80446FFF7BDFC002882D17B
:108EF000FEF76CF8001B0A28F6D955E6FEF766F86F
:108F0000401B0A28CFD94FE6FEF760F80446FFF76A
:108F1000AAFC30B94FF0B042164BD1680B40D36079
:108F200069E7FEF753F8001B0A28F0D93CE6012B4D
:108F30003FF4E1AD4FF0B043D868236B00F003027B
:108F40009A427FF4D8AD626B00F0700393427FF4D5
:108F5000D2ADA26B00F4FE43B3EB022F7FF4CBAD96
:108F6000636C00F06040C01A18BF0120AEE500BF7E
:108F70008C80C111FCFFFEEE2DE9F0410D46044648
:108F800010B90120BDE8F081684E336803F0070393
:108F90008B4216D323689A0727D54FF0B047A268B3
:108FA000BB6823F0F0031343BB60FEF70FF80646DF
:108FB000BB68DB0319D4FEF709F8831B022BF7D932
:108FC00011E0336823F007030B433360FDF7FEFF26
:108FD0000746336803F00703AB42DBD0FDF7F6FF2B
:108FE000C01B0228F5D90320CCE72368580617D503
:108FF0004FF0B0476269D7F8083123F00F0343EA16
:109000001213C7F80831FDF7E1FF0646D7F808311B
:10901000D90305D4FDF7DAFF831B022BF6D9E2E76B
:1090200023685A0713D54FF0B047E268BB6823F4B2
:10903000E0631343BB60FDF7C9FF0646BB689B03B3
:1090400005D4FDF7C3FF831B022BF7D9CBE72368B9
:10905000180714D54FF0B0472269BB6823F460535A
:1090600043EAC203BB60FDF7B1FF0646BB68590384
:1090700005D4FDF7ABFF831B022BF7D9B3E72368B9
:10908000DA070FD4294C236803F00703AB4239D821
:10909000FFF7C8FC264B1860264BBDE8F041186866
:1090A000FEF7E6B96268022A1DD1FFF7C7FB002868
:1090B0003FF467AF4FF0B04641F28838B36823F011
:1090C00003031343B360FDF781FF0746B36862688B
:1090D00003F00C03B3EB820FD4D0FDF777FFC01B76
:1090E0004045F3D97FE7032A02D1FFF7BCFBDEE757
:1090F00012B9FFF7A9FBDAE74FF0B0431B685B0535
:10910000D8D43EE7236823F007032B432360FDF701
:109110005DFF0646236803F00703AB42B8D0FDF7B6
:1091200055FF801B0228F5D95DE700BF00400058BD
:10913000000000200800002008B5FFF773FC4FF086
:10914000B043044A9B68C3F3022352F82330D8404B
:1091500008BD00BF94CF010808B5FFF763FC4FF0CE
:10916000B043044A9B68C3F3C22352F82330D8406B
:1091700008BD00BF94CF01084FF0B043D3F8900072
:10918000C0F3400070474FF0B0410209D1F8883079
:1091900002F47F22000123EA020300F47F2003434C
:1091A000C1F8883070474FF0B041020CD1F88830D8
:1091B000120423EA020343EA0040C1F88800704722
:1091C0000368DA0370B5044639D5FFF7C3FAFDF733
:1091D000FDFE614E05463368DB0532D54FF0B043E6
:1091E000616BD3F8902002F4407291421DD0D3F805
:1091F0009010D3F8902042F48032C3F89020D3F836
:10920000902021F4407022F480328D07C3F8902022
:10921000C3F8900009D5FDF7D9FE41F2883605461E
:10922000FFF7AAFF012840F090804FF0B042616B39
:10923000D2F8903023F440730B43C2F890300026EC
:1092400005E0FDF7C3FE401B0228C4D903262568AC
:10925000E8070AD54FF0B0416268D1F8883023EAB8
:10926000124392B21343C1F88830A9070AD54FF0D0
:10927000B041A268D1F8883023EA124392B2134376
:10928000C1F88830AA0609D54FF0B0422169D2F85A
:10929000883023F440630B43C2F88830AB0502D515
:1092A000206AFFF780FF680502D5606AFFF77BFF41
:1092B000290502D5A06AFFF776FF6A0602D5606924
:1092C000FFF761FF2B0602D5A069FFF75CFFE805F9
:1092D00002D5E069FFF757FFE90610D54FF0B0421D
:1092E000E168D2F8883023F440730B43C2F8883029
:1092F000B1F5807F02BFD36843F08073D3602A0446
:109300000ED54FF0B042216BD2F8883023F04043A5
:109310000B43C2F8883019B9D36843F08073D36027
:109320006B0410D54FF0B042E16AD2F8883023F0D8
:1093300040530B43B1F1005FC2F8883003D1D368CA
:1093400043F48033D360304670BDFDF73FFE401BD1
:10935000B0427FF665AF79E70004005838B504469F
:1093600000283ED0437A03F0FF0213B90272FDF7E2
:1093700079FB2268616802236372136823F0040397
:109380001360136823F0804323F020030B4343F062
:10939000804313601F4B13614AF2B32313611368B8
:1093A00023F080431360FDF711FE054623681A6819
:1093B000510009D41A6842F004021A605B685A0628
:1093C00011D5042363720CE0FDF700FE401B022858
:1093D000ECD923681B685800E8D501236372022387
:1093E000E360012038BDFDF7F1FD054623685868AC
:1093F00010F0040003D101236372E060F2E7FDF78F
:10940000E5FD401B0228F1D923685B685B07EDD5B9
:109410000423E3E7BC0A591770B50446002833D08B
:109420000268136823F0804323F0200343F0804355
:109430001360136823F080431360FDF7C7FD0646F1
:1094400023681D6815F080450FD11A6822F00C02C0
:109450001A605A6822F0600220465A60FDF72AFB23
:1094600065722572E56028460FE0FDF7AFFD801BB1
:109470000228E5D923681B685B00E1D501236372EC
:109480000223E36000232372012070BD704707B5FB
:109490000023019303685A68510709D45A6822F0DF
:1094A00040025A60C36823F00803C360002018E03C
:1094B0001A6842F080421A601A6822F080421A60EC
:1094C00002220192019A013A0192019A62B90123A2
:1094D0004372C368027243F00203C360FFF7D6FF12
:1094E000012003B05DF804FB1A685200EAD45A6800
:1094F000510642BF5A6822F040025A60022201928D
:10950000019A013A0192019A002AE0D05A68520762
:10951000F6D4C7E72DE9F041037A012B04460F4644
:1095200043D0427A01239A420372D6B239D1022340
:10953000437203685D6815F0400506D00823C360D8
:10954000FFF7A5FF0128054628D0FDF73FFD80461F
:1095500023685A68D00711D59A685968226149066C
:1095600043BF0822E2605A683A6044BF22F0010219
:109570005A60012363722E4600230EE0FDF726FD9C
:10958000A0EB08000228E3D923685B6813F001030D
:10959000DED1012262720222E26023723046BDE80F
:1095A000F0810422C2601E46E6E70226F6E70000CC
:1095B00030B590F82C30012B02464FF0020022D03B
:1095C000174B82F82D00CA24012582F82C505C62CA
:1095D00053245C62B1F5807F146B996914D121F436
:1095E00088519961596C24F0010421F000415964BB
:1095F0001463DD650A4BFF2159620020012382F8C4
:109600002D3082F82C0030BD21F408519961D96CBD
:1096100024F0020421F00041D9641463D865E9E71D
:109620000028004070B50B4E036B756D1D40EA07B6
:10963000044603D50123F365FDF73FFEAB0704D5D0
:109640000223F365204600F0C9F9012384F82D3088
:1096500070BD00BF0028004038B50A4CE36823F015
:109660002003E360FDF7B2FC0546E3689B0601D5E5
:10967000002038BDFDF7AAFC401BB0F57A7FF4D975
:109680000320F6E700280040F8B5114DEC6814F00F
:10969000400406461AD1EB6843F08003EB60FDF707
:1096A00095FC23460746EC6814F0400401D1032BD7
:1096B00001D11846F8BDFDF789FCC01BB0F57A7FD3
:1096C000234684BF032386F82D30ECE70023F0E720
:1096D0000028004038B50F4CE36823F08003E360B6
:1096E000A3699B06054606D4FFF7B6FF10B1032019
:1096F00085F82D0038BDA36923F02003A361FFF78F
:10970000ABFF10B1032085F82D00A36943F02003BF
:10971000A361EFE70028004038B5044600284BD08D
:1097200090F82D3003F0FF021BB980F82C20FDF7D4
:10973000CFF90223214D84F82D30EB68DB0636D4B7
:10974000CA236B6253236B622046FFF79DFF10B163
:10975000FF236B6238BDAB6923F08E6323F04003B7
:10976000AB6121696368AA690B431343A269134380
:10977000AB61D4E9022343EA02432B61D4E9093106
:10978000EA680B4322F4F8521343EB602046FFF7DC
:10979000A1FF0028DCD1D4E90713AA690B4322F00A
:1097A0006042134362691343AB61FF236B62012381
:1097B00084F82D300020CDE70120CBE700280040C1
:1097C0000023092803D840EA0310C0B270470A38C2
:1097D0000133C0B2F5E700002DE9F04790F82C30D6
:1097E000012B05464FF0020069D0012385F82C308B
:1097F0004E4B85F82D00DE6806F44076B6F5807F86
:1098000078D04C69087891F8019091F802A091F80D
:109810002470002A55D19B6913F0400308BFCB7018
:10982000FFF7CEFF80464846FFF7CAFF0246504684
:10983000FFF7C6FF81463846FFF7C2FF0B6ACF78B5
:10984000234343EA875343EA090343EA084343EACD
:10985000022343EA0063354ACA2050625320506213
:109860008C6A8869B4F5807F946945D124F4885462
:1098700094610124D465B6F5807F09BFCB69136478
:109880000343536418BF5064284B4A681A672A6B15
:1098900042F001022A639A6942F488529A61244A8A
:1098A000D2F8803043F40033C2F880301F4BFF22DF
:1098B0005A620020012385F82D3085F82C00BDE880
:1098C000F087B4F1803F07D0B4F5000F04D09B6956
:1098D00013F0400308BFCB700B6ACA781C4344EAFC
:1098E0000A0444EA004343EA092343EA825343EA71
:1098F0000763B0E70023AEE724F408549461022420
:10990000D465B6F5807F09BFCB6993640343D36404
:1099100018BFD064054B4A685A672A6B42F00202AE
:109920002A639A6942F40852B8E700BF0028004051
:109930000008005890F82C20012A03464FF002003E
:1099400012D00A4A83F82D00CA2151625321516274
:10995000916941F020019161FF21516200200122B3
:1099600083F82D2083F82C00704700BF00280040AA
:1099700090F82C20012A03464FF0020019D00D4A1E
:1099800083F82D00CA2151625321516291690A481E
:1099900041F080019161D0F8801041F48021C0F83D
:1099A0008010FF2151620020012283F82D2083F8CE
:1099B0002C0070470028004000080058064B5A6DE4
:1099C000520610B5044603D54022DA65FDF778FC4F
:1099D000012384F82D3010BD002800407047890015
:1099E00001F1804101F531410A607047890001F1C0
:1099F000804101F53141086870470000034AD2F800
:109A0000903043F40043C2F890307047000400588F
:109A1000034AD2F8903023F40043C2F890307047E4
:109A200000040058074B1A6822F040021A6040F404
:109A300041704FF4B85218605A601A6842F0400200
:109A40001A6070470000015837B5054600284ED00F
:109A5000837903F0FF046BB1032C0BD0254B4FF43B
:109A600000629A612868FFF7DDFF002401232B7153
:109A7000AC602FE000236B712846FDF767F81E4AA3
:109A8000D2F8903043F48053C2F89030002CE5D1E6
:109A900002234FF0B042AB71D2F8943023F400436C
:109AA000C2F89430154B1B681C214B43DB0C64211E
:109AB0004B430193019B93B90124AC60FFF79EFFD8
:109AC0000C4B9A6842F400629A604FF400629A610B
:109AD000002CC7D00123AB71204603B030BD019BE1
:109AE000013B0193D2F894305B04E3D4E6E7012410
:109AF000F2E700BF000400580008005800000020F2
:109B000037B5174D2B6802461C204343DB0C6420FD
:109B1000434314480193019B93B901209060114C79
:109B200021732B681C214B43DB0C64214B430193B5
:109B3000019B6BB9012090600A4BDB6803B030BD1C
:109B4000019B013B019383689C07E4D50020E6E775
:109B5000019B013B0193A368DB07E9D5ECE700BF5C
:109B6000000000200000015837B5184D2B68024650
:109B70001C204343DB0C6420434315480193019BA5
:109B8000A3B901209060124CFF2323732B681C257E
:109B90006B43DB0C64256B430193019B73B901207C
:109BA00090600B4BDB680B7003B030BD019B013B39
:109BB000019383689C07E2D50020E4E7019B013B09
:109BC0000193A368DB07E8D5EBE700BF00000020A6
:109BD000000001580E4B0F491B681822534382B0F6
:109BE0001B0D6422534301934B69019AC3F3800315
:109BF00022B902238360012002B07047019A013A22
:109C000001924A69920701D5002BEDD10020F3E7BC
:109C1000000000200004005807B50379012B0FD184
:109C20000A4B1B68182253431B0C0193FFF7F0FEED
:109C3000019B013B0193019B002BF9D1FFF7DEFE55
:109C400003B05DF804EBFFF7C5BF00BF00000020C4
:109C5000F8B51E468379012B154604460F46DAB245
:109C60002DD14379012B2AD0022342718371FFF752
:109C7000D3FF0D212046FFF7CBFEFFF741FF390A46
:109C80002046FFF73DFFF9B22046FFF739FF2E448B
:109C9000B5420ED12046FFF7B1FEFFF79BFFA0684B
:109CA00001230038A3714FF0000318BF0120637136
:109CB000F8BD15F8011B2046FFF722FFE8E7022058
:109CC000F6E7F8B51E468379012B154604460F4684
:109CD000DAB22FD14379012B2CD04271FFF79CFFD0
:109CE0001D212046FFF794FEFFF70AFF390A2046A0
:109CF000FFF706FFF9B22046FFF702FF00212046DA
:109D0000FFF7FEFE2E44B5420ED12046FFF776FE49
:109D1000FFF760FFA06801230038A3714FF0000334
:109D200018BF01206371F8BD29462046FFF71CFFCC
:109D30000135E8E70220F6E7F8B51F468379012BE5
:109D4000154604460E46DAB22CD14379012B29D0B0
:109D50004271FFF761FF06F0EF03A3F18402534263
:109D60005341237131462046FFF752FEFFF7C8FEEC
:109D70002F44AF4210D1FFF741FE842E02D020467F
:109D8000FFF728FFA06801230038A3714FF00003FC
:109D900018BF01206371F8BD15F8011B2046FFF7BD
:109DA000AFFEE6E70220F6E7F8B51E468379012B01
:109DB000154604460F46DAB227D14379012B24D049
:109DC0004271FFF729FF39462046FFF721FEFFF7D2
:109DD00097FE00212046FFF793FE2E44B5420ED198
:109DE0002046FFF70BFEFFF7F5FEA06801230038C1
:109DF000A3714FF0000318BF01206371F8BD29461D
:109E00002046FFF7B1FE0135E8E70220F6E737B557
:109E10000023ADF8043001AA022312210546FFF702
:109E2000C3FFBDF80440022364BA01AAA4B21946D4
:109E30002846FFF781FFE20702D5284610F006FD0D
:109E4000A30702D5284610F007FD600702D5284673
:109E500010F02CFD210702D5284610F02DFDE2065A
:109E600002D5284610F02EFDA30602D5284610F094
:109E700017FD600602D5284610F0F4FC210606D531
:109E800014F4807118BF0121284610F0F1FCA205DE
:109E900002D5284610F0FCFC630402D5284610F0D9
:109EA00017FD03B030BDF8B51E468379012B15466A
:109EB00004460F46DAB227D14379012B24D04271F0
:109EC000FFF7AAFE0E212046FFF7A2FDFFF718FEBE
:109ED00039462046FFF714FE2E44B5420ED12046E7
:109EE000FFF78CFDFFF776FEA06801230038A37111
:109EF0004FF0000318BF01206371F8BD15F8011B76
:109F00002046FFF7FDFDE8E70220F6E7F8B51E461C
:109F10008379012B154604460F46DAB22BD14379DB
:109F2000012B28D04271FFF777FE1E212046FFF754
:109F30006FFDFFF7E5FD39462046FFF7E1FD002103
:109F40002046FFF7DDFD2E44B5420ED12046FFF737
:109F500055FDFFF73FFEA06801230038A3714FF0C5
:109F6000000318BF01206371F8BD29462046FFF7A2
:109F7000FBFD0135E8E70220F6E7026852E8003F02
:109F800023F0C00342E8003102680029F5D102F154
:109F9000080353E8003F23F4000302F1080C4CE8E7
:109FA00000310029F3D12023C0F888307047000029
:109FB00010B5026852E8003F23F4907342E8003184
:109FC00002680029F5D10F4C02F1080353E8003F65
:109FD000234002F1080C4CE800310029F4D1C36E93
:109FE000012B07D152E8003F23F0100342E8003173
:109FF0000029F7D12023C0F88C300023C3664367C3
:10A0000010BD00BFFEFFFFEF38B50546C8B12423E1
:10A01000C0F8883003681A68002422F001021A6030
:10A020001C605C609C60FCF735FEC5F8904085F8CC
:10A030008440C5F888402046C5F88C40EC662C6703
:10A0400038BD0120FCE70000F8B504461346D4F8FB
:10A050008850202D32D1F1B1EAB1E06FA4F856203A
:10A06000A4F8542000262122C4F890602165C4F889
:10A070008820226888B1124FC762124F0763124FBF
:10A080002832C0E90D76FEF729F830B11023C4F864
:10A090009030C4F888500120F8BD236840221A622D
:10A0A000226802F1080353E8003F43F0800302F105
:10A0B000080141E800300028F3D1EDE70220EBE78A
:10A0C000CDA0000815A1000821A1000808B503468D
:10A0D000806A1B681B6813F0200317D1A0F8563064
:10A0E000026802F1080353E8003F23F080030832BE
:10A0F00042E8003102680029F2D152E8003F43F003
:10A10000400342E800310029F7D108BDFDF75AF9B4
:10A11000FBE7704708B5806AFFF7FBFF08BD704793
:10A12000806A38B50468D0F88830D0F88C50A268BE
:10A13000120606D5212B04D10023A0F85630FFF7D4
:10A140001CFFA3685B0606D5222D04D10023A0F8CE
:10A150005E30FFF72DFFD0F8903043F01003C0F8C9
:10A160009030FFF7DCFF38BD08B5806A0023A0F807
:10A170005E30A0F85630FFF7D2FF08BD70470000F0
:10A180000368D9691A682DE9F04140F60F0631429B
:10A190009D68044610D18E0640F1978002F020069B
:10A1A00005F080573E4300F09080436F002B00F095
:10A1B0008580BDE8F0411847AB4EAC482E401040BA
:10A1C000304300F08280CF0709D5D00507D50120A4
:10A1D0001862D4F8900040F00100C4F890008F0796
:10A1E00009D5E80707D502201862D4F8900040F09E
:10A1F0000400C4F890004F0709D5E80707D50420EC
:10A200001862D4F8900040F00200C4F890000F07E4
:10A210000BD502F02000304307D008201862D4F894
:10A22000900040F00800C4F890000E050AD55001D7
:10A2300008D54FF400601862D4F8903043F0200342
:10A24000C4F89030D4F89030002B37D08B0609D565
:10A2500002F0200205F080552A4303D0636F0BB152
:10A26000204698472668D4F89020B36802F0280268
:10A2700003F0400353EA0205204621D0FFF798FE81
:10A28000B3685F0617D5226802F1080353E8003F60
:10A2900023F04003083242E800310029F3D1D4F81A
:10A2A000800040B1724B8363FDF791FF30B1D4F869
:10A2B0008000836B7DE72046FFF731FFBDE8F0812A
:10A2C000FFF72DFFC4F89050F8E7E06E012840F04A
:10A2D0008980CE0640F18680D00640F1838010222E
:10A2E0001A629A6851064BD5D4F8802011684A68E2
:10A2F00092B2002AE2D0B4F85C009042DED9A4F811
:10A300005E200A6892062FD453E8002F22F4807250
:10A3100043E800210029F7D103F1080252E8002F99
:10A3200022F0010203F1080040E800210029F3D1E6
:10A3300003F1080252E8002F22F0400203F1080066
:10A3400040E800210029F3D12022C4F88C20E166E6
:10A3500053E8002F22F0100243E800210029F7D132
:10A36000D4F88000FDF7FEFE02232367B4F85E30C8
:10A37000B4F85C10C91A89B22046FFF7FFFE9DE7CA
:10A38000B4F85E20B4F85E00B4F85C1080B292B20B
:10A39000002893D0891A89B200298FD053E8002F62
:10A3A00022F4907243E800200028F7D1314D03F1E8
:10A3B000080252E8002F2A4003F1080646E8002070
:10A3C0000028F4D12022C4F88C206067E06653E8AE
:10A3D000002F22F0100243E800200028F7D10223CA
:10A3E0002367C9E7CF0209D56E0207D54FF4801263
:10A3F00020461A62BDE8F04100F05ABE08060BD5AF
:10A4000002F0800005F40005284305D0A36F002B5F
:10A410003FF454AF2046CCE64F0611D556060FD573
:10A4200053E8002F22F0400243E800210029F7D131
:10A430002023C4F88830A1672046FCF7C3FF3DE71E
:10A440000D0206D5500004D52046BDE8F04100F0CD
:10A4500031BECB017FF532AF002ABFF62FAF2046C9
:10A46000BDE8F04100F025BE01000010200100040D
:10A4700069A10008FEFFFFEFD0F88C20B0F8601053
:10A48000222A08B5036855D15B6A826D0B401370B0
:10A49000836D01338365B0F85E30013B9BB2A0F859
:10A4A0005E30B0F85E309BB2002B42D1026852E8B9
:10A4B000003F23F4907342E8003103680029F5D18E
:10A4C00003F1080252E8002F22F0010203F1080C08
:10A4D0004CE800210029F3D12022C0F88C20184A32
:10A4E00041679342016705D1C26E012A0ED0FCF785
:10A4F00077FF1EE05A681102F6D553E8002F22F0CC
:10A50000806243E800210029F7D1EDE70022C2660E
:10A5100053E8002F22F0100243E800210029F7D170
:10A52000DA69B0F85C10D20644BF10221A62FFF755
:10A5300025FE08BD9A6942F008029A61F9E700BF5A
:10A5400000800040D0F88C20B0F86010222A08B5B6
:10A55000036852D15A6A1140826D22F8021B82654B
:10A56000B0F85E20013A92B2A0F85E20B0F85E200A
:10A5700092B2002A40D153E8002F22F4907243E8AF
:10A5800000210029F7D103F1080252E8002F22F040
:10A59000010203F1080C4CE800210029F3D120222C
:10A5A000C0F88C20174A41679342016705D1C26EFB
:10A5B000012A0ED0FCF714FF1EE05A681102F6D5EE
:10A5C00053E8002F22F0806243E800210029F7D1F0
:10A5D000EDE70022C26653E8002F22F0100243E8A4
:10A5E00000210029F7D1DA69B0F85C10D20644BF27
:10A5F00010221A62FFF7C2FD08BD9A6942F00802F4
:10A600009A61F9E7008000402DE9F84F0368B0F83F
:10A610006060D3F81CB01F689D68D0F88C20222A97
:10A62000044640F0B980B0F8683043B1DFF8749167
:10A63000DFF874A14FF000081BF0200F20D1B4F810
:10A640005E309BB2D3B1B4F868209A4216D9226822
:10A6500002F1080353E8003F23F08053083242E838
:10A66000003122680029F2D1504B636752E8003F65
:10A6700043F0200342E800310029F7D1BDE8F88F0C
:10A680002368A26D5B6A33401370A36D0133A36529
:10A69000B4F85E30013B9BB2A4F85E302368D3F877
:10A6A0001CB01BF0070F2ED01BF0010F09D0F905CD
:10A6B00007D501221A62D4F8902042F00102C4F8B2
:10A6C00090201BF0020F09D0EA0707D502221A6278
:10A6D000D4F8902042F00402C4F890201BF0040F3C
:10A6E00009D0E80707D504221A62D4F8903043F065
:10A6F0000203C4F89030D4F8903023B12046FFF71D
:10A700000EFDC4F89080B4F85E309BB2002B93D15C
:10A71000226852E8003F23F4807342E80031236846
:10A720000029F5D103F1080252E8002F02EA0902DC
:10A7300003F1080040E800210029F3D1202253450D
:10A74000C4F88C20616721670AD05A68110207D5C6
:10A7500053E8002F22F0806243E800210029F7D15E
:10A76000E26E012A14D10022E26653E8002F22F0A3
:10A77000100243E800210029F7D1DA69B4F85C102F
:10A78000D20644BF10221A622046FFF7F7FC53E7B7
:10A790002046FCF725FE4FE79A6942F008029A61CD
:10A7A0006CE700BFFEFFFFEF0080004079A40008C7
:10A7B0002DE9F84F0368B0F86060D3F81CB01F684B
:10A7C0009D68D0F88C20222A044640F0B780B0F86B
:10A7D000683043B1DFF87091DFF870A14FF00008E6
:10A7E0001BF0200F20D1B4F85E309BB2D3B1B4F887
:10A7F00068209A4216D9226802F1080353E8003F04
:10A8000023F08053083242E8003122680029F2D157
:10A810004F4B636752E8003F43F0200342E80031AA
:10A820000029F7D1BDE8F88F2368A26D596A31403D
:10A8300022F8021BA265B4F85E20013A92B2A4F895
:10A840005E20D3F81CB01BF0070F2ED01BF0010FB9
:10A8500009D0F90507D501221A62D4F8902042F0F8
:10A860000102C4F890201BF0020F09D0EA0707D5B7
:10A8700002221A62D4F8902042F00402C4F8902018
:10A880001BF0040F09D0E80707D504221A62D4F898
:10A89000903043F00203C4F89030D4F8903023B1E4
:10A8A0002046FFF73CFCC4F89080B4F85E309BB2C1
:10A8B000002B95D1226852E8003F23F4807342E8D0
:10A8C000003123680029F5D103F1080252E8002F76
:10A8D00002EA090203F1080040E800210029F3D14F
:10A8E00020225345C4F88C20616721670AD05A683A
:10A8F000110207D553E8002F22F0806243E80021BF
:10A900000029F7D1E26E012A14D10022E26653E851
:10A91000002F22F0100243E800210029F7D1DA6964
:10A92000B4F85C10D20644BF10221A622046FFF72A
:10A9300025FC55E72046FCF753FD51E79A6942F0A4
:10A9400008029A616EE700BFFEFFFFEF0080004043
:10A9500045A5000838B5044603682169A2681D684A
:10A96000C0690A4361690A437749024329400A439F
:10A970001A605A68E16822F440520A435A60734AE6
:10A98000A16993421CBF226A11439A6822F06E4269
:10A9900022F430620A439A60DA6A616A22F00F0296
:10A9A0000A43DA626A4A934219D14FF0B043694AC6
:10A9B000D3F8883003F0030343F44033934200F0AC
:10A9C000B480B3F1031F24D0013A934240F0B58024
:10A9D000B0F5004F40F08F80FDF7B6FF6EE05E4AA5
:10A9E00093421CD14FF0B0435C49D3F8883003F058
:10A9F0000C0343F440228A4200F0978006D8002BD3
:10AA00007CD0574B9A42E3D0012026E0B2F10C1FD4
:10AA1000FAD1B0F5004F53D04FF4004075E04B4AE7
:10AA20009342F1D14FF0B043D3F8883003F4406340
:10AA3000B3F5006F18D006D85BB1B3F5806FE3D1E2
:10AA4000FDF782FF07E0B3F5406FDDD14FF4004022
:10AA50000BE0FEF771FB40B900204FF00113A36635
:10AA60000023C4E91D3338BD3E4865683E4B626A29
:10AA700005EB450133F81220B0FBF2F39942C3D83D
:10AA8000B3EB053FC0D800231946FBF787F909024D
:10AA900041EA10616B080002C0182A464FF000031B
:10AAA00041F10001FBF77AF9304BA0F540729A4270
:10AAB000AAD82368D860CFE7FEF73EFB0028CBD0AA
:10AAC0006168294B626A33F81220B0FBF2F24B083E
:10AAD00003EB42034FF6EF72B3FBF1F3A3F1100166
:10AAE000914291D823F00F02216892B2C3F342033E
:10AAF0001343CB60B0E7FDF727FF04E0B0F5004F4C
:10AB0000DAD0FEF719FB0028A6D06368616A164AFE
:10AB100032F81120B0FBF2F000EB5300B0FBF3F081
:10AB20004FF6EF73A0F11002C1E7B0F5004F0D48EA
:10AB3000EBD1C5E7FEF710FBC0E7B0F5004FF9D049
:10AB4000FEF70AFBDFE700BFF369FFCF008000409C
:10AB500000380140020003000044004008000C00DF
:10AB600004000C000024F40044D00108FFFC0F0096
:10AB7000836ADA0710B506D50168C46A4A6822F408
:10AB8000003222434A609C0706D50168046B4A687C
:10AB900022F4803222434A60590706D50168446B8B
:10ABA0004A6822F4802222434A601A0706D50168C7
:10ABB000846B4A6822F4004222434A60DC0606D5D0
:10ABC0000168C46B8A6822F4805222438A60990625
:10ABD00006D50168046C8A6822F4005222438A6018
:10ABE0005A060FD50168446C4A6822F48012224349
:10ABF000B4F5801F4A6005D14A68846C22F4C00213
:10AC000022434A601B0606D50268C16C536823F4D0
:10AC100000230B43536010BD2DE9F843DDF820906D
:10AC200005460F46164698462A68D36937EA030355
:10AC30000CBF01230023B34201D0002029E0B9F169
:10AC4000FF3FF2D0FCF7C2F9A0EB080048452C68A2
:10AC500002D8B9F1000F1ED154E8003F23F4D0739D
:10AC600044E80032002AF7D104F1080353E8003F1A
:10AC700023F0010304F1080141E80032002AF3D176
:10AC80002023C5F88830C5F88C30002385F884303F
:10AC90000320BDE8F88323685A07C5D5E3691B057F
:10ACA000C2D54FF40063236254E8003F23F4D0730D
:10ACB00044E80032002AF7D104F1080353E8003FCA
:10ACC00023F0010304F1080141E80032002AF3D126
:10ACD0002023C5F88830C5F88C30C5F89030D4E70B
:10ACE0002DE9F7439846D0F88830202B04460E46CD
:10ACF000174643D1002943D0002A41D02123002503
:10AD0000C0F89050C0F88830FCF760F9A368A4F848
:10AD10005470B3F5805F8146A4F8567003D123695F
:10AD20000BB935461E46B4F85620CDF8008092B2D5
:10AD30004B4642B940212046FFF76EFF48B9202319
:10AD4000C4F8883006E0002280212046FFF764FF27
:10AD500018B1032003B0BDE8F08322685EB935F86E
:10AD6000023BC3F308039362B4F85620013A92B24F
:10AD7000A4F85620D7E716F8013BF4E70220E9E7EC
:10AD80000120E7E72DE9F7439846D0F88C30202BD7
:10AD900004460F46164658D1002958D0002A56D0EE
:10ADA00022230025C0F89050C0F88C30C566FCF70F
:10ADB0000DF9A368A4F85C60B3F5805F8146A4F840
:10ADC0005E600FD12369D3B1FF263246A4F860201C
:10ADD000B4F85E0080B2F8B92023C4F88C3003B018
:10ADE000BDE8F08323B9256995B9FF221646EDE742
:10ADF000B3F1805F09D1236953B13F22F6E740F2F6
:10AE0000FF163D4632460027E0E72A462E46DDE79C
:10AE10007F2216461D46D9E7CDF800804B4600221A
:10AE200020212046FFF7F8FE98B923685B6A33407B
:10AE300047B925F8023BB4F85E30013B9BB2A4F859
:10AE40005E30C5E707F8013BF5E70220C7E70120C0
:10AE5000C5E70320C3E773B504460026C0F8906039
:10AE6000FCF7B4F823681B681A07054619D4236851
:10AE70001B685B070AD56FF07E43009300222B46C8
:10AE80004FF480012046FFF7C7FEB0B90020202311
:10AE9000C4F8883084F88400C4F88C30E0662067F9
:10AEA0000CE06FF07E430093324603464FF40011EE
:10AEB0002046FFF7B1FE0028D9D0032002B070BDB4
:10AEC00010B5044650B3D0F888301BB980F88430F0
:10AED000FBF754FE22682423C4F88830136823F05B
:10AEE000010313602046FFF735FD012816D0A36A41
:10AEF00013B12046FFF73CFE23685A6822F49042C3
:10AF00005A609A6822F02A029A601A6842F0010296
:10AF100020461A60BDE81040FFF79DBF012010BD1C
:10AF200030B581658168A0F85C200023B1F5805FB1
:10AF3000A0F85E20436735D10369002B40F2FF1370
:10AF400018BFFF23A0F860300023C0F89030222300
:10AF5000C0F88C30016801F1080353E8003F43F06A
:10AF60000103083141E800340368002CF2D1456E3A
:10AF700084680169B5F1005F32D1B0F8685095423C
:10AF80002ED8B4F5805F244A03D1244C002908BF91
:10AF900022464267B1B153E8002F42F4807243E881
:10AFA0000021F7E729B90369002B14BF7F23FF2392
:10AFB000C8E7B1F1805FC5D10369002B14BF3F23FF
:10AFC0007F23BFE703F1080252E8002F42F08052CE
:10AFD00003F1080040E800210029F3D1002030BD32
:10AFE000B4F5805F0E4A03D10E4C002908BF2246FB
:10AFF000426741B153E8002F42F4907243E80021C8
:10B000000029F7D1EAE753E8002F42F0200243E895
:10B0100000210029F7D1E1E709A60008B1A700083F
:10B0200079A4000845A50008D0F88C30202B30B456
:10B0300015D1B9B1B2B100230468C3660A4B9C4272
:10B040000AD063681B0207D554E8003F43F08063D1
:10B0500044E80035002DF7D130BCFFF761BF022076
:10B0600030BC70470120FBE700800040436E30B5E4
:10B070002BB90123A0F86A30A0F8683030BD03680E
:10B08000094D9A689968094C490FC2F342626B5C9A
:10B09000615CDB00B3FBF1F3A0F86A30AB5CA25C4F
:10B0A000DB00B3FBF2F3E7E764D001085CD00108F2
:10B0B0007047704770471FB504AB03E9060090F86E
:10B0C0008430012B04463AD0012380F884302423B5
:10B0D000C0F8883003681A6822F001021A609A6882
:10B0E00022F440120A439A6071B95A68BDF80C0004
:10B0F0009DF80E1022F0100202435A605A6822F0A6
:10B100007F4242EA01625A601A6842F001021A6004
:10B11000FBF75CFF6FF07E42034600924FF4800124
:10B1200000222046FFF778FD38B92023C4F8883084
:10B13000002384F8843004B010BD0320F8E7022017
:10B14000F9E790F88430012B0FD0012380F8843088
:10B15000016851E8002F42F0020241E80023002B71
:10B16000F6D180F88430184670470220704790F876
:10B170008430012B14D002682423C0F88830116871
:10B18000136823F00103136021F00051002343668C
:10B1900011602022C0F8882080F88430184670475B
:10B1A0000220704770B590F88430012B044617D008
:10B1B00005682423C0F888302E682B6823F001032B
:10B1C0002B60AB6823F060431943A960FFF74EFF83
:10B1D00020232E60C0F88830002084F8840070BDE1
:10B1E0000220FCE770B590F88430012B044617D09C
:10B1F00005682423C0F888302E682B6823F00103EB
:10B200002B60AB6823F060631943A960FFF72EFF42
:10B2100020232E60C0F88830002084F8840070BDA0
:10B220000220FCE7F7B5154606460F46FDF772F813
:10B23000154B16484FF400421A6106F17842D30AC2
:10B24000022102EBC502C0E90013C3EBD223DB0AE3
:10B25000013301A98360FDF7F5F8044680B9083F82
:10B26000AC4206EBC40103DBFDF766F8002009E001
:10B27000F7E902230120FDF79FF808B90134EFE751
:10B28000FDF766F803B0F0BD00400058340400201C
:10B29000520092B200EB8202091A904200D170472C
:10B2A00003680B500430F8E738B5044D0446FA2221
:10B2B00003482946FFF7ECFF285738BDB01B002094
:10B2C00000F80308F8B5084F05460C4616463946FF
:10B2D0000648FA22FFF7DCFF324679192046BDE81E
:10B2E000F84010F092BD00BF100C002000F80308D9
:10B2F00038B5044D0446FA2203482946FFF7C8FF33
:10B30000285938BD4004002000F80308F8B5084C5F
:10B31000084F05460E4638462146FA22FFF7B8FF89
:10B32000665521463846FA22BDE8F840FFF77ABF55
:10B33000502B002000F80308F8B5084C084F0546CC
:10B340000E4638462146FA22FFF7A2FF66512146F3
:10B350003846FA22BDE8F840FFF764BF802300209A
:10B3600000F803082DE9F0410B4CDFF8308005466A
:10B370000E46174621464046FA22FFF789FF3A4615
:10B380003146601910F041FD21464046FA22BDE8E1
:10B39000F041FFF747BF00BFE013002000F80308AB
:10B3A00008B5FBF783FDBDE8084003F0A7BC4FF0EC
:10B3B000FF300FF0A3BD000008B50820FFF798FF8D
:10B3C000034A044B012814BF1046184608BD00BFAD
:10B3D00084D001086CD00108F0B5E8B10278202AC9
:10B3E000034600F10100F9D0092AF7D02D2A14D123
:10B3F0000346012500240A271A4612F8011BA1F171
:10B400003000C6B2092E0DD92E291BD0002064238E
:10B4100003FB040005B14042F0BD2B2A08BF0346E0
:10B420000025E7E707FB04041346E5E706FB0010E9
:10B43000013213F8011F3039CFB2092F06D8022A82
:10B44000F4D1E4E7002210460A26F2E7012A04BFFD
:10B450000A235843DBE700000FB4F7B508AB1348E5
:10B4600053F8042B01934FF4807110F00DFB041E70
:10B4700016DDFF2CA8BFFF24FBF7A8FD0B4E0C4FD9
:10B480000546A4B2FBF7A2FD431BB3F5967F07D296
:10B49000C823224631463846FFF722FC0228F1D065
:10B4A00003B0BDE8F04004B0704700BF2033002077
:10B4B0001802002000B5652389B0CDE905230023DB
:10B4C00001220491CDE902330146CDE9003203485F
:10B4D000FFF7C2FF09B05DF804FB00BF98D0010878
:10B4E00070B54FF4616186B00420FFF725FF03219A
:10B4F0001220FFF70BFF43211420FFF707FF012164
:10B500001020FFF703FF01211820FFF7FFFE0021A5
:10B510001C20FFF7FBFE00212020FFF7F7FE002193
:10B520006420FFF7F3FE00216520FFF7EFFE2D49B1
:10B530006720FFF701FF2C496B20FFF7FDFE1E215E
:10B540006F20FFF7F9FE00217820FFF7DFFE0121D1
:10B550007920FFF7DBFE00217B20FFF7EDFE23497A
:10B560007F20FFF7E9FE1E218320FFF7E5FE002183
:10B570008720FFF7CBFE02218820FFF7C7FE0221BC
:10B580008920FFF7C3FE4FF416510020FFF7D4FEC9
:10B5900000210C20FFF7BAFE154A106851686B466F
:10B5A00003C3144B02AA03F1100615461868596824
:10B5B000144603C40833B3422246F7D16946082231
:10B5C000C820FFF7CFFE10222946D220FFF7CAFE7F
:10B5D0000948FFF741FFC820FBF700FDFCF750FCCE
:10B5E00006B070BD000020C20000FA420000C84250
:10B5F000D8D00108E1D00108CED00108F8B5054641
:10B60000174610F07EFA044660B1461B2846F9F74B
:10B61000B7FDC6F10102013602442146A81910F017
:10B6200041FA2770F8BD00007FB5002010F044FB00
:10B63000CDE9040104A810F07BFA0368D0E90421E5
:10B6400002934368019383680093C36804480132FE
:10B6500001F26C71FFF700FF07B05DF804FB00BF5B
:10B66000F2D0010807B500230548019301A9FDF7B1
:10B6700051FF08B1FAF7A4FF019803B05DF804FB8D
:10B680008403002070B50C4616460546FFF7EAFF16
:10B690002860FFF7E7FF6860FFF7E4FF2060FFF72F
:10B6A000E1FF60600024FFF7DDFF30510434102C0F
:10B6B000F9D170BDF8B5164607460C461D46F9F798
:10B6C0005FFDB04211D3731983420EDCB819002319
:10B6D0009D4205DC25EAE575002363552046F8BD4B
:10B6E00010F8012BE2540133F2E70024F6E770B5BD
:10B6F0000E4614460025A54205DB0CD10378002B2D
:10B7000008BF002070BD314610F0EEF90028F9D0D6
:10B7100001300135EFE70020F4E72DE9F04F8BB061
:10B72000054603AE002422462C212846FFF7DFFF02
:10B7300018B901200BB0BDE8F08F0FF021FF0134E4
:10B74000072C46F8040BEED1DDE903536A1E132AD9
:10B75000DDE905BADDE90798099FEAD85A1EFE2AF5
:10B760000193E6D80BF1FF32032AE2D8BAF1010FB8
:10B77000DFD8B9F1070FDCD808F1FF32062AD8D894
:10B78000791E4FF6FE729142D3D805EB850405EB86
:10B790004404A4B204F5C876B6B2E9B23046FFF765
:10B7A000B5FD019B04F29110D9B280B2FFF7AEFD56
:10B7B00004F5C9705FFA8BF180B2FFF7A7FD04F2C0
:10B7C00093105FFA8AF180B2FFF7A0FD04F5CA700A
:10B7D0005FFA89F180B2FFF799FD04F295105FFAE4
:10B7E00088F180B2FFF792FD04F5CB70394680B244
:10B7F000FFF7A2FD3046FFF757FD6DB2281A18BFBC
:10B80000012097E730B514462E4AD2F88035D2F899
:10B810008425CFB00D46D9B20591C3F30721049119
:10B82000C3F307411B0E0293D3B20193C2F3072364
:10B83000039100932449C2F307430EA8120E10F09F
:10B8400095F80EA8F9F79CFCE37B0D93A37B0C9372
:10B85000637B0B93237B0A93E37A0993A37A089380
:10B86000637A0793237A0693E3790593A379049384
:10B870006379039323790293E3780193A378009388
:10B880006378227811490EAC204410F06FF82046FE
:10B89000F9F776FCEB790593AB7904936B79039315
:10B8A0002B790293EB780193AB7800936B782A782D
:10B8B0000749204410F05AF806482146FFF7CCFD0E
:10B8C0004FB030BD0070FF1F17D1010843D10108F0
:10B8D00094D1010887D701082DE9F04FB54CB6483F
:10B8E0001423AFB03C222146FFF74CFAB349412262
:10B8F0002046FFF783FE2378002B01F09D81B0499D
:10B90000204610F0FEF838B1AA483C2200212FB0A2
:10B91000BDE8F04F10F0E0B8AA49204610F0F1F869
:10B92000002839D00420FFF7E3FCA74BA0F13C022C
:10B930009A42064606D94FF461610420FFF7FCFCE9
:10B940004FF461666420FFF7AFFC04467820FFF7F0
:10B95000ABFC07468720FFF7A7FC012C054605D066
:10B9600007F1FF3CDCF1000444EB0C046F1E7D4248
:10B970004FF008007D41FFF7BBFC2146934B944CF0
:10B980002A46012814BF20461846FFF793FD914828
:10B990003146FFF761FDB7E78F49204610F0B1F857
:10B9A00028B18E482FB0BDE8F04FFFF755BD8C4948
:10B9B000204610F0A6F840B31420FFF775FC81462E
:10B9C0001220FFF771FC05461820FFF76DFC0646B4
:10B9D0001C20FFF769FC07462020FFF765FCEDB24D
:10B9E0005FFA89F180467F48FFF736FD042D96BF48
:10B9F0007D4B7E4953F825107D48FFF72DFD7D488E
:10BA000043463A463146FFF727FD7B49694810F027
:10BA100078F8002872D0FAF785FF6420FBF7DEFA89
:10BA2000764A77497748FFF72DFE75490822C820E6
:10BA3000FFF798FC71491022D220FFF793FC704960
:10BA40000822C820FFF73EFC6C491022D220FFF7E5
:10BA500039FC6A4A6A496B48FFF7D4FE0A20FBF7B3
:10BA6000BDFA6948FDF7D8FC6849524810F049F81A
:10BA700020B1674B67481978FFF7EEFC66494D48DF
:10BA800010F03FF8002853D03D2110F02DF8002889
:10BA90003FF43AAF01300FF073FD0128014643D85F
:10BAA0000820FFF749FC03F001F900216420FFF7AB
:10BAB0002DFC00217820FFF729FC00218720FFF7CB
:10BAC00025FC012002F0F2F8022002F0EFF802F06B
:10BAD00027F90820FFF70CFC3C4C3D4B002808BF21
:10BAE0001C4621464D48FFF7B7FC6420FBF776FA69
:10BAF000002211462046FFF7DDFC05E748492D48A6
:10BB00000FF0FFFF0028AFD03D490822C820FFF703
:10BB1000D9FB3A491022D220FFF7D4FB374A3849E3
:10BB20003848FFF76FFE9FE73E48FFF795FCEBE6CE
:10BB30003D4920480FF0E5FF054648B10820FFF7D2
:10BB4000D7FB234A2149012818BF1146334820E773
:10BB5000364918480FF0D5FF0746002800F08080CE
:10BB60001448ADF88450CDE91F55F9F709FB3D2184
:10BB7000064610480FF0B8FF021BB31A013B013212
:10BB80001FA90C48FFF796FD2A462C211FA8FFF796
:10BB9000AEFD0FF0F5FC2C21C4B201221FA8FFF767
:10BBA000A6FD0FF0EDFC012C014643D0022C55D030
:10BBB0001F48BAE72034002018020020FBD20108F9
:10BBC00022D201082DD2010844510100BDD1010843
:10BBD000C4D1010838D2010843D201084DD201086E
:10BBE000B1D20108B8D2010818D70108CAD101089A
:10BBF000C2D20108CBD20108DDD201087E000020AC
:10BC00008E0000209136002084030020F1D201082C
:10BC1000BD370020FDD201080AD3010816D3010860
:10BC2000EBD2010822D3010831D301083CD301082B
:10BC300044D301083425C9B24B1E022B88BF002112
:10BC40002846FFF779FB03F031F82846FFF750FB51
:10BC50000246BB482146FFF7FFFB55E63825EAE7D9
:10BC6000B849B9480FF04DFF064668B3B648ADF87D
:10BC70008470CDE91F77F9F783FA3D210546B24874
:10BC80000FF032FF021BAB1A013B01321FA9AE4875
:10BC9000FFF710FD3A462C211FA8FFF728FD0FF0F3
:10BCA0006FFCC4B23420FFF723FB05463820FFF7B2
:10BCB0001FFB012C02D1A54869B26AE6022C7FF471
:10BCC00077AF41B2A24864E6A2499F480FF019FF3E
:10BCD0000546002800F094809B48ADF85C60CDE9F3
:10BCE0001566F9F74DFA3D21054697480FF0FCFE21
:10BCF000021BAB1A013B013215A99348FFF7DAFC8E
:10BD000032462C2115A8FFF7F2FC0FF039FCC4B223
:10BD10003420FFF7EDFA8DF834003820FFF7E8FA09
:10BD2000631EDBB2012B8DF8350001D98A48FCE691
:10BD3000B8336B4413F9845C022D31D0032D50D0FD
:10BD4000012DF3D12946204603F030F92946024659
:10BD50000646204603F078F900210746F9F780FFF0
:10BD600000B100277D493846F9F7DCFDF9F7A0FF5F
:10BD7000642290FBF2F302FB13000028B8BF40429C
:10BD8000774A009010211FA80FF0BCFD1FA975482D
:10BD9000FFF762FB3246E9B2204603F0CFFBB3E582
:10BDA0002946204603F002F9294602460646204667
:10BDB00003F04AF900210746F9F752FF00B10027C6
:10BDC00066493846F9F7AEFDF9F772FF642290FB39
:10BDD000F2F302FB13000028B8BF4042624A009011
:10BDE000D0E72946204603F085F94FF07C51F9F75A
:10BDF0004BFF5E4A5E4B002814BF1046184694E67F
:10BE00005C4951480FF07DFE002800F08A804E48C2
:10BE1000F9F7B6F93D2106464B480FF065FE021BC7
:10BE2000B31A013B01321FA94748ADF88450CDE950
:10BE30001F55FFF73FFC1FA80FF0A2FB4E4BA0F1D0
:10BE40003C029A42044610D801460420FFF774FAD7
:10BE50000420FFF74DFA494B8442186005D1484849
:10BE60002146FFF7F9FA01F07FFF464936480FF007
:10BE700048FE0446002800F08F80F9F781F93D2143
:10BE8000054620460FF030FE021BAB1A013B013283
:10BE90001FA92046FFF70EFC1FA80FF071FBC1B2CF
:10BEA00004461220FFF732FA1220FFF7FDF9A042F4
:10BEB000014640F08D803448FFF7CEFA4FF47A7097
:10BEC000FBF78CF8FBF7DCFF30491F480FF019FE39
:10BED0000446002800F0E380F9F752F93D210546B9
:10BEE00020460FF001FE021BAB1A013B1FA90132D5
:10BEF0002046FFF7DFFB9DF87C1001F0FD03412B8E
:10BF000068D11420FFF702FA00214FF400700EF000
:10BF1000BDFF1420FFF7C8F901461D48FFF79CFA42
:10BF20005BE01C4908480FF0ECFD00289DD0042080
:10BF3000FFF7DEF901461248FFF78EFA95E700BFDA
:10BF40004FD301085AD301082034002066D30108DA
:10BF500070D301087AD3010887D301080000C842D2
:10BF600097D30108ACD30108A2D30108D0D10108AE
:10BF7000DCD10108B9D30108445101009800002028
:10BF800038D20108CED30108D7D3010830D4010834
:10BF9000B8D20108C4D30108A949AA480FF0B1FDDD
:10BFA000002891D01220FFF77FF9042810D8DFE88D
:10BFB00000F00307090B0D00A348FFF74DFA83E7D4
:10BFC000A248FAE7A248F8E7A248F6E7A248F4E751
:10BFD000A248F2E7A248FFF73FFAA24999480FF0BA
:10BFE00090FD0446002800F0C98000211A220EA806
:10BFF0000D910FF071FD3D2120460FF075FD0546B6
:10C0000048B12046F9F7BCF82A1B831A013B1D2BC7
:10C010004DDC002B4CDC94498A480FF072FD04463D
:10C02000002800F0C2803D210FF05EFD01300FF0CE
:10C03000A7FA012804464FF0000140F0A6808720AF
:10C04000FFF764F921466420FFF760F901F03AFE3A
:10C0500002F070F8204601F029FE01F0EBFD6420AB
:10C06000FFF722F904467820FFF71EF905468720DE
:10C07000FFF71AF9012C02D06A1E54425441431EA4
:10C080005D424FF008005D41FFF732F9214643B2AF
:10C09000764C77482A46012B18BF20462BE5754978
:10C0A00068480FF02EFD00287FF433AF95E71D237D
:10C0B00001320DA92046FFF7FDFA00222C210DA820
:10C0C000FFF715FB01222C2104460DA8FFF70FFBFB
:10C0D000022206462C210DA8FFF709FB0546002C7D
:10C0E00048D0002E46D0002844D020460FF048FA11
:10C0F000044630460FF044FA064628460FF040FA50
:10C100000546C1B26DB22020FFF700F9691E4D420D
:10C11000594B4D411820E1B264B21D70FFF7F6F89B
:10C12000601E44424FF00403444115A88DF854307A
:10C130008DF8584007F0DCF81C20F1B2FFF7E6F864
:10C140001F231FA88DF87C308DF8806007F0D0F891
:10C150001820FFF7A9F804461C20FFF7A5F80546AC
:10C160002020FFF7A1F82A46034621464348FFF75F
:10C1700073F950E74248FFF76FF94CE741493148FE
:10C180000FF0BFFC0028E3D145E76420FFF7BEF8BD
:10C1900000217820FFF7BAF8012001F087FD022086
:10C1A00001F084FD01F0BCFD59E7374925480FF047
:10C1B000A8FC80B33D210FF097FC01300FF0E0F9AF
:10C1C00001280546214615D16420FFF79FF8214636
:10C1D0007820FFF79BF8284601F068FD022001F067
:10C1E00065FD01F093FD29468720FFF78FF801F0E8
:10C1F000A1FF34E78720FFF789F86420FFF754F8A0
:10C2000004467820FFF750F8012CF0D00128EED03A
:10C2100001F086FDEBE71D490A480FF072FC044669
:10C22000002800F09D803D210FF05EFC01300FF0F2
:10C23000A7F9431EDBB2012B2CD9154875E400BFCA
:10C24000ECD3010820340020F4D3010800D4010805
:10C250000CD4010818D4010824D40108E0D3010843
:10C260003AD4010850D40108A7D40108C4D1010868
:10C27000BDD1010847D401087D000020CBD20108C0
:10C280005CD401089CD40108B3D40108BFD40108D0
:10C29000CCD4010846B2012E0BBF652079204FF0A7
:10C2A0006B0A4FF07F0A0BBF67247B244FF06409B1
:10C2B0004FF078090CBF4FF06F084FF08308FEF77E
:10C2C000F3FF07464846FEF7EFFF81462046FFF79B
:10C2D0000FF804465046FFF70BF883464046FFF739
:10C2E00007F8FBB2022B5FFA89F328BF0027022B65
:10C2F000C44BC549A0F1050228BF4FF000099A427E
:10C3000094BF82464FF01E0A2046F9F70BFBF9F75F
:10C31000CFFCBD4980465846F9F704FBF9F7C8FC45
:10C320000446FFF749F8642194FBF1F301FB134441
:10C33000002CB8BF6442CDE9023498FBF1F301FB55
:10C340001384002CCDE904A9B8BF6442CDE90034C0
:10C3500002463B463146AD48FFF77EF8FFF7D4BAB8
:10C36000AB49AC480FF0CDFB0546002800F05681E4
:10C370003822214620A81F940FF0AEFB2846F8F77C
:10C38000FFFE3D21064628460FF0AEFB421BB31AC6
:10C39000013B01321FA92846FFF78CF922462C21C8
:10C3A0001FA8FFF7A4F90FF0EBF82C21044645B2C3
:10C3B0001FA80FF099FB002863D1013CE4B2012CC7
:10C3C0003FF63BAF012D0BBF652079204FF06B0A84
:10C3D0004FF07F0A0BBF67247B24642778270CBFAC
:10C3E0004FF06F094FF08309FEF75EFF8046384635
:10C3F000FEF75AFF07462046FEF77AFF04465046EE
:10C40000FEF776FF83464846FEF772FF5FFA88F331
:10C41000022BFBB228BF4FF00008022B794B7A4960
:10C42000A0F1050228BF00279A4294BF82464FF030
:10C430001E0A2046F9F776FAF9F73AFC7249814666
:10C440005846F9F76FFAF9F733FC0446FEF7B4FFE4
:10C45000CDE904A7642794FBF7F307FB1344002CF2
:10C46000B8BF6442CDE9023499FBF7F307FB13919F
:10C470000029B8BF4942CDE900310246434629466A
:10C4800069E701222C211FA8FFF731F90FF078F896
:10C4900007909DF91C300B9302222C211FA8FFF757
:10C4A00026F9FEF799FFF9F7E9F95749F9F7EEFA96
:10C4B00003222C2109901FA8FFF719F9FEF78CFF22
:10C4C000F9F7DCF95049F9F7E1FA04222C210A9036
:10C4D0001FA8FFF70CF90FF053F8052204462C2192
:10C4E0001FA8FFF704F90FF04BF84B4B08909C4244
:10C4F000A8BF1C461E2CB8BF1E24012D9DF920B0DC
:10C5000040F08D83BBF1010F5DD16B274FF06708C1
:10C510004FF0650A4FF064096F2601F0D3FB8720C6
:10C52000FEF7C2FE012805D100218720FEF7EEFEAE
:10C5300001F000FE9DF81C105046FEF7E7FE9DF846
:10C5400020104846FEF7E2FE09994046FEF7F4FE49
:10C550000A993846FEF7F0FE21463046FEF7ECFE1B
:10C56000012D4CD101F066FB27490998F9F7DAF95A
:10C57000F9F79EFB244907460A98F9F7D3F9F9F72A
:10C5800097FB0646FEF718FFCDE9044B642496FBA3
:10C59000F4F304FB1366002EB8BF7642CDE90236F1
:10C5A00097FBF4F304FB1377002FB8BF7F42CDE96C
:10C5B000003702460B9B15482946FEF74DFF6420C5
:10C5C000FAF70CFD4BE57820FEF76EFE6B274FF077
:10C5D00067084FF0650A4FF064096F260128A9D05B
:10C5E00001F09EFBA6E76420FEF75EFE7F274FF07A
:10C5F0007B084FF0790A4FF078098326EEE701F0C7
:10C6000037FBB1E77B5101000000C842E5D40108C7
:10C610004CD501082034002080510100C749C8488A
:10C620000FF06FFA044600284DD06520FEF73CFE5F
:10C6300007466420FEF738FE80466720FEF758FE66
:10C6400004466B20FEF754FE82466F20FEF750FE34
:10C65000FBB2022B5FFA88F328BF0027022BB94BED
:10C66000B949A0F1050228BF4FF000089A4294BFD3
:10C6700081464FF01E092046F9F754F9F9F718FBE7
:10C68000B14906465046F9F74DF9F9F711FB044652
:10C69000FEF792FE642194FBF1F301FB1344002C9E
:10C6A000B8BF6442CDE9023496FBF1F301FB136499
:10C6B000002CB8BF6442CDE90034CDE904980246AD
:10C6C0003B46012147E6A1499D480FF01AFA07466B
:10C6D000002800F0B5801A22214620A81F940FF0F0
:10C6E000FBF93846F8F74CFD3D21054638460FF07A
:10C6F000FBF9C21BAB1A013B01321FA93846FEF7FA
:10C70000D9FF22462C211FA8FEF7F1FF0EF038FFBB
:10C7100001222C2104461FA8FEF7E9FF0EF030FF8E
:10C7200002222C2145B21FA8FEF7E1FF0EF028FFE0
:10C73000032207462C211FA8FEF7D9FF00286BD142
:10C740009020FEF7D5FD0146B1F5616FA8BF4FF40B
:10C750006161E3B21E290E46B8BF1E26032B28BF17
:10C7600000240C2DA8BF0C25022DFBB2B8BF02255A
:10C77000012B64B2A84654D87FB2012F52D1642055
:10C78000FEF792FD81467820FEF78EFDB9F1010F8C
:10C79000054606D164200021FEF7B8FD6C48FEF77F
:10C7A0005BFE012D06D178200021FEF7AFFD694820
:10C7B000FEF752FE01F0AAFAE1B28920FEF7A6FDCB
:10C7C0005FFA88F18820FEF7A1FDF9B28720FEF715
:10C7D0009DFD31469020FEF7AFFD01F0ABFC9020AF
:10C7E000FEF786FDB0F5616FA8BF4FF461601E28AB
:10C7F00005464FF00800B8BF1E25FEF779FD22461A
:10C800005549564CCDE90075012808BF21464346DD
:10C810005348FEF721FED2E60EF0B2FE011E93DC75
:10C820008EE700276420FEF73FFD05467820FEF7DF
:10C830003BFD012DC0D00128BED001F071FABBE74D
:10C8400048493F480FF05DF90546002839D0892056
:10C85000FEF72AFD05468820FEF726FD04468720C0
:10C86000FEF722FD06469020FEF742FD0C2CA8BFE5
:10C870000C2464B2EBB2022CB8BF0224032BF3B237
:10C8800028BF0225022B28BF0026B0F5616F28BF04
:10C890004FF461601E2880464FF0080038BF4FF00B
:10C8A0001E08FEF725FD23462B492C4CCDE90068D8
:10C8B000012808BF21462A462948FEF7CDFDFFF78B
:10C8C00023B829491E480FF01CF90446002851D00E
:10C8D0003D210FF009F900283FF416A8441C2A4610
:10C8E0002C212046FEF703FF012205462C2120467D
:10C8F000FEF7FDFE04465DB128460EF041FE1B4BDF
:10C90000A0F596629A42014602D80020FEF714FD77
:10C9100044B120460EF034FE022803D8C1B20C20E8
:10C92000FEF7F4FC0020FEF7E3FC04460C20FEF7C3
:10C93000BBFC214602460E48FFF78DB955D50108CC
:10C94000203400207B5101000000C8425DD5010861
:10C950006AD5010894D5010807D20108E8D1010879
:10C96000BED501080ED601081AD6010850BD010037
:10C9700023D60108B249B3480FF0C3F848B12046A6
:10C98000FEF7B6FC05460C20FEF78EFC2946024653
:10C99000D1E7AD49AB480FF0B4F870B13D210FF0CD
:10C9A000A3F838B101300EF0EBFDC0B200F0D6FFB5
:10C9B000FEF7AABFA548FFF7B8B8A549A1480FF0F0
:10C9C000A0F808B1FEF730FEA2499E480FF099F892
:10C9D00020B1A148FEF740FDFBF752FA9F49994864
:10C9E0000FF08FF820B1974802F086FFFEF78CBF5A
:10C9F0009B4994480FF085F860B19A4B1B78012B46
:10CA000005D1994A137002F013FFFEF77DBF9748D6
:10CA1000FFF78BB896498B480FF073F808B1FEF713
:10CA20005FFD944987480FF06CF80446002800F039
:10CA300083803D210FF058F8002605462C22314610
:10CA400020A81F960FF048F815B98B48FFF76DB86E
:10CA500001352846F8F794FB2F2828BF2F200446DD
:10CA6000024629461FA80FF0D0F904F1B8036B4421
:10CA700003F83C6C1FAB23443CB113F8012C0D2A86
:10CA800004F1FF3455D00A2A53D01FA8FEF745FE03
:10CA900004460028D9D102462C211FA8FEF727FE04
:10CAA00010B10EF06DFDC4B204EB840304EB43043B
:10CAB000A4B204F5C87080B2FEF7F6FB804604F21B
:10CAC000911080B2FEF7F0FB814604F5C97080B288
:10CAD000FEF7EAFB824604F2931080B2FEF7E4FB15
:10CAE000064604F5CA7080B2FEF7DEFB074604F284
:10CAF000951080B2FEF7D8FB04F5CB740546A0B2C2
:10CB0000FEF7F6FB04460020FEF7F2FBEDB2FFB2A3
:10CB1000F6B2CDE9034002955848019700965FFAB6
:10CB20008AF35FFA89F25FFA88F1FEF795FCFEF767
:10CB3000EBBE03F8016D9FE7514942480EF0E1FF5B
:10CB4000054690B13D21CDE91F44ADF884400EF07B
:10CB5000CBFF044648B12846F8F712FB621B831A44
:10CB6000013B092B11DC002B10DC464935480EF047
:10CB7000C8FF00283EF4C8AE3248F8F701FB02288F
:10CB80007EF4C2AE4048FEF7D0BF092301321FA990
:10CB90002846FEF78FFD1FA80EF0F2FC431E132B54
:10CBA000074638D800EB800400EB4404A4B204F23A
:10CBB000911080B2FEF778FB804604F5C97080B210
:10CBC000FEF772FB814604F2931080B2FEF76CFB15
:10CBD000824604F5CA7080B2FEF766FB054604F291
:10CBE000951080B2FEF760FB04F5CB740646A0B248
:10CBF000FEF77EFBF6B25FFA8AF1EDB20390009188
:10CC00002248029601955FFA89F35FFA88F2394665
:10CC1000FEF722FCA9E71848FEF71EFCA5E7BBF1CA
:10CC2000010F7FF4E0AC7F274FF07B084FF0790ACB
:10CC30004FF07809832670E42FB0BDE8F08F00BF75
:10CC40002FD601082034002037D6010844D6010829
:10CC500054D601085DD6010866D6010870D60108D1
:10CC600078D60108BD370020903600207ED6010816
:10CC700088D6010891D601089DD60108ACD60108D6
:10CC8000CDD60108FAD20108D4D00108D9D60108BE
:10CC9000BFF34F8F0549064BCA6802F4E0621343A5
:10CCA000CB60BFF34F8F00BFFDE700BF00ED00E09A
:10CCB0000400FA0530B5024601444AF201054FF678
:10CCC000FF708A4200D130BD12F8013B0824584061
:10CCD00000F00103400813B180EA050398B2631E17
:10CCE00013F0FF04F4D1ECE7704770477047000081
:10CCF000014BD870704700BF18000020014B18741A
:10CD0000704700BF1800002010B50020FEF7F0FAB1
:10CD100004460C20FEF7C8FA1A4BA4F596629A4214
:10CD200088BF4FF41654C3B2032B174A174B28BFC2
:10CD30000020C3E90024021E18BF012212030128AB
:10CD40009A601CD0022814BF00224FF4C0621A61FE
:10CD50000C210022C3E90512C3E90722DA605A62F6
:10CD600008229A6209484FF400429A63FDF74CF991
:10CD70000648FEF7A5F8003818BF012010BD4FF493
:10CD80008062E4E750BD010000380140AC020020A1
:10CD9000002140200EF07AB8002120200EF076B855
:10CDA000002110200EF072B8002101200EF06EB8A4
:10CDB00000214FF480700EF069B800214FF48060BC
:10CDC0000EF064B810B50E4C23787BB910210D48D5
:10CDD0000122FBF7A5FC01232370C8210A480EF0AD
:10CDE00011FABDE8104008480EF0D2B910210548EC
:10CDF0000022FBF795FC002323704FF42F61EDE731
:10CE00005C340020000400480835002010B50021E3
:10CE100002200EF03BF8074B074C1B684FF47A7169
:10CE2000204659430EF0EEF92046BDE810400EF0C2
:10CE3000AFB900BF980000207436002010B542F250
:10CE40001073084C002818BF0346074823600EF0F3
:10CE500051F9216804480EF0D5F9BDE810400248A8
:10CE60000EF096B9140000207436002038B5074C37
:10CE7000054620460EF03EF9294620460EF0C2F93E
:10CE80002046BDE838400EF083B900BFA03700202F
:10CE900010B5094B094C012808BF1C4620460EF06E
:10CEA00029F920464FF47A610EF0ACF92046BDE82E
:10CEB00010400EF06DB900BF04370020EC360020A2
:10CEC00008B51420FEF7F0F9413818BF01204000E2
:10CED00003F02AFD831C034B14BF002001201870AF
:10CEE00008BD00BFDD3400207FB505460C46002993
:10CEF00031D00B7893B188B1416879B10378022BB6
:10CF00000CD0032B29D14378012B07D108780128B5
:10CF100002D0022800D008B903F006FD217C0529C3
:10CF200019D81F4A94F909301E481380012994F931
:10CF30000A2002700FD81C4E317851B1CDE9013270
:10CF400094F9083000932B78E16818480122FEF725
:10CF500083FA0023337004B070BDA3F11002052AD8
:10CF600006D90F2BDAD84FF43742DA40D207D5D59D
:10CF70000F4E3278002AD1D10E4A0F4813706B78C9
:10CF8000102B1A4628BF1022027013B10B480EF066
:10CF90003CFF01230021802033700DF077FFBDE7B7
:10CFA0008E3600208C360020903600202CD70108C9
:10CFB000C9360020C8360020B7360020B836002019
:10CFC00013B501230DF107008DF8073003F0C0FF02
:10CFD0009DF80720064B40F6B83141F28834002016
:10CFE000002A18BF1C460BF0C1FD204402B010BD42
:10CFF000F04902000A460149F9F71ABA00F003089D
:10D0000038B50C480EF076F803F090FF60B90A4C82
:10D010000A480125257003F07BFE2078294603F09D
:10D02000C9FC04480EF0B4F8BDE8384004480EF0DE
:10D03000AFB800BF743600207C000020180000202C
:10D040005C36002004F01CB837B5044668460DF085
:10D0500073FD009B0F48122B38BF12234268123B0E
:10D06000190E1155621C4168D2B21D0C8D54A21CC0
:10D070004168D2B21D0A8D54E21C4168D2B2043418
:10D080008B5400221146447003B0BDE8304003F0D9
:10D09000FBBC00BF0C0000202DE9F043184C9DF8AC
:10D0A0001CC0D4F8049020704FF0020889F800806A
:10D0B000D4F804909DF8207089F80180D4F8048099
:10D0C000BDF82C5088F8020060689DF82460C1709B
:10D0D00061689DF828E00A7162685371636883F89B
:10D0E00006C06368DF7163682A0A1E7283F809E06C
:10D0F0009A72DD72BDE8F0430C20FFF7A5BF00BFB8
:10D100000C000020F0B5254C85B00023CDE901339B
:10D11000054603930E46F9F75BFB2268536943F01B
:10D12000700353612046FAF7BBFD28B11B48FAF79C
:10D1300043FD002005B0F0BDCDE9015001A9204616
:10D140000396FAF777FB04460028EFD1144B9D4273
:10D1500002D10220F9F742FF104F08260025384679
:10D16000FAF7C8FC88B964213846FAF705FB28B9F4
:10D170003846FAF75BFB01340544E4B23846013E19
:10D18000FAF770FD16F0FF06E9D10448FAF714FD2E
:10D19000002CCED0B5FBF4F080B2CBE79803002092
:10D1A000002000B4012808B507D1012914BF382098
:10D1B0003420FEF79DF8C0B208BD01EB810301EBFE
:10D1C000430101F5CA70FEF76FF8F4E710B50246A7
:10D1D000044608210448FBF7A3FA24B1BDE8104037
:10D1E0000120F9F7FBBE10BD00040048044B1B787A
:10D1F000022B03D1002108200DF048BE704700BF6C
:10D200007C00002008B503F09AFE28B903F078FBF3
:10D21000012801D1FFF73CFD08BD000038B50446E8
:10D220000D4607484FF40061F9F722F930B92A4654
:10D2300021460348BDE83840F9F720B838BD00BFA3
:10D2400000F0030808B5054B1B7833B13220F9F71D
:10D25000C5FEBDE80840FAF713BE08BD99360020A8
:10D260002DE9F84F6C4B1A78002A00F0D28000228A
:10D270001A706A4B6A4C1B786A4A2370103B92F80A
:10D280000080052B00F2C580DFE803F0031E252790
:10D29000419A0420FEF72CF86368020E1A70636846
:10D2A000020C5A706368020A9A706368D87004238B
:10D2B00062685B48FF21D154013363700022BDE8EE
:10D2C000F84F114603F0E0BB1820FDF7EDFF63684F
:10D2D00018700123ECE72020F7E71C20FDF7E4FF9E
:10D2E00005461820FDF7E0FF6368052DA8BF05255A
:10D2F00018706DB2636825EAE575C5F10C055D70BF
:10D300002020FDF7D1FF636898700323D0E708F170
:10D31000FF33012B7DD8B8F1010F0BBF67207B20B5
:10D320006B257F250BBF4FF0650A4FF0790A4FF050
:10D3300064094FF078090CBF4FF06F0B4FF0830B6F
:10D34000FDF7D6FF06462846FDF7D2FF36490546CB
:10D350003046F8F7E7FAF8F7ABFC334907B228464E
:10D36000F8F7E0FAF8F7A4FC06B25846FDF7C0FF5C
:10D370006368054683F800805046FDF795FF6368B3
:10D38000587063683A129A706368DF70636832128B
:10D390001A7163685E716368C5F307229A716368E6
:10D3A0004846DD71FDF780FF636818720820FDF7BD
:10D3B0009FFF411E63684842484158720A2377E73D
:10D3C0008920FDF771FF636818708820FDF76CFFF6
:10D3D000636858708720FDF767FF636898700820BE
:10D3E000FDF786FF421E504263685041D87090207E
:10D3F000FDF77EFFB0F5616F28BF4FF461601E2816
:10D40000636838BF1E20020A1A71636858710623C8
:10D410004EE7BDE8F88F00BFB4360020B6360020D6
:10D420000C000020B53600200000C8427047000004
:10D4300073B51446072859D8DFE800F0040813161E
:10D4400021214A550B88DBBA2C4A03E00B885BBAD2
:10D450009BB22B4A1821204602B0BDE870400EF066
:10D4600051BA0B681BBAEFE7CB788A781B0443EA02
:10D4700002634A7813430A7843EA0223E4E7CB784D
:10D480008E784D780A78042814BF180408681D495E
:10D490001DBF40EA0660284340EA022000BAF8F7C0
:10D4A00041FAF8F705FC0028B8BF40424FF064018C
:10D4B000B0FBF1F201FB1200CDE90020B4BF124B2A
:10D4C000124B134A182120460EF01CFA02B070BD10
:10D4D000CB788A781B0443EA02634A7813430A78BC
:10D4E00043EA0223B5E70B681BBAB2E709491046C5
:10D4F00002B0BDE870400EF080BC00BF4DD70108FF
:10D5000050D701080000C8424BD701089BD401083E
:10D5100053D701085DD7010838B50B4D04460122E9
:10D5200028464FF48071FBF7FBF82246074908486C
:10D530006423FDF7D5FB28460022BDE838404FF4B0
:10D540008071FBF7EDB800BF00040048DF34002015
:10D55000AC02002070477047704700002DE9F84387
:10D5600081460820884615461E46FDF7C1FE012863
:10D570000CD00120FFF72AFEFFF7C6FB074640B19B
:10D580002C48FCF741FD0020FFF720FE0120BDE8FC
:10D59000F883294C08F1FF310B12E170207106214C
:10D5A0002046A37084F8009066706571FFF782FBD7
:10D5B000A071000AE0710820FFF7AEFF1F48192292
:10D5C00039460EF089FAF31E012B26D86C0005347B
:10D5D000A4B21B4B192C1F70D2D8184D15484FF40C
:10D5E0007A7322462946FDF7CDFB06461148FCF723
:10D5F0000BFD0020FFF7EAFDCEB92846A11E254409
:10D6000089B2FFF757FB15F8012C15F8023C43EAE5
:10D610000223181A18BF0120B9E7013E012EAFD826
:10D620000735C5F3CC04C5F3C7070534D1E703209C
:10D63000ADE700BFAC020020DF340020EF34002053
:10D64000DE340020431E132B2DE9F0470D4603D98D
:10D6500001242046BDE8F08700EB800300EB430483
:10D6600004F29110FDF720FE804604F5C970FDF725
:10D670001BFE814604F29310FDF716FE824604F568
:10D68000CA70FDF711FE064604F29510FDF70CFE78
:10D69000074604F5CB70FDF72BFEBAF1010FD7D189
:10D6A000013FFFB2042FD3D8F3B2072BD0D8022BFF
:10D6B00081B25FFA89F334BF012202225FFA88F057
:10D6C000FFF74CFF04460028C3D1204B013EDA7817
:10D6D0001979062E05D8DFE806F00B12161F232C49
:10D6E0003500B3F80300C0BAF8F7C8F82860B0E70F
:10D6F000B3F8030040BA80B2F8F7BCF8F6E7D3F805
:10D70000030000BAF0E758799B791B0443EA0063F1
:10D710000B4343EA0220E7E7D3F8030000BAE5E74A
:10D7200058799B791B0443EA00630B4343EA0220C8
:10D73000DCE758799B791B0443EA00630B4343EA17
:10D740000220D9E7D3F8030000BAD5E7EF34002070
:10D7500000B58BB003F0D4F8012846D043F69820EA
:10D76000FFF784FB04F04CFD98BB012368468DF85D
:10D77000003003F0EDFB9DF80030BBB11C4B0121E4
:10D78000187803F017F904F03BFD70BB01236846DD
:10D790008DF8003003F0DCFB9DF80030CBB1FFF7D3
:10D7A0000FFC0BB05DF804EBFFF760BB2623684667
:10D7B0008DF8003005F08EFC0028DFD1019B03F1CD
:10D7C0009002D3F83012C3F82C1218339A42F8D1D1
:10D7D000D4E7084A13780133DBB2032B137004D962
:10D7E000C820F9F7FBFBFFF753FA0BB05DF804FB19
:10D7F0007C0000209D3700202DE9F84307460820D3
:10D800009DF820900C4690461E46FDF771FD0128BC
:10D810000CD00120FFF7DAFCFFF776FA054640B19D
:10D820004B48FCF7F1FB0020FFF7D0FC0120BDE8DE
:10D83000F883611E474CC1F30723052E27706670DD
:10D84000A370E1703AD1B8F1000318BF01235B4225
:10D85000DBB265712371062529463E48FFF72AFA97
:10D860006A1CD2B2030A6055A354A81C3A4CC0B239
:10D87000FFF752FE1922002120460EF02DF94FF439
:10D880007A73082221463248FDF77CFA0546304873
:10D89000FCF7BAFB0020FFF799FC002D55D10621BB
:10D8A0002046FFF707FAE588A842BFD12378BB429C
:10D8B000BCD16078801B18BF0120B8E7062E04D1C8
:10D8C000C8F307235FFA88F5C3E70F2E1CD109F1CF
:10D8D000FF33DBB2202B28BF4FF0010909F107030A
:10D8E000C3F3C403207184F80590A371E9B2CA1D83
:10D8F000D2B2E80028FA00F00135A054EAB293420F
:10D90000F4D80831CDB2A7E7102E89D1B9F1020FB2
:10D9100018BF4FF001094FEA4903B9F1020FA37193
:10D9200001BF4FEA1863E3714FEA1843237214BF33
:10D93000072309234FEA1822E2549D1C013320716A
:10D9400004F8038084F8059086E703206FE700BFA2
:10D95000AC020020DF340020EF3400202DE9F04F2E
:10D96000431E132B89B005D9584809B0BDE8F04FC4
:10D97000FDF772BD00EB800300EB430404F291104D
:10D98000FDF792FC824604F5C970FDF78DFC064652
:10D9900004F5CA70FDF788FCC7B204F29510FDF7D4
:10D9A00083FC5FFA80F8054604F5CB70FDF7A0FC18
:10D9B00008F1FF33042BD7D8072FD5D8022F34BF57
:10D9C0004FF001094FF00209F6B219FB08F281B2DB
:10D9D0003346D2B25FFA8AF0FFF7C0FD0446002852
:10D9E000C2D1013E012E30D839493A483A4E394F1A
:10D9F000DFF8E8800EF001FA0B253378E2B29342AB
:10DA000005EB0700C5F1800101D9772D09DD344A06
:10DA10000DF078FF2F49334809B0BDE8F04FFDF70E
:10DA20001BBDDFF8C4C0DFF8C490013B9A42B8BF09
:10DA3000CC4608EB020ECDF800C09EF803302C4A0D
:10DA40000DF060FF01340544D7E7B8F1010F0BD1A9
:10DA50002849384602AAFFF7EBFC274802A9FDF740
:10DA6000FBFC09B0BDE8F08F19491A48DFF884A023
:10DA7000DFF860B00EF0C1F9013D4FEA49090B260D
:10DA80006DB2514602AA3846FFF7D2FC174A164B30
:10DA9000AC42B8BF13460093C6F1800102AB0BEB5A
:10DAA0000600164A0DF02EFF0134E3B24345CA4486
:10DAB000064401D2612EE4DDC6F18001084A0BEB79
:10DAC00006000DF01FFF03490648C8E744D60108C9
:10DAD00064D701085D340020DE340020EF340020DC
:10DAE00075D70108C7D201089BD4010861D7010886
:10DAF00070D70108F234002078D7010885D70108D3
:10DB0000022808B508D1054800221021FAF708FEBE
:10DB1000BDE80840FDF7E0BE08BD00BF00040048B6
:10DB200037B568460DF008F81348009B05220270CF
:10DB30004268012111704468002262704468A2703A
:10DB40004468E170446822714468122B627138BFE6
:10DB50001223123B44681D0EA57144681D0CE5712B
:10DB600044681D0A63720A232572437003B0BDE83E
:10DB7000304002F089BF00BF0C00002070B50446A1
:10DB8000002842D0214B90F90660214D00221A70E6
:10DB900096BB20480DF0AEFA1F480DF0ABFA1F4BB4
:10DBA0002E6001221A7002F01FFEE379012B15D0BE
:10DBB0001B481C4D0DF09EFA1A4832461021FAF708
:10DBC000AFFD0A2410212846FAF7AFFD6420F9F7CB
:10DBD00005FA013CF6D112480DF0DAFAFFF770F9B8
:10DBE000114A124801231370114A13700DF082FA82
:10DBF000BDE87040FFF794BFFFF7E2F92B680133EF
:10DC00002B60BDE87040FFF731B970BD9D37002033
:10DC1000B837002020350020A0370020BD37002075
:10DC20000835002000040048BC370020743600206E
:10DC30009C00002010B56F20FDF75AFB0A4BA0F1A5
:10DC40001E029A4294BF04461E2408480DF052FA60
:10DC50004FF47A71614305480DF0D4FABDE81040E5
:10DC600002480DF095BA00BF625101000437002050
:10DC700010B58320FDF73CFB0A4BA0F11E029A422F
:10DC800094BF04461E2408480DF034FA4FF47A710C
:10DC9000614305480DF0B6FABDE8104002480DF0AA
:10DCA00077BA00BF62510100EC360020431E012B01
:10DCB0009FBF034B1B18002203F8012C704700BFC5
:10DCC000E43600200C4B0D4810B500241C700DF0FC
:10DCD00011FA0B4B1C700B4C20460DF00BFA0A4B43
:10DCE0001B684FF47A71204659430DF08BFA204699
:10DCF000BDE810400DF04CBA9C370020843700205E
:10DD00001C3700207436002098000020024B034886
:10DD100001221A700DF0EEB99C37002074360020F5
:10DD20000C4B0D4810B500241C700DF0E3F90B4BA3
:10DD30001C700B4C20460DF0DDF90A4B1B684FF4AC
:10DD40007A71204659430DF05DFA2046BDE8104037
:10DD50000DF01EBA9C370020843700201C370020AD
:10DD6000743600209800002010B5084C20460DF0B5
:10DD7000C1F9074B1B684FF47A71204659430DF0E7
:10DD800041FA2046BDE810400DF002BA743600207A
:10DD90009800002008B504280AD8DFE800F00F0337
:10DDA000110D07000123074A137008BD0823FAE785
:10DDB00003211220FDF7AAFA0723F4E70023F2E774
:10DDC0000523F0E7180000204138034B18BF01205D
:10DDD00040005870704700BF180000200138042828
:10DDE00010D8DFE800F00307090B0D000123064AF5
:10DDF000137170470223FAE70323F8E70423F6E7D9
:10DE00000523F4E70023F2E71800002038B540F2BC
:10DE10009B1401252046FDF747FA013021D1294600
:10DE20002046FDF773FA601C012180B2FDF76EFAFF
:10DE3000A01C042180B2FDF769FAE01C002180B229
:10DE4000FDF764FA201D012180B2FDF75FFA601D25
:10DE5000012180B2FDF75AFAA01D122180B2FDF710
:10DE60006BFA0B34A4B240F2772301359C42EDB239
:10DE7000D0D138BD70B5154694B004460E4620206A
:10DE8000D1B2FDF743FA6B1E5D425D41104BE1B22A
:10DE900018201D70FDF73AFA621E544254410423C3
:10DEA00068468DF800308DF8044005F021FAF1B293
:10DEB0000F290AD81C20FDF729FA1F230AA88DF87C
:10DEC00028308DF82C6005F013FA14B070BD00BF37
:10DED0007D00002038B59020FDF70AFA48F682430D
:10DEE0001E38984203D91E219020FDF725FA042000
:10DEF000FDF7FEF9864BA0F13C029A42854B40F2B9
:10DF0000E8804FF4616104201960FDF715FA0020E4
:10DF1000FDF7EEF9804BA0F59660984204D94FF4D6
:10DF200016510020FDF708FA0C20FDF7BDF9C0B22C
:10DF3000022803D900210C20FDF7E8F91220FDF793
:10DF4000B3F9C3B2042B04D912200321FDF7DEF983
:10DF50000320FFF71FFFFFF759FF1420FDF7A4F977
:10DF6000C0B2A0F14103022B6C4C00F2B480FFF769
:10DF70002BFF6B490822C820FDF7A4F9D22069497C
:10DF80001022FDF79FF91020FDF78EF9002800F010
:10DF9000B680012803D001211020FDF7B7F9022334
:10DFA000614A18201370FDF77FF930B1012803D0C2
:10DFB00001211820FDF7AAF90120A0701C20FDF70F
:10DFC00073F9C0B20F2800F29C80FFF707FF2020F2
:10DFD000FDF76AF9012805D018B100212020FDF7CE
:10DFE00095F90020514B18706420FDF75DF9044647
:10DFF000E4B26520FDF758F9012C03D80138C0B20E
:10E00000012813D900216420FDF780F90121652042
:10E01000FDF77CF900216720FDF78EF900216B20C8
:10E02000FDF78AF91E216F20FDF786F97820FDF7AC
:10E030003BF90446E4B27920FDF736F9012C03D808
:10E040000138C0B2012813D900217820FDF75EF90C
:10E0500002217920FDF75AF900217B20FDF76CF9A8
:10E0600000217F20FDF768F91E218320FDF764F968
:10E070008720FDF719F905468820FDF715F9EDB25F
:10E0800004468920FDF710F9012D06D8023CE4B2C0
:10E090000A2C02D8C0B202280BD900218720FDF734
:10E0A00035F902218820FDF731F902218920FDF799
:10E0B0002DF96420FDF7F8F87820FDF7F5F88720B2
:10E0C000FDF7F2F8431E58425841194B18700020D2
:10E0D00038BD18601BE743211420FDF717F9022310
:10E0E0000F4963700822C820FDF73CF90D49102242
:10E0F000D220FDF737F90A20F8F770FF39E701233E
:10E100004EE700211C20FDF701F9002323715EE793
:10E11000435101009800002050BD0100180000206C
:10E120008E0000207E0000207C0000207D0000206A
:10E130009C370020F8B58720FDF7B6F80546882003
:10E14000FDF7B2F8184F0026044618483E700CF050
:10E15000D1FF174B17481E70302231460DF0BCFC22
:10E160001548302231460DF0B7FC012D1AD1E4B22A
:10E17000A31E0A2B16D89020FDF7BAF8B0F5616FF0
:10E1800028BF4FF461601E2838BF1E200B4B4FF490
:10E190007A71414305481C700DF034F803480CF0C7
:10E1A000F7FF3D70F8BD00BF1C370020843700200A
:10E1B0008137002050370020203700208037002092
:10E1C0000C4BA0F13C029A4210B5044610D801460F
:10E1D0000420FDF7B1F8084B1C60FFF7C5FD872050
:10E1E000FDF762F8012803D1BDE81040FFF7A2BF98
:10E1F00010BD00BF44510100980000202DE9F04FF0
:10E2000085B004460393431E012B0E9E9DF83C707F
:10E2100002920D465AD8CBB2022B28BF0025012806
:10E220000CBF6F23832301932A4BA6F105020BBF7A
:10E230004FF06B084FF07F084FF067094FF07B09F4
:10E240000BBF4FF0650B4FF0790B4FF0640A4FF0A6
:10E25000780A9A4288BF1E26012F27D1FFF732FD88
:10E260008720FDF721F8012805D100218720FDF73F
:10E270004DF8FFF75FFFE9B25846FDF747F839461A
:10E280005046FDF743F802994846FDF755F80399C3
:10E290004046FDF751F801983146FDF74DF8012C45
:10E2A0000FD105B0BDE8F04FFFF7C4BC01280CBF8B
:10E2B00078206420FCF7F8FF0128DCD0FFF730FD60
:10E2C000D9E705B0BDE8F04FFFF7D2BC05B0BDE817
:10E2D000F08F00BF7B5101000C29A8BF0C21F8B5BD
:10E2E0000229C3B2B8BF0221032B044634BF04463F
:10E2F0000224012A17460D461DD100216420FDF796
:10E3000005F800217820FDF701F8124B00221A7061
:10E310005A70FFF7FBFCE1B28920FCF7F7FFE9B286
:10E320008820FCF7F3FF39468720FCF7EFFFBDE8B4
:10E33000F840FFF7FFBE6420FCF7B6FF06467820E2
:10E34000FCF7B2FF012EE6D00128E4D0FFF7E8FC8D
:10E35000E1E700BFE43600202DE9F04FB14D2B7806
:10E3600089B0002B00F01081AF4EB04B32781B7893
:10E37000083A0D2A00F20681DFE812F0090248028D
:10E38000B500040167026A0104010B010E001800C8
:10E390005000620076009900032B40F2F380A44BFA
:10E3A000186800BAFFF70CFF002412E0002B00F001
:10E3B000E9809F4B1C2093F90070FCF775FF044621
:10E3C0002020FCF771FF214602463846FFF752FD38
:10E3D00001240027974B32781A70974B97481F708B
:10E3E000974B01261E700CF085FE944841F288314F
:10E3F0000CF008FF91480CF0CBFE002C00F0C2801E
:10E40000904B91481E700CF075FE42F228318E48F8
:10E410000CF0F8FE8C480CF0BBFEB3E0002B00F0D3
:10E42000B1801820FCF740FF04461C20FCF73CFF9D
:10E430007F4B014693F900202046FFF71BFDB3E711
:10E44000022B40F29F807A4B93F9011093F902203E
:10E4500093F900000C29A8BF0C210729B8BF072198
:10E46000C1F10C0149B2B1E7082B40F28B80704C2E
:10E47000A0882778C0BAF7F701FA7449F7F706FBC6
:10E4800080466088C0BAF7F7F9F97049F7F7FEFAE5
:10E49000237A0193E18849BA89B2009194F9011075
:10E4A000024643463846FFF7A9FE002492E7022BB6
:10E4B00068D9042B5E4C0ED9B4F8031049BA89B25E
:10E4C000B1F5616F28BF4FF461611E2938BF1E216D
:10E4D0009020FCF731FFA27894F9011094F9000024
:10E4E000FFF7FAFE60E7072B4CD9514B1A78DE880C
:10E4F0005F7893F8028093F8039093F804A093F860
:10E5000005B0531E76BA132BB6B240D802EB820484
:10E5100002EB440404F5C8731146184607920693AB
:10E52000FCF7F4FE394604F29110FCF7EFFE414689
:10E5300004F5C970FCF7EAFE494604F29310FCF7B3
:10E54000E5FE514604F5CA70FCF7E0FE594604F2B8
:10E550009510FCF7DBFE314604F5CB70FCF7ECFEC2
:10E56000069B1846FCF7A0FE079A811A18BF0121E6
:10E57000CDE903B6CDE9019ACDF800803B460A20EB
:10E58000FEF78AFD00232B7009B0BDE8F08F012152
:10E59000EEE7002BF6D0264B1C78631E132B38D8E1
:10E5A00004EB840304EB430404F5C870FCF77CFE21
:10E5B000824604F29110FCF777FE834604F5C97099
:10E5C000FCF772FE074604F29310FCF76DFE8046DE
:10E5D00004F5CA70FCF768FE814604F29510FCF75A
:10E5E00063FE064604F5CB70FCF782FE5FFA89F302
:10E5F00080B2F6B20293FFB25FFA88F301930490FF
:10E60000039600975FFA8BF35FFA8AF200210F20DE
:10E61000B6E70023CDE90333CDE9013300931A4671
:10E620000221F4E7C9360020C8360020B7360020A2
:10E63000B8360020B6360020B5360020CC36002093
:10E64000B4360020993600209C3600200000C842D5
:10E65000052B97D9934890F80280C4788188477831
:10E660000078B8F1020F34BF0126022649BA14FB24
:10E6700006F23B46D2B289B2FEF770FF8A494A6879
:10E680000D234FF0020C0B7082F800C04A6882F82C
:10E6900001C04A6893704B680022DA70002871D17B
:10E6A0007B1E4FEA4812012BD1F804C0D2B224D805
:10E6B0007E4BDFF8FCE11B7803F01F042243DE1CD5
:10E6C0008CF80420F6B203225400E4B204F1FF3CBB
:10E6D00096425FFA8CFC05D158000530C0B2FEF7B7
:10E6E000B3FC4FE74F6807F80C00571C1EF802C038
:10E6F0004A6802F804C0FAB2E6E704F01F031A43BE
:10E700008CF80420DFF8A8C18646032305205FFAB1
:10E710008EF2A242E3D2D1F804A01CF803B00AF8AA
:10E7200000B003F102085A1C871C00F10109022EF7
:10E730005FFA88F8D2B2FFB25FFA89F91CD11CF8EF
:10E7400002A04A6802F809A04A681CF8088002F88A
:10E75000078003F104080333DBB2071D03301CF804
:10E7600003204B68C0B25FFA88F81A54FFB20EF16A
:10E77000010E43463846CAE74B681CF8022003F8EE
:10E780000920F4E74B68E0221A710520A7E7052B62
:10E790007FF6F8AE434B5C7859881E7849BA012C55
:10E7A0008FB22DD1B3F80480052398FAB8F8394612
:10E7B000009442463046FFF71FF83B4B08215A6849
:10E7C00019704FF0020C82F800C05A6882F801C03C
:10E7D0005A6891705968003818BF0120C8705A688B
:10E7E00016715A6854715A68390A91715A68D7710A
:10E7F0005B684FEA18221A7283F809800A206EE7D4
:10E80000D3F804800F2398FA88F8D0E7052B7FF619
:10E81000B9AE244B5C7859881E7849BA012C8FB266
:10E820000DD1B3F80480062398FAB8F8394600945D
:10E8300042463046FEF7E0FF1B4B0921BFE7D3F805
:10E840000480102398FA88F8F0E7022B7FF69AAE3E
:10E85000144B1C889E7864BA022EA4B203D83146A9
:10E860000C20FCF753FDB4F5966F19D32146002018
:10E87000FCF762FD00220C4B5F680C21022019702E
:10E8800038705F687870586881705968CA705A68C3
:10E89000210A11715A6854715B6807209E711EE746
:10E8A0000122E8E7B83600200C000020DE3400200A
:10E8B000EF3400202DE9F74F8920FCF7F5FCC3B2B7
:10E8C000032B06464FF0080028BF0026FCF710FD7A
:10E8D0007B4B7C4C1D784FFA80F8032368462370ED
:10E8E0000CF02AF9009F122F38BF1227022EA7F131
:10E8F000120740F0A380636808F1FF3C1D70636855
:10E90000DCF1000242EB0C025A7063684FF0000920
:10E9100083F8029001214046D4F804A0FEF742FC9F
:10E9200031468AF803004046D4F804A0DFF8988105
:10E93000FEF738FC4A468AF8040005236668D1B21F
:10E9400003F1010E03F1020CD81C1E448D4203F1A9
:10E9500004035FFA8EFE5FFA8CFCC0B2DBB244D8CF
:10E96000AA00D2B2511DC9B2DFF860810B464FF048
:10E97000000C60685FFA8CF603F1010A03F10209EA
:10E9800003F1030E00EB030BB54203F104035FFA3E
:10E990008AFA5FFA89F95FFA8EFEDBB239D80A4447
:10E9A000D5B263684748FF225A556B1C6268DBB2D8
:10E9B000390ED154AB1C6268DBB2390CD154EB1C5C
:10E9C0006268DBB2390AD1542B1D6268DBB20535AF
:10E9D000D75401210022657002F056F800286CD04F
:10E9E00003B0BDE8F04FFFF7A5BB58F8041B4FEA92
:10E9F000116986F8009066684FEA114906F80E9092
:10EA000066684FEA112E06F80CE066680132315450
:10EA100094E758F8040B060E8BF8006066684FEA1E
:10EA2000104B06F80AB066684FEA102A06F809A0EB
:10EA300066680CF1010C06F80E009AE7636808F1AD
:10EA4000FF301D706368424242415A706368711C16
:10EA5000C9B2997040466668DFF86C80FEF7A2FB89
:10EA60000021F07004236668CAB203F1010E03F1BD
:10EA7000020CD81C1E44954203F104035FFA8EFE7B
:10EA80005FFA8CFCC0B2DBB203D80135AD00EDB249
:10EA900087E758F8042B4FEA126986F800906668F9
:10EAA0004FEA124906F80E9066684FEA122E06F8F1
:10EAB0000CE0666801313254D5E703B0BDE8F08F51
:10EAC000803700200C000020503700202037002025
:10EAD0002DE9F04F724CDFF8CC91636801220225DA
:10EAE00025701A706368002289B05A704FF4CE778F
:10EAF0003846FCF7D9FB0390781C80B2FCF7D4FBB6
:10EB00008346B81C80B2FCF7CFFB8246F81C80B26B
:10EB1000FCF7CAFB8046381D80B2FCF7C5FB0190AC
:10EB2000781D80B2FCF7E4FB6B1C0293BAF1010F75
:10EB30009DF808602BD06368C0225A550B37BFB2CE
:10EB4000B7F51E7F3546D3D106A80BF0F5FF6268F6
:10EB5000069BFF215155122B38BF12236A1C616896
:10EB6000123BD2B2180E8854AA1C6168D2B2180C9B
:10EB70008854EA1C6168D2B2180A88542A1D616858
:10EB8000D2B205358B54657009B0BDE8F08F5FFADD
:10EB900088F8B8F1020F34BF012302230293029ACE
:10EBA0005FFA8BF39DF804B012FB0BF2D2B281B284
:10EBB0009DF80C00CDE90423FEF7D0FCDDE9042329
:10EBC00030B16368E0225A553220F8F707FAB5E70A
:10EBD000013B012B4FF0020327D8334A127813FB75
:10EBE00002A32B44EB2BAFD8616802F01F0343EA6A
:10EBF00048134B5586463346C1B201F1030C5D1CE8
:10EC00008A425FFA8CFCEDB203D806EB4202D6B220
:10EC1000DAE7616801F803E0616819F80CC001F8EF
:10EC200005C00233DBB20130E6E7691C13FB0213B7
:10EC3000EB2B89D8019B626803F01F0343EA48135A
:10EC400053550323C2B206F1010C93455FFA8CFCC5
:10EC5000BAD9626819F8031091555D1CEDB2991C80
:10EC600019F805E0656805F80CE0029DB21C022D5C
:10EC7000C9B2D2B20FD119F8015061688D54191D73
:10EC80000333DBB2321D033619F803506368F6B262
:10EC9000C9B29D55D2B201300B461646D2E700BF2D
:10ECA0000C000020EF340020DE34002070B5082076
:10ECB000FCF71EFB06463420FCF71AFB05463820FD
:10ECC000FCF716FB012E044613D1691E4A424A4145
:10ECD00040214FF09040F9F723FD012E0BD1631E28
:10ECE0005A425A41BDE8704020214FF09040F9F758
:10ECF00017BD0022ECE70022F4E700007FB50024F6
:10ED00000394F7F7DBFBFFF7D1FF012210217E48C8
:10ED1000F9F706FD4FF44870F8F760F92246102124
:10ED20007948F9F7FDFC4FF49670F8F757F901228E
:10ED300010217548F9F7F4FC4FF44870F8F74EF9D4
:10ED4000224671481021F9F7EBFC03A9204602F096
:10ED5000DBF803A9012002F0D7F86C4B6C48009453
:10ED600022464FF4FA710CF067F96A4B6A48009436
:10ED700022464FF4FA710CF05FF9684B6848009432
:10ED800001224FF4FA710CF057F9664B6648009473
:10ED900022464FF42F610CF04FF963480CF0F8F95C
:10EDA0002046F7F765FA08B1F7F70AFCFFF792F883
:10EDB0005E4B0094002243F698215D485D4E0CF0B6
:10EDC0003BF95D4A00214FF480600CF01BF95B4B6E
:10EDD000009400224FF4FA6159480CF02DF9594A79
:10EDE000002101200CF00EF9574A002102200CF0FE
:10EDF00009F9564A002104200CF004F9544A002174
:10EE000008200CF0FFF8534A002180200CF0FAF89B
:10EE1000514A002110200CF0F5F8504A0021202022
:10EE20000CF0F0F84E4A002140200CF0EBF84D4A6F
:10EE300000214FF480700CF0E5F84B4A00214FF4AC
:10EE400000700CF0DFF80094484B4948002241F272
:10EE500088310CF0F1F80022464B009442F2283140
:10EE600045480CF0E9F800F007FD4FF08071434889
:10EE700002F00CF8424801F04BFF29480CF088F9E9
:10EE8000404B0121187801F095FD3F4900943F4B1C
:10EE900009683F4800220CF0CFF86F20FCF728FAF1
:10EEA000A0F11E030024B34288BF3C204FF47A75C2
:10EEB00005FB00F12246374B009437480CF0BCF8B4
:10EEC00035480CF065F98320FCF712FAA0F11E0317
:10EED000B34288BF3C2005FB00F122462F4B009433
:10EEE0002F480CF0A9F82E480CF052F92D4B009445
:10EEF000012229462C480CF09FF843F69820FDF794
:10EF0000B5FF04B070BD00BF0004004857D500082D
:10EF10005035002059D50008383500202DD4000880
:10EF200020350020C5CD000808350020BBCD0008E5
:10EF3000A03700206251010051D70008EDD1000830
:10EF40005C360020C908010841F6000845D00008D9
:10EF500001D0000859E300080DF5000825F5000868
:10EF600049F1000861D20008C1CE0008B1CD000807
:10EF7000CC36002045D200089C360020300000200E
:10EF8000180000207C000020140000200DCE000896
:10EF900074360020A1CD00080437002099CD000868
:10EFA000EC36002091CD000884370020012838B5C8
:10EFB0000A4635D002283AD11E4C2021012A32D0EF
:10EFC000023A012A33D80A2500224FF09040F9F77F
:10EFD000A7FB2846F8F702F800212046FEF792F832
:10EFE000154904461548FEF78DF840F6E443E0B1B4
:10EFF000134AB2F8AA505D43B5FBF0F5A5F6B83256
:10F00000B2F5167F88BF1D46FFF750FE05FB04F0E2
:10F0100000F2726040F6E443B0FBF3F080B238BD1A
:10F02000084C4021CAE73225CFE71D46ECE7002017
:10F03000F5E700BF4000001804FFFF03002000B404
:10F040000075FF1F1000001038B50446013CE4B203
:10F05000012C0D4610463DD8F6F70CFC012D15D1BC
:10F060001D4B53F82410F6F75DFC1C4B53F824108D
:10F07000F6F750FB00210446F6F7F2FD50BB1849A5
:10F080002046F6F70BFE18BB204638BD154B53F84B
:10F090002410F6F747FC144B53F82410F6F73AFB0C
:10F0A00000210446F6F7DCFD70B910492046F6F75A
:10F0B000F5FD58B9032DE7D10D492046F6F7EEFDD1
:10F0C00040B14FF07E54DFE70024F3E7074CF1E74F
:10F0D000034CD9E70024D7E7A8D70108A0D7010837
:10F0E0000000C841B8D70108B0D70108000030417E
:10F0F0006666E63F38B504460D46FFF757FF2946DA
:10F1000002462046BDE83840FFF79EBF37B50128CC
:10F110004FF000050C4601950DD101290CBF34209C
:10F120003820FCF7E5F8C1B22046FFF7E3FF019075
:10F13000019803B030BD01A92046FEF783FA0028EC
:10F14000F6D00195F4E700002DE9F047234D2B7828
:10F15000002B41D0224F234E3A7833789A423BD24B
:10F160008920FCF7A1F8C3B2032B044638BF04463C
:10F170004FF0080028BF0024FCF7BAF8022CDFF893
:10F1800068A04FFA80F81ED101214046FFF7BEFF6C
:10F19000214681464046FFF7B9FF3B78134A4AF8BB
:10F1A000239042F823003B7832780133DBB29A4255
:10F1B0003B7011D80E480BF09DFF00232B70BDE86B
:10F1C000F047FFF777BB611CC9B24046FFF79EFFCF
:10F1D0003B784AF82300E6E7BDE8F0871C370020BB
:10F1E0008137002080370020503700202037002052
:10F1F00084370020013070B5C5B208200E46FCF7F8
:10F2000077F8012804460FD1012D0CBF3420382097
:10F21000FCF76EF8C1B24B1E022B0BD82846FFF745
:10F2200069FF3060002070BD31462846BDE870405F
:10F23000FEF708BA2046F6E72DE9F04F87B00446FE
:10F240000846BDF8407016461D46FCF72DF801280B
:10F25000834640F0BE803046FCF726F80646284636
:10F26000FCF746F880463846FCF742F8F6B2012E25
:10F27000074600F2AE80002303A930460393FFF750
:10F28000B9FF38B1012C40F0A78007B0BDE8F04FBE
:10F29000FEF7D0BCDDF80C9041464846F6F7E0FC9E
:10F2A00040B939464846F6F7F9FCB0F1000B18BFF3
:10F2B0004FF0010B651EDFF838A2EDB21AF80530E9
:10F2C000002B40F0A980BBF1000FDBD04FF002090A
:10F2D0004FF0010B4FF4A570F7F780FE002304A94F
:10F2E00030460493FFF786FF88B9049B019341469B
:10F2F0001846F6F7B5FC20B901983946F6F7CEFC6A
:10F3000018B10BF1010B5FFA8BFB019B0393B9F171
:10F31000010F66D1BBF1020FB4D904A80AF8059019
:10F320000BF00AFC049B73490398122B38BF12237D
:10F33000A3F1120BF6F7F6FAF6F7BAFC6D49019055
:10F340004046F6F7EFFAF6F7B3FC6A4980463846CE
:10F35000F6F7E8FA684FF6F7ABFC04223A707A68E1
:10F36000019B14707A6856707A6882F802907A6805
:10F370001912D1707A6813717B684FEA28225A718A
:10F380007B6883F806807B68DFF870810212DA718F
:10F390007B68FF225A724FEA1B629A724FEA1B4245
:10F3A0001872DA7208204FEA1B221A7383F80DB024
:10F3B000FBF79EFF411E7B684842484198730F232C
:10F3C0007B7098F8003003F0FF066BB14C4B03F8EC
:10F3D000059007B0BDE8F08F07B0BDE8F04FFEF72D
:10F3E00047BC4FF0010975E732464946384688F870
:10F3F000009001F049FB28B9424B03F80590424BBD
:10F400001C70E6E788F8006020460AF8056007B03F
:10F41000BDE8F04FFDF73CBDBBF1000F7FF432AF0C
:10F4200004A80AF805B00BF087FB049B3149122BA6
:10F4300038BF1223123B48460193F6F773FAF6F7EA
:10F4400037FC2C4981464046F6F76CFAF6F730FC5B
:10F45000284980463846F6F765FA274FF6F728FC24
:10F4600004223A707A68019B14707A6856707A6840
:10F4700082F802B07A684FEA2921D1707A6882F85E
:10F4800004907A684FEA282151717A6882F80680E0
:10F490007A68DFF868800112D1717A68FF215172B1
:10F4A000190E9172190CD172190A107253731173DB
:10F4B0000820FBF71DFF421E7B68504250419873A5
:10F4C0000F237B7098F800301BB10D4B02225A5568
:10F4D0007FE701265A463146384688F8006001F039
:10F4E000D3FA10B9074B5E5589E788F800B08BE76F
:10F4F000E43600200000C8420C000020E83600205E
:10F50000E6360020EA360020E936002007B56B23F6
:10F5100000936522672364210120FFF78DFE03B06D
:10F520005DF804FB07B57F23009379227B237821C4
:10F530000220FFF781FE03B05DF804FB7047000076
:10F540002DE9F3413420FBF7D3FE05463820FBF7C5
:10F55000CFFE394C02232370636880460120187067
:10F560006368EDB258706B1E022B5BD82946FFF71B
:10F57000C1FD00210646F6F773FB00B100262F49B6
:10F580003046F6F7CFF9F6F793FB63689D70636832
:10F590000212DA706368052618715FFA88F808F1BC
:10F5A000FF33022B06F1010541D841460220FFF747
:10F5B000A1FD00210746F6F753FB00B100271F49C4
:10F5C0003846F6F7AFF9F6F773FB636803F8068081
:10F5D000636802125A55F51C6368023698556368D1
:10F5E000FF225A5568460BF0A7FA009B6168122B60
:10F5F00038BF12236A1C123BD2B2180E8854AA1CC0
:10F600006168D2B2180C8854EA1C6168D2B2180A38
:10F6100088542A1D6168D2B205358B54657002B0DA
:10F62000BDE8F081636800229A700326B5E763683D
:10F6300000229A55D3E700BF0C00002000007A4456
:10F6400008B50B4B1B788BB90820FBF751FE01283E
:10F6500009D1FFF775FF074B074819780022BDE86D
:10F66000084001F011BAFFF733FAF4E708BD00BF14
:10F67000E83600207D0000200C00002008B508209E
:10F68000FBF736FE012820D1FFF75AFF164B17482B
:10F690001978002201F0F8F9154B164802221A7069
:10F6A000154B00221A70154B1B788BB90BF022FDFD
:10F6B000134B10481B684FF47A7159430BF0A2FDAD
:10F6C000BDE808400B480BF063BDFFF701FADDE72A
:10F6D0000BF010FD8720FBF7E7FD012803D1BDE803
:10F6E0000840FEF727BD08BD7D0000200C0000206B
:10F6F000BC370020743600209C0000209C3700207E
:10F70000980000202DE9FF413D4B1B7804460BB1CA
:10F71000FDF7D6FB3B4E337803B3C4B12378B3B1C6
:10F72000227A012A13D1637AA3B1374B374893F970
:10F7300000300293364BB3F90030019394F90A304C
:10F740000093237CE168FBF787FE0023337004B04D
:10F75000BDE8F0812F48FBF77FFEF6E72E4B1B78C4
:10F7600033B18720FBF7A0FD012801D1FEF7E2FCB1
:10F77000002CECD02378002BE9D0237A012BE6D1A2
:10F78000264B1A78012A06D1227C052A03D10222AF
:10F790001A70FFF773FF237C042B1DD1DFF88080E4
:10F7A00098F80030C3B15D1E1E4AEDB20027012B50
:10F7B00057551ED1FEF73EFA1B4B1C4A1F70B5FA77
:10F7C00085F35B0988F80070D15C29B1D7549DB1ED
:10F7D000002110200BF05AFB3378002BB7D0637A4E
:10F7E000002BB4D10B48337004B0BDE8F041FBF7F7
:10F7F00033BEFEF73DFADFE729462020EAE700BFE7
:10F80000DD340020903600208C3600202CD70108F3
:10F810008E3600207ED601089C370020BC370020A1
:10F82000E9360020EA360020E8360020E6360020DF
:10F8300008B50820FBF75CFD01280CD1FFF780FE1E
:10F8400009480022012101F01FF938B90748BDE835
:10F850000840FBF701BEFFF73BF9F1E7044B054811
:10F8600000221A70F3E700BF0C0000208AD70108BD
:10F870009036002096D70108044B0022C3E90222EB
:10F880001A6040F2A3125A60704700BFC0370020D0
:10F8900000487047C037002010B50446F5F770FCEB
:10F8A000214682B2BDE810400148C823FBF718BAD0
:10F8B0001802002030B521F003010E4D034601442B
:10F8C0004FF0FF308B4200D130BD9A785C78120443
:10F8D00042EA04221C782243DC7842EA0462504067
:10F8E000202200284FEA4000B8BF6840013AF8D112
:10F8F0000433E7E7B71DC1042DE9F04F3D2193B074
:10F900000CF0F2F8044628B9734813B0BDE8F04F84
:10F91000FFF7C2BF00210A2201300BF027FF2C2184
:10F92000054620460CF0E0F80028EDD0102200211A
:10F9300001300BF01BFF6B1EB3F5E83F009002D2C5
:10F9400015F0030701D06548DFE7654E65480123E0
:10F950004FF4E8313370F6F78BFD30B16248FFF7B2
:10F960009BFF377013B0BDE8F08F6048DFF880B1BF
:10F97000FFF792FFBA463C46B846A5EB0809B9F135
:10F98000F40F28BF4FF0F4095A484FF47A631FFA76
:10F9900089F20BEB0401FBF7F5F9019020B1564811
:10F9A000FFF77AFF002312E04C44B4F5006FC8441F
:10F9B00019D30AF100604FF40062594600F508308F
:10F9C000F6F75CFC28B14D48FFF766FF019B3370EA
:10F9D000C8E74B49A4F500642246A1F500600AF58A
:10F9E000006A0CF05FF8474A4346302106A80BF046
:10F9F00089FF06A8FFF750FF4545BED8B4B1FF23E5
:10FA000014F007080ED10AF100603949224600F5CA
:10FA10000830F6F733FC48B13848FFF73DFF86F869
:10FA200000809FE70BF804300134E9E73022002121
:10FA300006A80CF051F8DFF8BC80002464230122F2
:10FA400002A94046FBF79EF990B99DF8082004F101
:10FA50004801631C0DEB01040A2A04F8302C0DD177
:10FA6000294906A80CF04DF8044650B1274897E7FD
:10FA70000137322FF4D823461C46DFE72F2BFBD16A
:10FA8000EEE718482946FFF715FF009B984204D07F
:10FA90001F48FFF701FF347064E71E4B1E48CDE995
:10FAA0000235009B04934FF4006101230593F6F7A0
:10FAB000DFFC08B1194873E71748102202A9F6F7CE
:10FAC000DDFB0028F6D11648FFF7E6FEC820F7F761
:10FAD00085FAF8F7D5F945E7C0D70108D3D701086B
:10FAE000C440002000200208E4D70108F6D701082E
:10FAF000D03700201802002003D8010817D80108C9
:10FB0000D03F002029D8010837D8010843D8010880
:10FB100052D801083143414D00F0030862D8010872
:10FB200073D80108F7F712B9F7F752B9F7F78AB99E
:10FB3000F7F78AB9F7F78AB9F7F78AB910B510223B
:10FB400004460021F13009F041F80021C4F81411F5
:10FB50002046F022BDE8104009F038B802460846B9
:10FB6000102100F0A5B92DE9F0430446D0F81401A6
:10FB700085B00E46154604F2011988B3C0F110088D
:10FB80009045474628BF1746BAB2484409F00AF8DC
:10FB9000D4F814313B440F2BC4F814312DD9A845A7
:10FBA0002BD204F1F00304F5807113F8012F187CB7
:10FBB0008B4282EA00021A70F7D104F1F108102298
:10FBC0004146684608F0EEFF22466946684600F066
:10FBD000F1F910226946404608F0E4FF3E44ED1B6F
:10FBE00004F5807804F1F107102D09D8AAB2314646
:10FBF000484608F0D7FFC4F8145105B0BDE8F083BB
:10FC000004F1F003711E13F8012F11F8010F4345A1
:10FC100082EA00021A70F6D110223946684608F0CE
:10FC2000C1FF22466946684600F0C4F910226946C1
:10FC3000384608F0B7FF1036103DD5E7F0B589B06B
:10FC40000C46102200210546684608F0BFFF2246F8
:10FC50006946684600F0AEF99DF90030002B6A460F
:10FC60004FF0000143DA137812F8010F01315B0005
:10FC700043EAD0130F2902F8013CF4D19DF80F306C
:10FC80005B0083F08703D4F81401DBB210288DF8F1
:10FC90000F303BD104F58073694604F5887013F882
:10FCA000016F11F8012B984282EA06021A70F6D110
:10FCB00004F1F00304F5807113F8012F187C8B42D6
:10FCC00082EA00021A70F7D110220DEB020004F153
:10FCD000F10108F067FF2246294604A800F06AF9FE
:10FCE00010220021684608F071FF09B0F0BD1378BA
:10FCF00012F8010F01315B0043EAD0130F2902F81B
:10FD0000013CF4D19DF80F305B00BCE79DF9003059
:10FD1000002B6A464FF0000137DA137812F8016FB2
:10FD200001315B0043EAD6130F2902F8013CF4D1FC
:10FD30009DF80F305B0083F08703471CDBB28DF822
:10FD40000F30102F04EB0003C0F10F064FF08002BC
:10FD500088BF002600F5817083F80121002132461A
:10FD600020443E440BF0B8FEC4F8146104F58073DF
:10FD7000694604F5887013F8016F11F8012B984259
:10FD800082EA06021A70F6D192E7137812F8016F30
:10FD900001315B0043EAD6130F2902F8013CF4D18C
:10FDA0009DF80F305B00C8E70A7803785340037072
:10FDB0004A784378534043708A78837853408370FD
:10FDC000CA78C3785340C3700A79037953400371EA
:10FDD0004A794379534043718A79837953408371D7
:10FDE000CA79C3795340C3710A7A037A53400372C4
:10FDF0004A7A437A534043728A7A837A53408372B1
:10FE0000CA7AC37A5340C3720A7B037B534003739D
:10FE10004A7B437B534043738A7B837B534083738A
:10FE2000CA7BC37B5340C373704710B50B781478FB
:10FE30006340037054784B786340437094788B78B8
:10FE400063408370D478CB786340C37014790B79A6
:10FE50006340037154794B796340437194798B7992
:10FE600063408371D479CB796340C371147A0B7A80
:10FE700063400372547A4B7A634043728B7A947A6C
:10FE800063408372D47ACB7A6340C372147B0B7B5A
:10FE900063400373547B4B7B63404373947B8B7B46
:10FEA00063408373CB7BD27B5340C37310BD000090
:10FEB000A1F11003DBB2102B2DE9F047044604D862
:10FEC0003A4820FA03F3DB0705D4002382F8F03028
:10FED000FF20BDE8F087561E254615F8013B06F8C1
:10FEE000013F631B0B4413F0FF00F6D101F11C032B
:10FEF0009B005FFA83FCC3F30313013BDFF8B09070
:10FF000082F8F030884653184FF0010EB8FBF1FA32
:10FF100001FB1A8A1AF0FF0A13F8047C13F8036C29
:10FF200013F8025C13F8014C30D119F806A019F847
:10FF3000056019F8045019F807404FEADE1707EB7F
:10FF400047078EEA0A0A07EBC7074FEA4E0EFFB2D1
:10FF50005FFA8EFE87EA0E0E574692F800A087EAF7
:10FF60000A071F7057787E405E70967875409D70C6
:10FF7000D57808F104085FFA88F86C40C445DC7055
:10FF800002F1040203F10403C0D8A2E71829E4D95E
:10FF9000BAF1100FE1D1DFF818A01AF807701AF8BB
:10FFA00006601AF805501AF80440D6E7010101006E
:10FFB0007DDA01082DE9F04FA3B092F8F0301D91E1
:10FFC0001B920193002B00F0538101461EA8FFF7FE
:10FFD0002CFF1B9BA74CA84DA84E10330293002367
:10FFE00003939DF87C0004909DF886000590205CAA
:10FFF00006909DF87B000790205C089004989DF87F
:020000040801F1
:1000000081C0205C099014F80C000A909DF88000D3
:100010000B909DF885009DF878809DF87DE09DF817
:1000200082A09DF887900C909DF87A00029B1C930B
:1000300014F80A2014F8093014F8081014F80E7097
:100040000D90205C0E909DF87F000F90205C10902A
:100050000B98205C11900C98205C12909DF8840005
:1000600013909DF8790014909DF87E001590205C07
:1000700016909DF883001790205C18901398205CD0
:1000800019901498205C1A900398013003900298FC
:10009000DDF804B0103002909DF80C00834536D88E
:1000A0008DF878108DF87A2009990E9A8DF87C10C9
:1000B0008DF882201199069A8DF880108DF87E2097
:1000C0001999169A8DF884108DF886200A99189A35
:1000D0008DF87D108DF887201299109A8DF87B305D
:1000E0001B9B8DF881108DF883201A99089A1D9812
:1000F0008DF885108DF87F201EA903EB0B128DF86B
:100100007970FFF792FE002023B0BDE8F08F15F85C
:1001100008B082EA03008BEA000016F80EB080EA0D
:100120000B008DF8780015F80E004B40434016F890
:100130000A0043408DF8793081EA070315F80A1068
:10014000594016F80930594016F808308DF87A10E1
:100150007A40534015F8092053408DF87B30089AB7
:10016000069B5340049AAA5C534016F80C20534057
:100170008DF87C30DDE908325A4015F80C305340D8
:10018000059AB25C53408DF87D30DDE909325A4062
:10019000059BEB5C5340079AB25C53408DF87E3070
:1001A000069B0A9A5340049AB25C5A40079BEB5C48
:1001B0005A408DF87F200E9B109A53400B9AAA5CF0
:1001C00053400C9AB25C53408DF88030DDE9103218
:1001D0005A400C9BEB5C53400D9AB25C53408DF837
:1001E0008130DDE911325A400D9BEB5C53400F9A90
:1001F000B25C53408DF88230129A0E9B53400B9A9A
:10020000B25C5A400F9BEB5C1C995A408DF88320DE
:10021000169B189A5340139AAA5C5340149AB25CE6
:1002200053408DF88430DDE918325A40149BEB5C62
:100230005340159AB25C53408DF88530DDE9193290
:100240005A40159BEB5C5340179AB25C53408DF8B3
:1002500086301A9A169B5340139AB25C5340179AF1
:10026000AA5C1EA853408DF88730FFF79DFDB8E6C5
:10027000FF2049E77DDA01087DD901087DD8010812
:1002800008B538B1044A05491060D82208F08AFC44
:10029000002008BD0220FCE7C8400020ACE40108B3
:1002A0000A4B1A6870B5002302F1180503EB03141A
:1002B0002E5D864204D1183422440A60002070BDAD
:1002C00001330B2BF2D10320F9E700BFC840002017
:1002D0002DE9F041CCB00646DDF8488117461C46B2
:1002E0000D4631B3B8F1000F23D006A8FFF726FC66
:1002F000204601A9FFF7D4FF0446B0B9019906A82A
:100300000131FFF72BFC26B11022314606A8FFF77A
:100310002AFC3A46294606A8FFF725FC06A902A8AA
:10032000FFF78CFC029BC8F8003020464CB0BDE8BB
:10033000F0810224F9E7000030B595B013A9044616
:10034000FFF7AEFF002830D11B4B0C2101FB00F260
:10035000D5189A5CA2422AD1139B1A7C1092DA7BA0
:100360000F929A7B0E925A7B0D921A7B0C92DA7A3C
:100370000B929A7A0A925A7A09921A7A0892DA7940
:1003800007929A7906925A7905921A790492DA7844
:1003900003929A7802925B7801930022AB680093F3
:1003A0001146064B02200BF03BF815B030BD013072
:1003B0000B28CBD1F9E700BFF4DC01087DDB010895
:1003C00010B40B2B019C03D8019410BCFFF780BF25
:1003D000032010BC704730B50D4685B01446014669
:1003E00068B103AA002000922A460390FFF770FF2D
:1003F00018B90398001B18BF012005B030BD0220BA
:10040000FBE72DE9F0430D46BFB014469946804600
:1004100020B31BB311F00F0122D1F02201A808F084
:10042000D5FB20466946FFF73BFF044648B90098D4
:1004300001AA10210130FFF73BFD2E46AF1BFFB292
:100440001EB920463FB0BDE8F08301AA09EB0701C1
:1004500008EB0700FFF7AEFD103EEFE70224F0E7E0
:100460000524EEE7F0B5184E3468024685B008461C
:10047000002304F1180103EB03154F5D97421ED1D1
:100480000D2A05F1190513D10023CDE90033CDE97B
:1004900002330C2210216B46FFF7B3FF044630688D
:1004A00010226946284408F07DFB204605B0F0BDC7
:1004B00001461022601908F075FB0024F5E70133AE
:1004C0000B2BD8D10324F0E7C840002009B1FFF777
:1004D000C9BF022070471FB51446A0B10C2A01D134
:1004E0000B2912D10023CDE90033CDE902330A46AE
:1004F0006B461021FFF785FF18B969462046FFF7C4
:10050000B1FF04B010BD0220FBE70320F9E7F8B506
:100510001E46DDE907479DF818505BB354B34FB34F
:10052000212D29D819462A46204608F03BFB0122F6
:10053000631C691EB018FFF764FFF8B9E37ADB09A2
:100540003B70EBB96319204613F8012C13F8021C19
:10055000120642EA014213F8041C0A4313F8031C72
:10056000012342EA0122291FFFF735FF003818BF97
:100570000120F8BD0220FCE70520FAE70720F8E794
:100580000420F6E710B5044628B1044B5B69984790
:100590002060002010BD0220FCE700BF30E1010810
:1005A00008B5014630B1044B0822186808F0FAFA81
:1005B000002008BD0220FCE7C840002008B530B18B
:1005C000044B0822196808F0EDFA002008BD02204B
:1005D000FCE700BFC84000207FB5124E0023044650
:1005E00002A801930D46FFF7E9FF33685B690193A9
:1005F0006CB102AA082312F8011B41B9013B13F0A8
:10060000FF03F8D102A8A04702A8FFF7C9FF35B140
:10061000019B23B901A8A8473368019A5A610020B9
:1006200004B070BDC840002008B5014638B1054B84
:1006300018680822104408F0B5FA002008BD02200E
:10064000FCE700BFC840002008B538B1044B19686A
:100650000822114408F0A6FA002008BD0220FCE799
:10066000C8400020034B1B6802280CBF1961596168
:1006700000207047C840002049B1064B1B68D3E9F1
:100680000423022808BF13460B6000207047022095
:10069000704700BFC840002030B58FB00024054629
:1006A0000CA80994FFF78AFF9DF8373007939DF84F
:1006B000363006939DF8353005939DF83430049319
:1006C0009DF8333003939DF8323002939DF831301A
:1006D00001939DF830300093224621461E4B0220A4
:1006E0000AF09EFE0AA8FFF7AFFF9DF82F30079390
:1006F0009DF82E3006939DF82D3005939DF82C30F3
:1007000004939DF82B3003939DF82A3002939DF8B3
:10071000293001939DF82830009322460F4B214643
:1007200002200AF07DFE09A92846FFF7A5FF9DF8E3
:10073000243003939DF8253002939DF826300193D1
:100740009DF8273000932246054B214602200AF0EF
:1007500067FE0FB030BD00BFD9DB010817DC010810
:1007600055DC010808B50020FFF7E6FD0120FFF782
:10077000E3FD0920FFF7E0FD0820FFF7DDFD002085
:10078000FFF78AFF002008BD10B504460B20FFF7D5
:10079000D3FD0C20FFF7D0FD0920FFF7CDFD082089
:1007A000FFF7CAFD0A20FFF7C7FD2046FFF774FFD9
:1007B000002010BD38B50B4D002455F8043B3BB963
:1007C0000134E4B2052C0AD064B2F6E70124F4E760
:1007D000002CFBD01B6998470028F1D038BD0020C1
:1007E000FCE700BF084200207FB50A2301A88DF86E
:1007F000043002F08FFF0038044B059A1A6018BFCE
:100800000120404207B05DF804FB00BFC04100205A
:1008100070B504460B46144962784A700020A278ED
:100820000A7208701A884A729A788A72DB780B7496
:100830006368CB600D4B1B68DA6A2AB1237803F03A
:10084000FB030B2B00D09047094E002556F8043BC4
:100850001BB19B6A0BB1204698470135EBB2052BC3
:100860006DB2F3D170BD00BFA0000020EC410020AC
:100870000842002070B504461048012303706378D5
:100880004370A3788372E368C360E37803762369D7
:100890004376237943720A4B1B689B6A03B19847DE
:1008A000084E052556F8043B1BB1DB690BB1204609
:1008B0009847013D15F0FF05F4D170BDB40000204C
:1008C000EC4100200842002038B501F0B5FC0B4D8A
:1008D000052455F8043B4BB15A693AB19B682BB1DA
:1008E000984718B155F8043C5B699847013C14F0EF
:1008F000FF04EED1BDE83840FFF75CBF084200209E
:1009000000B58BB0012368468DF8003002F0E2FBA1
:1009100038B99DF80400003818BF01200BB05DF80D
:1009200004FB0020FAE7000030B58BB0044601F06C
:1009300067FC0546002835D1FFF7E2FF012834D1D6
:1009400068468DF8005002F0C5FB40BB9DF80430AE
:10095000A34204D0012C22D0022C12D014B10020CA
:100960000BB030BD002BFAD068468DF8044002F081
:10097000BFFCA0B90E4B1B681B6B002BEFD0984738
:10098000EDE763B968468DF8044002F0B1FC30B978
:10099000074B1B681B6B002BE1D02046EFE74FF0A5
:1009A000FF30DDE76FF00100DAE76FF00200D7E714
:1009B000EC41002070B5304D304C95F9043095F97C
:1009C000052090B0012602288DF804608DF80930CA
:1009D0008DF80A200AD18DF80800E071217202F02A
:1009E000D9FA01A802F096FE10B070BD62714FF402
:1009F0008072E28006A81E2221728DF818202371D1
:100A00008DF81C308DF8086002F072FC1F238DF801
:100A1000183006A82B798DF81C3002F069FC2123D0
:100A20008DF8183006A86B798DF81C3002F060FC48
:100A300020238DF8183006A86B798DF81C3002F051
:100A400057FC28238DF8183006A80D4B079302F0A9
:100A50004FFC02F09FFA06A88DF818608DF81C6014
:100A600002F046FC074B1B685B6A0BB120469847B7
:100A70006878FFF759FFB7E7F0410020D000002069
:100A800000030001EC4100202DE9F04186B005464D
:100A90000C46164601F0B4FB00287FD101F0C2FBE2
:100AA00040B9FFF72DFF01280AD0444B197AD879B5
:100AB000FFF780FF6FF00204204606B0BDE8F0812A
:100AC0003F4F3B68DB68984730B13A682B78127823
:100AD0009A4201D0002B6BD13A4FDFF8EC803C7288
:100AE000003C18BF012498F8043068788DF8044061
:100AF00069468DF8123002F095FA002840D00023A4
:100B00008DF804300393ADF810306FF0060495E8CB
:100B100003002E4B83E8030098F80430BB72314683
:100B200001A802F0F1FE2A4B059A1A6011283CD860
:100B300001A353F820F000BFA30B01089D0B01088F
:100B4000AB0B0108AB0B0108AB0B0108AB0B0108A9
:100B5000AB0B0108B50A0108AB0B0108AB0B010890
:100B6000AB0B0108970B0108AB0B0108AB0B01089D
:100B70009D0B01089D0B01089D0B0108B70B010897
:100B80002B788DF808306B78ADF810306B680393D4
:100B90004FF0FF34BBE76FF005048DE76FF0010401
:100BA0008AE7E31D18BF002486E74FF0FF3483E790
:100BB0006FF0030480E76FF004047DE7D0000020AD
:100BC00008420020B4000020F0410020C4000020B2
:100BD000C041002010B504468AB018B94FF0FF306C
:100BE0000AB010BD002368468DF8003002F072FA9A
:100BF0000028F3D19DF804302370F1E7F0B587B0F9
:100C000000220B462B498DF8072001220A704278FA
:100C10004A700446002A41D102790A721A884A723F
:100C20009A788A72DB780B740369CB60C378224DA3
:100C30008DF80830037B8DF80930836803932B68A7
:100C4000DB6A0BB102A898472B689B6B13B1227E1D
:100C500002B19847194E0025374656F8043B53B168
:100C60001A6A42B11A78E3789A4219D156F8043CCC
:100C700020461B6A98470135EBB2052B6DB2ECD1CB
:100C80000DF10700FFF7A6FF63793BB100210122B8
:100C900004A8ADF810100591FFF7F6FE07B0F0BDFF
:100CA000002DE8D13B68DB6898470028DED101259C
:100CB000D3E700BFA0000020EC4100200842002044
:100CC00010B504468AB018B94FF0FF300AB010BD15
:100CD0001F2368468DF8003002F0FCF90028F3D19C
:100CE000024A9DF9043023701371EFE7F0410020B0
:100CF00000B58BB02223019068468DF8003002F0D9
:100D0000F7FA003818BF012040420BB05DF804FB31
:100D1000F0B53F4D014618228FB0284607F042FF3C
:100D2000FEF7B6FD2A784368012707FA02F1194059
:100D300005D1384B3A4608460AF072FBFEE7364CBE
:100D40003648214601F056FF18B14FF0FF300FB082
:100D5000F0BD0523059004A88DF8103002F0C8FA04
:100D6000D4E90201FFF738FC04460028EDD12C4EEF
:100D7000062304A88DF8103002F0ACF9059B7361CE
:100D800004A802F0B5FA022304A88DF810300596E5
:100D900002F0A0F90836032304A88DF81030059658
:100DA00002F098F90F26FFF7DDFC04A88DF810601B
:100DB0008DF8147002F09CFA10230DEB03008DF8EF
:100DC00010308DF8144002F093FA04238DF810309F
:100DD00004A8AB788DF8143002F08AFA39238DF824
:100DE000103004A86B69059302F082FA02A92878F2
:100DF0008DF8086003F033FE003818BF0120E87159
:100E00001420FFF775FFE87902F010FF20469EE7F7
:100E1000F041002078DD0108C4410020DC410020C1
:100E20001C42002037B500230D4601930446C0B98B
:100E300000F0AAFA0190019BC3B10E4A0E4942F894
:100E400024300E4ADA620E4A1A630E4A5A630E4A78
:100E5000126892699A6128465B68F22298470020DE
:100E600006E001A900F096FA0028E4D04FF0FF3028
:100E700003B030BD08420020CC400020B509010875
:100E8000890A0108E9070108EC410020154B07B564
:100E90001860154B154A1A60154A5A60154A9A602F
:100EA000154ADA60154B02681A6042685A60826817
:100EB0009A60C268DA60124A01911A611149826926
:100EC0005A610020FFF7AEFF48B901A800F060FAB0
:100ED000003818BF0120404203B05DF804FB4FF01A
:100EE000FF30F9E7EC410020DC41002075080108E3
:100EF000FD0B0108990F010811080108C4410020E9
:100F000087100108DC00002049B118B1012804D085
:100F100000207047034B0B60FAE7034BFBE74FF0F1
:100F2000FF307047000300010300010108B502F023
:100F300099FE002814BF6FF00100002008BD08B51D
:100F400002F050F8002814BF6FF00100002008BD27
:100F500020B1044BDB790370002070474FF0FF3065
:100F6000704700BFF041002010B504468AB018B9A0
:100F70004FF0FF300AB010BD202368468DF80030D6
:100F800002F0A8F80028F3D1024A9DF9043023703A
:100F90005371EFE7F04100202DE9F0412F4D304F24
:100FA00000232B7043786B703B689B6A8AB00446C1
:100FB0000BB128469847DFF8AC80002658F8043B70
:100FC0001BB15B6A0BB1204698470136F3B2052B83
:100FD00076B2F3D12378052B2FD00C2B35D0012BF3
:100FE00025D1214C062368468DF8003002F072F8B6
:100FF0000199E079FFF736FB10B91C4B019A5A6151
:101000001B48FFF75DFE1B48FFF7AEFF6B788BB9FF
:10101000A371194B5878FFF787FC3B685B6A0BB1EB
:10102000114898476B7813B9E079FFF7ADFB0AB028
:10103000BDE8F081FF23A371EFE7104B01225A7442
:10104000227A9A74627ADA74F1E76378002BEED030
:101050000AB0BDE8F041FFF7C7BB00BFB4000020F5
:10106000EC41002008420020D00000201C4200205B
:10107000D4000020D5000020F0410020A000002076
:101080004FF0FF3070477047014B1878704700BF32
:1010900038420020024B187800B15878704700BFE2
:1010A000384200207047000030B5064D064C30B184
:1010B00029B12860A16062710123237030BD002333
:1010C0002B60FAE73442002038420020064B1A78A1
:1010D0004AB15A783AB10278012A04D1027912B1A0
:1010E0009A8901329A81704738420020074B1A785A
:1010F00052B15A7842B10278052A05D1017A427A72
:10110000D973012098731A74704700BF38420020C9
:1011100013B51A4C23783BB363782BB3A27BA36837
:1011200062B10022A2730322A27105221A70E27B2F
:101130005A70227C9A700122A27004E0A278012ADF
:1011400014D0042AF7D0E0228DF800200C48A279B0
:1011500001938DF801200AF01BF80A4B1B6B1BB1A1
:10116000E17801226846984702B010BD0222A271C0
:10117000A2895A70110A1970E5E700BF38420020B1
:101180004C420020E8000020FFF7C2BF30B5794C88
:1011900023788DB0002B43D0437B002B40D0657863
:1011A00025B1837B13B9A3890133A381C178E029D9
:1011B00036D1002D36D1027B042A31D183681878CC
:1011C00001282DD1587801282AD19878012827D1D3
:1011D000DB78012B24D10220A07102A86370638008
:1011E0008DF80C3021718DF80820E560257402F02F
:1011F0007FF8284602F01AFD5F4B1B685B6803B15D
:10120000984700225D4B00924FF0FF315C4809F097
:1012100013FF41F288315A4809F0F4FFFFF778FFD5
:101220000DB030BD83681A78A2700A2AF8D8DFE8BA
:1012300002F0062124282A3D44658D8F99005048EC
:1012400009F058FF00236370A3814B4C04238DF8F1
:101250000830236802A81B788DF80C3002F048F89B
:101260002368587802F0E2FC23689B68002BD7D0F3
:101270009847D5E70223A371D2E740F201136380B8
:10128000CEE70123FBE7A568037BA37104222A7044
:1012900062799A4228BF1A4600230133D9B28A42A2
:1012A000BED98168C95C0131E954F6E705238DF8A0
:1012B000083002A802F02EFAB2E7314809F01AFF0E
:1012C00000236370A3812C4C04238DF8083023681D
:1012D00002A81B788DF80C3002F00AF823685878C1
:1012E00002F0A4FC23689B6803B19847254BDB6A96
:1012F000002B95D001210220984791E7027B032A19
:101300000DD106228DF80820B3F801305BBAADF894
:101310000C3002A802F0FEF90123A37080E7072A2F
:10132000F7D18DF80820B3F8012052BAADF80C209F
:101330001A79D978120242EA014259790A436421A2
:101340004A4304929B798DF81430E2E70A23AEE712
:1013500000228DF808205B788DF80C3002A801F08F
:10136000C7FF5DE70D228DF808205B788DF80C3003
:101370009FE700BF38420020344200208911010855
:101380004C420020E800002000487047E8000020A0
:10139000002070474FF0FF3070470000044B054AB3
:1013A00093F81831022B18BF062382F88034704757
:1013B0007C420020FC490020034BD3F8483313B192
:1013C0005B6903B118477047FC490020034A137852
:1013D00043F002031370FFF7EFBF00BF7842002015
:1013E0001FB50A4B8DF8090093F87C208DF80A2070
:1013F00093F88C2093F848000D3202A98DF808204C
:1014000003F02DFBC0B205B05DF804FB7C42002068
:1014100008B50C4809F06EFE0B4B93F8102412B17E
:10142000012283F80F24094A92F81821022A02BFE8
:1014300093F8812442F0100283F88124BDE808402B
:10144000FFF7BABFF04D0020FC4900207C4200208D
:1014500010B50C4CD4F8403343F08003C4F840334B
:1014600094F8103413B10020FFF7D2FF94F88134C0
:1014700023F0120343F0120384F88134BDE81040D6
:10148000FFF78CBFFC4900202DE9F0412C4D95F869
:101490001831022B07460E4602D02A4BDB6A9847CA
:1014A00002F07FFC044628B1022002F070FC00200C
:1014B00002F072FC95F81831012B17D102F073FC81
:1014C000804630B1002002F063FC002002F065FC91
:1014D000444602F06AFC48B1002002F05AFC0020A9
:1014E00002F05CFCBDE8F041FFF758BF002CF9D1D9
:1014F000154C94F8802494F81034B2B90BB184F8E8
:101500003574384602F0E6FDE86A09F0B9FDD4F812
:10151000B4339842E6D30D4809F0ECFD94F88134D9
:1015200043F0100384F88134DCE70BB184F83564B0
:10153000304602F0CFFD95F81831022BEED1D1E7FD
:101540007C42002030E10108FC490020944D00203D
:10155000074A10B5137843F001031370FFF72CFF0F
:10156000BDE81040034B01220021022009F058BFC2
:1015700078420020C1DD0108074A10B5137843F016
:1015800004031370FFF718FFBDE81040034B01225E
:101590000021022009F044BF78420020D1DD01087B
:1015A0002DE9F0410F4616461D46804609F05EFDC6
:1015B0000A4A0B4C1378278143F00803C4E900085A
:1015C000137066812573FFF7F7FEBDE8F041054B08
:1015D00001220021022009F023BF00BF7842002031
:1015E00064420020E1DD010813B509F03FFD0D4B19
:1015F0006C461860204609F09FFA94E803000A4AF6
:101600000A4B83E80300137843F010031370FFF7CD
:10161000D3FE074B01220021022002B0BDE810409A
:1016200009F0FEBE7442002078420020344D0020B4
:10163000EEDD01082DE9F04192B0064602F0B1FB63
:10164000002840F05581AB4D95F81831012B09D099
:101650002B6BA94C93B194F80431BBB1042B6FD020
:10166000032003E002F09FFB18B10F2012B0BDE889
:10167000F08102F09AFB0028EAD0F6E7B5F81E31B7
:10168000D4F81424013B53432B63E4E79B4803F055
:101690003CF9002840F0128194F80C3123802B6B28
:1016A0000C930DF1180895F839308DF83830404614
:1016B00095F81C318DF83A3009F064FAD5F82431E8
:1016C000009302AF98E80600D5F82031384609F0BB
:1016D000F0F997E803000FAB83E80300EB6A0D9382
:1016E00000238DF844302388ADF8463095F82C312E
:1016F00001228DF839201BB98DF844208DF839303E
:101700007F4B00937F4B95F84800A3F173020CA91F
:1017100003F027FBC0B10B28A8D1D4F8841499B1E9
:10172000002EA3D0D4F84033774843F02003C4F808
:10173000403309F067FD744809F02AFD002095E761
:101740006E4803F016F9A4E795F8487095F96930EA
:1017500095F9392095F87D106C4E384603F038FB2A
:10176000009641B2EB6C95F850203846143603F0E1
:1017700005FA0096EB6C95F8502095F9701095F8E5
:10178000480003F0FBF9D4F8C413AB6DD4F8D823A8
:101790000B44C4F8B033EB6D1344C4F8B43394F87D
:1017A0000431042B07D02B6E0B44C4F8B0336B6E9E
:1017B0001344C4F8B4330023089395F82C31002B5C
:1017C0003CD100238DF8133095F839308DF8213055
:1017D00095F838308DF82230D5F880300993D5F857
:1017E00084300A93238894F81164ADF82C3095F86E
:1017F0004800474B8DF820600DF1130208A903F053
:10180000F5F9012384F8353495F8393084F8363405
:101810009DF8133084F83734D4F81434C4F8446491
:10182000C4F83C34C4F84C3402F0C1FAC8B1D4F85E
:10183000140402F0CEFAA0B1102017E708A802F0B5
:1018400079FB60B995F9390094F837629DF82070FA
:10185000FFF7C6FD3E44B042B3D2082006E713208E
:1018600004E795F81831012B01D102F0B4FA02F027
:10187000A1FA0023059394F8043195F9395094F8AE
:101880001164BBB1042B7FF4EBAE05A802F086FD1A
:1018900060BB94F80C341BB994F80E34012B02D9B8
:1018A000059B013B0593154B05983246E9B202F0C2
:1018B000E9FD02E0114802F0BBFD08B11120D5E6B8
:1018C000D4F8403394F80C11218043F00203C4F89B
:1018D000403394F8103423B994F80C34013384F86D
:1018E0000C340C4B0C489B6A984727E71220BDE646
:1018F0000E20BBE67C420020FC490020044B002067
:10190000AC420020804E0020644D0020B44D0020E9
:10191000104E002030E10108FE49002073B5124D41
:10192000124E0096EB6C95F8502095F9781095F8CA
:10193000480003F023F940F2012395F84800738230
:1019400006F13C02314603F039F950B196F83C30CB
:1019500086F87E30064B00205B6B9847F37C86F858
:10196000A03002B070BD00BF7C420020DC4D0020E2
:1019700030E10108F8B5314C94F81831012B0546D7
:101980000ED0022B4DD0002B56D138B9D4E91B0113
:1019900004F1740383E803000020F8BD012806D198
:1019A00002F00AFA0028F8D184F81851F5E7022865
:1019B00042D1234E84F8180106F5737CBCE80F0071
:1019C00006F578770FC794F8E920DCF800303B6023
:1019D00094F8003186F8F353D2B1022B18D1D4F821
:1019E00004316367C6F8E43394F87D3094F8082135
:1019F00086F8F03394F88C3084F8782086F8F13348
:101A000096F8112486F8E02340F20133A6F8F23369
:101A1000002386F810340B4BDB6A9847FFF77EFFF4
:101A2000BAE748B9064B84F81801062283F88024E7
:101A3000044BDB6A9847AFE70320AEE77C42002007
:101A4000FC49002030E10108F0B5484C484EB4F89C
:101A5000DC202287D4E92D0194F8B12084F8692094
:101A600004F16C0282E80300D4E92F0104F174024E
:101A700082E80300B4F8C420A4F87C20D4F8CC2079
:101A8000C4F884208FB0D4F8D020D4F8C810C4F89B
:101A900088200025374AC4F880100123A4F81E319D
:101AA000C6F80C24C4E94E5584F82C51A56284F87C
:101AB0001B5184F83A50C4F83051A4F8345186F8D8
:101AC000105484F841518DF8143004F5087394F8DB
:101AD0004800039303A904F53173A4F84251049319
:101AE00002F0F1FFE36EC6F8D03394F87D3086F84B
:101AF000DC3394F88C3086F8DD334FF48073A6F82D
:101B0000DE3386F8CC5306F573770FCF06F578747D
:101B10000FC43B68236040F20123A6F8F233D6F8E5
:101B2000483386F81154CDE901551BB15A685B69F9
:101B300001920293104B0693A3F144020792A3F182
:101B4000140208920D4A0A9225330993A2F19C03CC
:101B50000B93A2F198030C9301A9131D06A802F29E
:101B600084620D9302F012F90FB0F0BD7C420020A8
:101B7000FC49002000010100584E00206043002075
:101B8000F8B50D4F0D4E0C4609F0B4FA3B6B984773
:101B90000B4A96F84800214603F010F850B1094D61
:101BA000706D95F81C3485F85E347B6B9847E37C48
:101BB00085F88034F8BD00BF30E101087C42002088
:101BC000184E0020FC4900200D4890F8113480F890
:101BD000B8330C4B93F8692080F8BB2393F87D2031
:101BE00093F88C3080F8C933002380F8C823A0F81C
:101BF000CA3300F56E7100F56070FFF7C1BF00BF1A
:101C0000FC4900207C4200200F4890F88034CBB182
:101C100090F8113480F8CC330C4BDA6EC0F8D02336
:101C200093F87D2093F88C3080F8DD334FF4807387
:101C300080F8DC23A0F8DE3300F5737100F56670E0
:101C4000FFF79EBF704700BFFC4900207C42002088
:101C50002DE9F04F8FB000270646884691468DF853
:101C60000D70ADF810703C46444502D30FB0BDE88E
:101C7000F08F305D02F09EF920444045F6DC335D84
:101C8000651C023BEDB2112BF0D801A252F823F0F3
:101C9000D91C0108031D0108C11D0108E91D010827
:101CA000671E01088D1E0108F31E01081B1F010895
:101CB000951F01086D1C01086D1C0108F51F010826
:101CC0006D1C01086D1C010899200108C120010844
:101CD000F92001082D210108052002F013FA70B146
:101CE0000521002002F0D4F9725DBF4BE51C0234DF
:101CF000E4B283F85024325D83F85124EDB22C46CF
:101D0000B2E700238DF80E308DF80F308DF81430C7
:101D10008DF81830002F51D1A8EB04048DF8304015
:101D20006B1EB24C33440B9394F81A318DF8323059
:101D300094F87C308DF8313094F839308DF83330A8
:101D400094F838308DF8343094F868308DF83530A8
:101D5000D4F828310A9306AB019305AB009394F8AD
:101D600048000DF10F030DF10E020AA902F05EFF0B
:101D70008DF80D0000F0070007280BD19DF80E30FC
:101D800084F839309DF80F3084F838309DF81430DD
:101D900084F868300024052706E001220DF10D01CA
:101DA000032002F029F80134E2B29DF81830B3FBA9
:101DB000F7F19142F1D8013B2B44DDB201279EE7B8
:101DC000735D8A4903F00F03012281F81B3102344D
:101DD00002FA03F3A1F81E31E4B2002204A90420A0
:101DE00002F00AF825468AE707238DF80D30735D67
:101DF000C3F3021203F00F038DF82830E31CDBB2AB
:101E00008DF82920F25C231DDBB2651DF35C0234E2
:101E1000E4B21B0443EA0223325D744C1343642290
:101E2000534394F848000B930AA902F026FF00F0F0
:101E30000703072BEDB28DF80D000CD19DF828306B
:101E400084F8703084F878300B9BE36663679DF804
:101E5000293084F869308DF81000012204A905208A
:101E600001F0CAFF4BE7604BD3F8483363B11B68FE
:101E700053B1984709F03F038DF810008DF81130E9
:101E8000022204A90620EBE7FF20F3E703238DF8E5
:101E90000D30735D8DF81C300AAB0693E31CDBB28A
:101EA000A51DF25C231DDBB206A9F35C1B0443EA0B
:101EB0000223A21CD2B20534B25C13436422534302
:101EC000E4B20A9300230B93335D8DF83030474B17
:101ED00093F8480002F0E8FEC3B20028EDB28DF896
:101EE0000D30FFF60CAF8DF81030012204A9072049
:101EF000B6E7735D03F00F03012B4FF47A7238BF1E
:101F000001235343394A0234936503F57A73D36549
:101F1000E4B2002204A9082062E7735D334DC3F3E5
:101F200040128DF8152095F84800C3F3001205A95A
:101F300003F00F038DF814208DF8163002F0CBFE5D
:101F400002340130E4B23FF44DAFBDF81430284AFA
:101F5000A5F87C309DF816309DF814A0D05CF3F7FE
:101F600089FC0223C5F880000AA995F848008DF87D
:101F700028308DF82AA002F072FD95F939300690CC
:101F800040B29842B8BF184685F83900002204A92B
:101F9000092025E703238DF80D30735D8DF8283077
:101FA000E31CDBB2651DF25C231DDBB20234F35C83
:101FB000E4B21B0443EA0223325D13436422534319
:101FC0000B930A4B0AA993F8480002F09BFEC3B298
:101FD0000028EDB28DF80D30FFF691AE8DF810307F
:101FE000012204A90A203BE7FC4900207C42002092
:101FF000FBDD01080A2002F085F800283FF47FAEDF
:102000000A21002002F044F80023ADF81E30A31C82
:10201000DBB20DF1280BF25CE31CDBB2584616F87C
:1020200003A0735D4FEA0A4A4AEA022A4AEA030A0F
:10203000231DDBB2A51D0534F35CE4B24AEA036A52
:10204000335D4FF47A7253431B12ADF81C3008F025
:1020500073FD424B5344DFF808A10693DAF83C3392
:10206000009306AC94E80600DAF8383308A808F0C4
:1020700020FD099B00939BE80600089B204608F082
:10208000FDFC94E8030008F02FFD01F09FFE012302
:10209000EDB28AF8303432E60D2002F033F8002831
:1020A0003FF42DAE0D21002001F0F2FF2C4B93F8F0
:1020B0008034043B012B7FF622AE01F083FE1EE646
:1020C000A31CDBB2725DF15CE31CDBB2651DF35C4B
:1020D0000434E4B21B04305D43EA0123134364215A
:1020E000594300F00F0001F06EFEEDB28DF81000C4
:1020F000012204A91120B3E60E2002F003F8002803
:102100003FF4FDAD0E21002001F0C2FFA31CDBB2A5
:10211000144AF05C735D1268251D0334E4B243EA8F
:102120000020315DEDB201F050FEE8E5725DA31CC8
:10213000251D0334DBB2E4B2F15C335D1B0443EADA
:10214000012313436420584301F041FEEDB28DF8A2
:102150001000012204A9132082E600BF803DD512A1
:10216000FC490020644200200E4B93F88124920722
:1021700003D593F87F24012A06D90B4A92F81A1145
:1021800011B1916A01319162002283F80C2483F825
:10219000102483F80F24D3F8402322F00202C3F85E
:1021A00040237047FC4900207C42002010B5114CB0
:1021B000114808F09FFFD4F84033012023F020039A
:1021C000C4F84033FFF736FA98B10B2811D00B4B07
:1021D00093F8393084F83634092094F80E3484F8B2
:1021E000393484F8350401F075FFBDE81040FFF77D
:1021F000BBBF10BDFC490020644D00207C42002084
:10220000074BD3F84023012A06D03AB993F8820449
:10221000013818BF01207047002070470120704727
:10222000FC490020034BD3F84003431E5842584159
:10223000704700BFFC4900202DE9F04FA5B0EFF337
:10224000108172B6C14A00201368106081F31088B3
:10225000BF4C002B00F0DA80D9065FFA83FB6BD508
:10226000BC4D95F81831022B02D0BB4BDB6A984766
:10227000EFF3108872B6B94F08F0F8FE3E68D4F854
:10228000B013361A3144B64808F0BCFFB44808F021
:102290007FFFD4F8B413B348314408F0B3FFB1481A
:1022A00008F076FF88F3108895F81831022B02D0D9
:1022B00094F810348BB116230EA995F848008DF8C8
:1022C000383002F0CCFBD4F8B4130C900144A6488B
:1022D00008F098FFA44808F05BFF3B6894F81124CD
:1022E000EB620AAF38468DF86020199308F04AFC7B
:1022F000D5F82431009304AE97E80600D5F82031D4
:10230000304608F0D6FB96E803001BAB83E80300D9
:10231000D4F814341A9395F82C3195F84800003B02
:1023200018BF012318A98DF8613002F0B6FB94F8AC
:1023300010340BB984F835341BF0080F3AD08B4BAE
:10234000844D5F681E89B3F90A8093F90C90D5F823
:10235000E42003920023079384F83834A4F81A3455
:1023600084F81D34C4F82034A4F8243484F82634C6
:10237000C4F8283484F81834C4F82C3484F8303481
:10238000754B94F88024DB6A84F87F24A4F87C845D
:1023900084F87E949847734808F0ACFE314638467E
:1023A00001F0FDFC8246002800F04C81A4F8728404
:1023B00084F874941BF0040F1AD0664B93F818310C
:1023C000022B02D0644BDB6A98470220FEF7E6FF3F
:1023D00084F8350401F07EFE94F8103413B1012323
:1023E00084F80F3494F8813443F0100384F8813476
:1023F0001BF0020F03D006210520FFF745F81BF064
:10240000010F03D004210320FFF73EF801F0E4FCA4
:1024100094F88124D0065FD5002384F88234D4F860
:102420004033190644BF23F08203C4F8403312F04E
:10243000050F00F037830C2001F064FE002800F047
:10244000318394F88134DF0700F12C835E0740F17B
:102450003D83D4F8403323F00203C4F84033D4F86A
:10246000402382BB94F8815415F001011EBF2B4616
:1024700062F3000384F8813494F881345E0744BF2A
:102480006FF3820384F88134012384F8823421B10C
:10249000D4F8443336481B6898476D070BD5354848
:1024A00001F03CFE01F06AFE28B194F8813443F05B
:1024B000040384F8813401F07EFC94F881346FF3D6
:1024C000041384F88134012384F8823494F881342D
:1024D00043F0200384F8813494F8813418070AD536
:1024E0006FF3C303244984F88134D4F84433A1F151
:1024F0002000DB68984794F8813499070AD56FF378
:1025000041031D4984F88134D4F84433A1F16400B7
:102510005B68984794F88034022B01D1FFF7FEF9ED
:1025200094F881349A0640F15E83D4F840536FF3F7
:10253000451384F88134002D40F05583054E242145
:10254000304606F045FB736A18E000BF7842002071
:10255000FC4900207C42002030E101087442002048
:102560007C4D0020944D0020F04D0020644200205E
:10257000304E0020444E0020784E0020984218BF74
:1025800070624FF01C018C4818BF012506F020FB3B
:10259000736C984218BF70644FF0FC01874818BFF5
:1025A00045F0020506F014FBD6F84431984218BFF6
:1025B000C6F844014FF0D401814818BF45F0040526
:1025C00006F006FBD6F81C32984218BFC6F81C026B
:1025D0004FF0A0017B4818BF45F0080506F0F8FA57
:1025E000D6F8C032984218BFC6F8C0024FF49461C2
:1025F000754818BF45F0100506F0EAFAD6F86437BA
:10260000984218BFC6F864074FF014016F4818BF0E
:1026100045F0200506F0DCFAD6F87C379842D4F86D
:1026200048331CBFC6F87C0745F04005002B00F07E
:10263000DA821B69002B00F0D682284625B0BDE85F
:10264000F04F184795F81831012B0CD101F0ABFB76
:10265000804668B1504601F09BFB504601F09DFB5F
:10266000042384F87F347EB9012384F8193456E1B9
:1026700001F09BFB0028F6D0404601F08AFB404663
:1026800001F08CFB0523ECE73B7802935B09013BEF
:10269000062B00F2F981DFE813F00700F7019E0036
:1026A000F7019B00F701E701102EDDD995F82C31D9
:1026B0000E97F6B28DF83C60002BD5D118A8FDF727
:1026C000C3FF0EAA18A9FF2001F0F8FF9DF84830BB
:1026D000C3F3030307468DF8203095F8480095F8BA
:1026E0007D308DF82130072208A902F002FA002F70
:1026F0005AD1002858D09DF843309DF842201199B6
:10270000C5F8E4101B0443EA02239DF8412002208F
:102710001343C5F8E030FDF7A5FF9DF8483095F864
:10272000480085F82A71C3F30212C3F3030385F846
:10273000703085F878309DF8493085F86920012B94
:1027400038BF01234FF47A725343AB651344EB65F2
:102750004FF001080DF14A03113E0CA90C9385F8C6
:1027600068808DF8346002F0DCF90223404685F879
:102770002C3101F0C7FC18B14146384601F088FC05
:1027800094F81034002B00F0858194F8383413B19C
:102790000020FEF73DFE94F8813443F0100384F8E6
:1027A0008134FEF7FBFD05E6012001F0ABFC0028BB
:1027B000E6D001210720E1E7A4420020C442002026
:1027C000C44300209C44002040450020E4490020F0
:1027D000012384F8183495F87D308DF8223094F870
:1027E0001C348DF8213095F88C3095F848000D3365
:1027F00008A98DF8203002F032F9A6F10D031BB2C2
:10280000069023EAE37300B283423FF72DAF0B2E0D
:102810007FF62AAFA24B219318A8FF2318978DF8B3
:1028200064608DF8883002F015F8804600287FF447
:102830001BAF9DF86C301A99C4F82C1413F00F02DA
:1028400003D09DF8800000286CD19DF888000028F6
:102850006AD0002A7FF408AF9DF88020002A14BFB8
:102860000327022700220792D5F8EC2095F8E9000B
:1028700091425BD1002859D0D5F80C1195F8EAA007
:102880000968079195F81811022902D1032184F8EB
:102890007F14032F7FF4E8AE13F0600F7FF4E4AEF3
:1028A00003924FF00108152395F848008DF8203069
:1028B00008A902F0D4F895F82A310690BAF1000F71
:1028C00037D0BAF1010F3ED1012B34D16FF0090698
:1028D0003E4106F00106C6F10206F6B281B2BDF82D
:1028E0006E2007AB304601F065FD70B3072824D198
:1028F000082384F8193495F82A315BB9029B03F058
:10290000E003A02B06D16A6B239B9A4202D10123DC
:1029100085F83A30079BC4F82834C4F86034FEF7D1
:1029200097FD47E547469DE701279BE74FF0010AE2
:10293000B9E70426D2E70326D0E7082803D10A2303
:1029400084F81934E6E70123FAE718AB00930399FA
:10295000079B3246504601F0FDFD20B1022814BF0E
:102960000C230B2381E6079BC4F82834C4F8603499
:102970009DF86C3084F81904C3F3401384F82634AE
:1029800084F8383494F87F3484F81A84012B98BF83
:10299000A862B8F1010FC4F8200484F8240484F874
:1029A000350433D1022284F8182495F83A20002AFD
:1029B0003BD19DF86C20D20637D4012B94F8341407
:1029C0009DF86C2005D8012901D1960601D501F0AA
:1029D0009FFA022F37D0032F09D09DF86C10012FDA
:1029E0004A4601F00F011CA831D0FFF731F99DF8DC
:1029F000803084F81B34219BC4F820349DF8883043
:102A000084F82434012384F8253426E0029A02F065
:102A1000E002A02A11D195F82A11012285F83A2066
:102A200009B92399696384F8182495F81821002AB4
:102A3000C3D1012284F81D24BFE7002285F83A2083
:102A400084F81824B5E79DF8881021984A46FFF7C6
:102A5000FFF89DF8803084F81B3494F8813443F0FB
:102A6000020384F881348BE6DFF83480013EB2B291
:102A7000791C404606F096F80323A4F81834C4F8ED
:102A8000208484F82464E8E7012384F81934FEF7ED
:102A9000DFFC75E695F81831022B7FF47CAE77E603
:102AA000344C002094F881345D070FD5012001F0EB
:102AB00029FB88B3012001F0FDFA08B984F80C0461
:102AC000D4F8403323F00203C4F8403394F881145F
:102AD000C8077FF5C4AC94F834340BB1032B26D16E
:102AE000424B94F80C0493F86820904208D28A076D
:102AF00050D593F818311BB194F87F34002B49D18D
:102B00003B4808F0F7FAD4F8403323F02003C4F828
:102B10004033FFF729FBA2E4062001F0F3FA002876
:102B2000CED1072001F0EEFA0028C9D1CEE7012B63
:102B300030D194F80F24002A3FF491AC94F80E346D
:102B400094F80D04834204D211F0020218BF94F8E5
:102B50003824264D95F82A11002941D132BB8342F1
:102B600018D20133DBB2DF0784F80E3412D52223EA
:102B70008DF8603095F87C308DF8623095F848001B
:102B800095F839308DF8613018A901F068FF0E9082
:102B900085F8390094F8813400206FF3041384F829
:102BA000813484F80F04FFF701FB58E494F838648B
:102BB0008EB902238DF8683005F50873189395F8DF
:102BC000480005F5317318A9199301F07CFF84F8CA
:102BD000106484F8386494F80E3484F839348FE73C
:102BE000002AD7D08CE725B0BDE8F08F7C420020CA
:102BF000644D00202DE9F04F8A468BB09146074680
:102C0000002800F0A181002900F09E810368002BBC
:102C100000F09A814368002B00F096818368002BB6
:102C200000F09281C368002B00F08E81104601F005
:102C30000CFF002800F08A81C64CC74D384601F0D1
:102C4000DDF94FF4F0620021204605F0BFFF4FF49C
:102C5000A1620021284605F0B9FFC04BC4F8283115
:102C600000264FF001080F2305A948468DF81430BF
:102C700084F8489084F8186184F88C6085F80E8494
:102C800085F80D8401F0EBFE801B18BF01204FF08A
:102C90000A0B84F81C0105A994F848008DF814B0BB
:102CA00001F0DDFE4FF0060984F8DC0005A994F878
:102CB00048008DF8149001F0D2FE102384F8DD0056
:102CC00005A994F848008DF8143001F0C8FE1123CE
:102CD000C4F89C0005A994F848008DF8143001F060
:102CE000BEFE1223C4F8A00005A994F848008DF890
:102CF000143001F0B4FE1323C4F8A40005A994F81D
:102D000048008DF8143001F0AAFE14230DEB0301E6
:102D1000C4F8A80094F848008DF8143001F09FFE24
:102D20001723C4F8AC0005A994F848008DF81430B6
:102D300001F095FE182384F8B10005A994F8480025
:102D40008DF8143001F08BFE1923C4F8B400C4F8D8
:102D5000BC0005A994F848008DF8143001F07FFEFE
:102D6000C0B21E2384F8B80084F8C00005A994F806
:102D700048008DF8143001F072FE1F2384F8C4005F
:102D800005A994F848008DF8143001F068FE20235E
:102D900084F8C50005A994F848008DF8143001F0B6
:102DA0005EFE2123C4F8C80005A994F848008DF8F8
:102DB000143001F054FE0B23C4F8CC0005A994F89C
:102DC00048008DF8143001F04AFE0C23A4F8D0001E
:102DD00005A994F848008DF8143001F040FED4F8AD
:102DE0009C306365D4F8A030A365D4F8A430E365C3
:102DF000D4F8A8302366D4F8AC30636604F50873C1
:102E000007A90490A4F8D200079394F848008DF81D
:102E1000246004F53173089384F8B080C4F894B04A
:102E200084F89890C4F84CB084F8509084F8688086
:102E300001F049FEC5F848A3FEF706FEC4E90B669B
:102E4000C5F8447385F881643246454B84F819818E
:102E5000C5F840834FF0FF31009605F55A7008F031
:102E6000EBF832463F4B00964FF0FF3105F56070AE
:102E700008F0E2F832463C4B00964FF0FF3105F582
:102E8000667008F0D9F83246384B00964FF0FF31A3
:102E900002AE05F57D7008F0CFF8304607F072FEFF
:102EA00096E8030004F5907383E80300304BC5F8FF
:102EB0004C33304BC5F854332F4BC5F85C332F4F90
:102EC0002F4BC5F850332F4BC5F8583305F55370C9
:102ED0003B68984704F5A470FDF7D2F9064620B187
:102EE000112630460BB0BDE8F08F2748FDF79CFB5C
:102EF00026493046FDF7EAFA24490920FDF7E6FAAB
:102F000022490820FDF7E2FA20494046FDF7DEFAA3
:102F1000204601F01FFA0028E2D100F05FFFB8B9A7
:102F20001B4801F079FA06460028D9D17B699847F9
:102F300005F016FEBB6D94F819019847FB6A984797
:102F4000012385F88234CCE70326CAE70926C8E7BF
:102F50001326C6E77C420020FC4900200003000144
:102F6000AD210108C91B0108091C01081114010841
:102F7000E9150108A1150108CD13010830E1010888
:102F800079150108511501088E0000207E000020EF
:102F90006443002008B5034B0020C3F84003FEF74C
:102FA000FDF908BDFC49002010B5FFF729F90A4CCE
:102FB00060B90A4B93F81831022B02D1084BDB6A37
:102FC00098470123C4F84033002010BDD4F84003D3
:102FD000013818BF0120F8E7FC4900207C4200209E
:102FE00030E1010810B50D4C204608F083F804F1DB
:102FF000180008F07FF804F1300008F07BF804F1C5
:103000008C0008F077F800F0D5FE054BDB6A984796
:10301000012344F8283C002010BD00BF644D00206F
:1030200030E1010830B52A4B89B0054693F8DD0040
:103030008DF8020093F8DC009A6A8DF803000020F6
:10304000019202900C4600293ED00592D3F88820C8
:1030500006921A8FD3F82811039152BA93F81A11D5
:10306000ADF81C2093F87C2093F848308DF81000C0
:103070008DF811108DF81E208DF81F300DF1030210
:1030800001AB0DF1020103A800F012FE9DF9020050
:10309000FEF7A6F9607002A800F04CFFB0B9029AE2
:1030A0000F2A0DD863789A420AD81544AB42A3EB95
:1030B00002012CBF002001202170C00009B030BDEA
:1030C000002323700820F9E70320F7E71320F5E732
:1030D0007C4200201FB50446002800F0FB800378E6
:1030E0003F2B00F2F280DFE813F0400047004B0076
:1030F0004F00530057005C00F000F000F000F000BB
:10310000F000F000F000F000630067006B00760054
:103110007D0080008300880086008A008E00910078
:10312000940097009A009D00A100A900A500AD00A1
:10313000B000B400BD00B900BB00F000C100F00059
:10314000F000F000F000F000F000F000F000F000FF
:10315000F000F000F000F000F000F000C900CD0039
:10316000D200D600DA00DE00E7005C4B93F818319D
:103170002371002004B010BD584B93F82C31F7E7B1
:103180004068FDF71BFAF4E74068FDF75DFAF0E7E9
:10319000524B93F81A31EBE7504BD3F8E0306360B1
:1031A000E7E74E4B011D93F82C01FDF765FAE0E7C8
:1031B0004A4B93F81931DBE7484B93F88C30D7E74B
:1031C0001D238DF80830454B02A993F8480001F003
:1031D00046FC6060CDE7424B043493E8030084E88A
:1031E0000300C6E73F4B0434F7E73F4B0434F4E7F2
:1031F0003E4B0434F1E71B23E3E71A23E1E7374BA7
:1032000093F86830B4E7354B5B6DC8E7334B9B6D83
:10321000C5E7324BDB6DC2E7304B1B6EBFE72F4B70
:103220005B6EBCE72D4B93F8DD30A1E72B4B93F899
:1032300039309DE7294B93F8DC3099E7274B93F819
:10324000383095E7254BDB6CA9E7244B93F85030D9
:103250008EE7224BD3F8843063608AE71F4B9EE7EA
:1032600000239CE71D4BD3F8CC30F5E71B4BD3F87C
:103270002831436001F0CCFDA0607AE7174BD3F80A
:1032800090308CE7154BB3F88830A38071E7134B6F
:10329000B3F88A30F9E7114BB3F8D030F5E70F4BAC
:1032A000B3F8D230F1E70D4B93F848200AB1062A63
:1032B00012D1B3F85C37E8E7084B93F848200AB11D
:1032C000062A09D1D3F8603769E704B0BDE8104099
:1032D00000F074BD03204DE718204BE77C4200202E
:1032E000E842002030430020F04200203843002014
:1032F00037B5044610B9032003B030BDA64BD3F850
:1033000040339B0700F1FF8103783F2B00F2F681E9
:10331000DFE813F0400046004E00540058005D0006
:1033200062006E0079007F0085008B00910097009D
:103330009D00A300AD00F401B200D400E7000E012F
:103340003001210134013D0148014C01500154017B
:1033500058016A0192018001A401AA01B101B601DC
:103360004C00F401BB01F401F401F401F401F40197
:10337000F401F401F401F401F401F401F401F401A5
:10338000F401F401F401C701CC01D101D601DB0144
:10339000E001EA01007903B0BDE83040FEF7EABA87
:1033A0000379022BA7D07D4A82F82C310020A3E7B5
:1033B0004068FDF7F5F80028F8D09CE74068FDF775
:1033C00033F9F8E7754B027983F81A21EEE7734B6E
:1033D0004268C3F8E020E9E7704D416895F82C0198
:1033E000FDF740F9002886D16368C5F8E430DDE7D1
:1033F000416800293FF47FAF002001F03FF9002829
:10340000D4D0112078E7416800293FF474AF01203F
:10341000F3E7416800293FF46EAF0820EDE741680B
:1034200000293FF468AF0920E7E7416800293FF42D
:1034300062AF0C20E1E7416800293FF45CAF0D204A
:10344000DBE7416800293FF456AF0E20D5E741681D
:1034500000293FF450AF0F20CFE7514C4F4B00797C
:1034600083F81901A36D9847E36A98479EE74B4B91
:10347000027983F88C2099E7484D037A8DF8003063
:1034800095F8480095F87D308DF80130072269469F
:1034900001F02FFB00283FF42EAF636895F8480039
:1034A00000930022694601F024FB00283FF423AF7B
:1034B0006C35D4E9010185E8030077E7374D037ADD
:1034C0008DF8003095F8480095F87D308DF8013082
:1034D0000722694601F00DFB00283FF40CAFB4351C
:1034E000E7E72E4D037A8DF8003095F8480095F8FF
:1034F0007D308DF801300722694601F0FAFA002884
:103500003FF4F9AED4E9010105F1740383E8030047
:1035100095F81831022B7FF449AF95F82C31002B28
:103520003FF444AF1E4BDB6A9847FEF7F7F93DE7DF
:103530001A4D037A8DF8003095F8480095F87D30E3
:103540008DF801300722694601F0D3FA00283FF4D4
:10355000D2AEBC35ADE74368009301238DF804304B
:103560000E4B694693F8480001F0F1FA00287FF409
:103570001DAFC0E6436800930023EFE703795A1EAE
:103580000E2A3FF6B8AE054A82F868300EE7034BC4
:1035900042685A650AE700BFFC4900207C420020CF
:1035A00030E101085A4B42689A65FFE6584B426881
:1035B000DA65FBE6564B42681A66F7E6544B4268FA
:1035C0005A66F3E6524C037994F848008DF80030BF
:1035D0000622694601F08DFA00283FF48CAE9DF872
:1035E000003084F8DD30E1E6494C03798DF8003095
:1035F00094F8480094F87C308DF802300522694632
:1036000001F077FA00283FF476AE9DF8003084F898
:103610003930CBE63E4C037994F848008DF8003001
:103620000A22694601F065FA00283FF464AE9DF86D
:10363000003084F8DC30B9E6354C037994F8480062
:103640008DF800300922694601F053FA00283FF452
:1036500052AE9DF8003084F83830A7E62C4B426813
:10366000C3F89420DA64A1E6294B027983F8982004
:1036700083F850209AE6264B4268C3F8842095E6EA
:10368000234B4268C3F8CC2090E68379012B3FF6A8
:1036900032AE1F4B42684068C3F8282100F076FE26
:1036A000ADE61B4B4268C3F890207FE6184B82883A
:1036B000A3F888207AE6164B8288A3F88A2075E65C
:1036C000134B8288A3F8D02070E6114B8288A3F8B0
:1036D000D2206BE60E4B93F848200AB1062A14D18B
:1036E000A288A3F85C2761E6094B93F848200AB149
:1036F000062A0AD16268C3F8602757E603B0BDE81E
:10370000304000F05DBB0120F6E51820F4E500BF75
:103710007C4200202DE9F04186B00023ADF8003056
:103720000646002800F0E380FEF76AFD20B101257F
:10373000284606B0BDE8F08100F026FD0028F6D14D
:1037400000F01CFD014618B96A48142205F03EFA43
:10375000694C94F88134012243F0040384F849242D
:1037600084F8813433788DF804300021013B8DF8E2
:1037700005208DF807100D2B00F2B180DFE803F073
:1037800007AFAFAF535B7EAFAF86AFA3909FD4F8C8
:10379000405315F02005CAD1DFF86081584FFEF77D
:1037A00053F92A4696F9051098F8480001F0C1FA35
:1037B00088F83900B37988F83830284607238DF81F
:1037C0000530FEF7D7F8FF2307F58670A4F80C3113
:1037D00084F80451C4F80871FCF736FF07F58A70C5
:1037E000FCF7ECFE2846FDF725FF0546002843D0F0
:1037F00096F9051098F84800012201F09AFA88F825
:103800003900D4F884343361002D6CD000F0B6FC5C
:1038100000288DD194F8813484F8100460F3820379
:1038200084F8813484E700226946022000F0E4FA3B
:1038300010B31325E5E794F811348DF808302F4BB9
:10384000B28893F839108DF8091093F838108DF874
:103850000A10D3F880100391D3F88410049193F8E0
:103860004800ADF8142002A901F09CFAD4F84033C6
:1038700043F00203C4F840330025C2E7214BB2886D
:1038800096F90C10B068DB6B9847EFE702A90D20A2
:1038900000F022FB0028EFD0002269460D20C5E78A
:1038A000164B93F81831D3B9357905F0070000F0BD
:1038B00080FA8DF80050012269461020B6E70022F8
:1038C00069461220B2E78DF8072000F063FA05463A
:1038D00038B900F05CFA284600F05EFACCE7022521
:1038E0008FE701258DE701A800F09CFB20E7032569
:1038F0001EE700BF444E0020FC4900207C4200200F
:10390000FE49002030E101082DE9F04F91B000267A
:103910000391054618B9032011B0BDE8F08FFEF7FA
:103920006FFC8246002840F075810146142207464C
:10393000B94805F04BF9B94A012382F8353482F8C9
:103940000E342978994200F00681032900F0158190
:10395000002940F01F8182F80D3495F80490D5F8C5
:103960000880AE8995F90EB0022262F347179A4695
:10397000AB4B022493F87C2093F848008DF8244048
:1039800009A98DF8262001F06AF8BAF1000F00F0BD
:103990003F81A34B93F81A21B2B940B25845B8BF42
:1039A000584693F87C208DF814008DF8162093F873
:1039B0004800052205A901F09CF80028ABD0984BDF
:1039C0009DF8142083F83920198F1A8F93F82C0151
:1039D0000291996A069152BA002800F0158193F875
:1039E0001B0100B9186393F81801ADF83C200138A9
:1039F00093F87C208DF83E20D0F1000B93F84820FE
:103A00008DF83F204BEB000B864A93F83A0093F871
:103A10001A4101900D914FF00100D3F88810D3F8AE
:103A200028318DF830000E910B93511C06AB0BA87A
:103A30008DF8314000F03CF9019B4FEA0B1B4BEA3B
:103A4000431B4FF0000A4BEA801B4BEAC413D045DE
:103A5000724C019308BF56463246414604F59C70AD
:103A60009B46CDE907AAA4F800A084F810A405F0AD
:103A700099F8F9B2A770C7F34217F2B2042F684E53
:103A8000019B84F8372200F08980072F00F0AA807C
:103A9000022F40F0B780644F84F80D11042084F8A1
:103AA0000401FF20D6F8E41084F80C0184F81431E6
:103AB00007A807F59B73C4F8087184F82891C4F827
:103AC000101184F83021C4F82C3100F067FC002874
:103AD00040F09680079BA4F8380408A8A4F8163193
:103AE000C4F8403400F026FA002863D1089BBBB12B
:103AF00096F93900FDF774FC94F83732002B61D049
:103B0000089B0F2B4FD807F58B7208A90F2000F0E8
:103B10001DFA00284ED1089B63F3030B84F814B1FF
:103B20000398FDF787FD002845D1069B86F83A00EB
:103B3000B36200F0DFF9002868D12B7884F83434C0
:103B400094F8813443F0010384F88134334BD3F883
:103B500084342B61E0E6EB7B082B28BF082382F836
:103B60000D34042395F80490D5F80880AE8995F9B2
:103B70000EB063F347178A46FAE682F80D34D5F89B
:103B800004802E8995F90AB067F01F079A464FF016
:103B90000009EDE6D346D046D146E9E64FF00100F4
:103BA00084F8100477E707F2864208A900F0CEF9FE
:103BB0000028B5D01320029B3387184B002283F8CE
:103BC0001024C3E707F286473A4608A900F0BEF979
:103BD0000028EFD1089B84F82801C4F82C7184F8E0
:103BE00030319DE7B8F1000F9AD0002A98D04146B5
:103BF000E01C04F0D7FF94F83732013323808FE7BD
:103C00001220D8E70220D6E70720D6E71320D4E712
:103C100020469BE701207FE6304E0020FC49002033
:103C20007C420020B4420020FE49002037B50B4DF5
:103C30008DF8040004460F2295F8480001A900F011
:103C400058FF40B1064A85F81C4192F8813443F090
:103C5000200382F8813403B030BD00BF7C420020D5
:103C6000FC49002010B5FFF79FF90446A0B90B48A6
:103C700007F040FA0A4807F03DFA0A4807F03AFA16
:103C8000094807F037FA00F095F8FDF7DDFE074B1D
:103C9000DB6A9847204610BD0124FBE7644D0020F5
:103CA0007C4D0020944D0020F04D002030E10108B3
:103CB0002DE9F04F8BB00446019282788A469946EE
:103CC000002A61D14679816890F9103090F911800D
:103CD000C9F80010002E55D0817C8DF81610C07CDC
:103CE0004FF0020B05A9CDE902328DF814B000F0B7
:103CF000B6FE029B47B2BB421D46B8BF3D46BB4223
:103D00000CDC039AC9F800200026019B8AF80050B9
:103D100083F8008030460BB0BDE8F08FA268A1891F
:103D2000E3898A420B4434BF002601269A42ECD331
:103D3000082305A9E07C8DF8143000F090FEE2899C
:103D4000A368B3FBF2F102FB1133012B4FFA80F8A9
:103D5000DBD122238DF81430E07CA37C8DF8155044
:103D600005A98DF8163000F07AFE45B2AF42CCD1ED
:103D70002379002BC8D0E07C8DF824B007A900F08F
:103D8000A2FEC1E71D46C0E70026C3E770477047A3
:103D90007047704700207047704770477047002099
:103DA00070470020704700207047002070470020B7
:103DB0007047704770477047022070470220704775
:103DC00002207047704700207047704770470020FE
:103DD00070470020704770477047000010B5054CD1
:103DE000FC222046002104F0F1FE0020C4E900007E
:103DF00010BD00BF044F00202DE9F041804616465B
:103E0000002939D01D4C0F23224604F1100012F86E
:103E1000017F47BB8242FAD1194D2B68013403B9A7
:103E20002C606B6803B11C6000232360A6606C608B
:103E3000B2B284F80480601D04F0B4FEB8F1050F3E
:103E400018D0A8F1080002288CBF00200120002310
:103E50006373D5F8F830207301333344C5F8F83074
:103E60003846BDE8F081013B13F0FF030446CBD197
:103E70000227F5E70120EAE70127F1E70B4F0020D1
:103E8000044F002010B518B3124A1368984204D1A9
:103E900003681360002305E00B46002BFAD0196875
:103EA0008842F9D15168884208BF53600BB101685C
:103EB0001960D2F8F8308168013B00245B1A046075
:103EC0002146C2F8F830102204F080FE204610BDD2
:103ED0000120FCE7044F0020054B1B6813B11A7941
:103EE0008242FAD1002B0B600CBF032000207047E8
:103EF000044F002010B5054B186800B910BD037BB6
:103F000004680BB9FFF7BEFF2046F6E7044F002018
:103F100010B5074B186800B910BD03790468052B6C
:103F200002D0083B022B01D8FFF7ACFF2046F2E796
:103F3000044F002028B1044BD3F8F8300360002070
:103F400070470120704700BF044F00202DE9F04169
:103F500007460E46154642B339B3154B1C6800237D
:103F60002CB93046FFF7E6FF0020BDE8F081A268DB
:103F7000F91A0132914215D32279EA54581C228948
:103F80005FFA80F8611D55FA80F004F00BFEA3681B
:103F9000246898445FFA88F3E2E720462568FFF733
:103FA00071FF2C46002CF8D1DBE70120DDE700BFD4
:103FB000044F00200238C0B211289ABF014B185C90
:103FC000002070470BDE010830B50B4B93F8202022
:103FD0000446084672B100211C330578A54208D07A
:103FE00001319842CDB214BF04301038AA42F4D83F
:103FF000002030BD1046FCE70050002010B5084CF2
:1040000000232060142204F10C00FF2184F82030EA
:10401000C4E9010004F0DAFD012384F8213010BD69
:104020000050002010B50E4A92F82010042915D82F
:10403000936804781C7044785C70C078D870013143
:104040000020987082F8201002F11C018B4214BFEE
:10405000043302F10C039360012010BD0020FCE743
:1040600000500020094B93F8200068B15A6803F112
:104070001C018A4200F1FF3014BF043203F10C022C
:1040800083F820005A600120704700BF00500020D4
:1040900010B5074B93F820200446084632B1596802
:1040A000FFF792FF10B101234470837010BD00BF71
:1040B0000050002008B5064B93F820202AB159681B
:1040C000FFF782FF08B1407808BD0120FCE700BF80
:1040D0000050002030B50A4A92F82010536882F848
:1040E000210061B1916801241C32DD78587005B956
:1040F0009C70934214BF0433103B9942F5D130BDFC
:104100000050002008B5044B5968FFF75DFF0038E8
:1041100018BF012008BD00BF00500020F7B50422E1
:10412000154E044600210DEB020096F8207004F0B5
:104130004DFD0025EBB29F4201D803B0F0BD73687E
:10414000197821705A786270987838B133682046AF
:104150009B689847FFF786FF0135EBE7DB788DF822
:1041600004108DF805208DF80730FFF77BFF01A8BC
:10417000FFF758FFF0E700BF00500020014B93F815
:104180002000704700500020034B93F820000428C3
:1041900094BF002001207047005000201FB500246C
:1041A000CDE90244C41F8DF800408DF801100C0ABF
:1041B000ADF80420090C120C8DF803108DF80620C0
:1041C0008DF8073002461B0A012168468DF802402F
:1041D0008DF80830FCF77FF9002818BF0F2004B0D5
:1041E00010BD2DE9F04188B090460D460F9A074664
:1041F000002847D000240121CDE904448DF8101097
:104200009DF838108DF81510ADF81630190CCDE961
:1042100000441B0ECDE902448DF81930ADF81A2088
:10422000130C120E07948DF818108DF81C308DF8B1
:104230001D20E3B21E01002DF6B203DC002008B001
:10424000BDE8F081013310218DF81F3042466B46E6
:104250000DEB0100FCF7D5F80346A8B9102D284650
:104260003E44A8BF10206946327811F801CB0133D3
:1042700082EA0C02984206F8012BF5DC103D2DB2C3
:104280000134D6E70A20DAE70F20D8E701380328FF
:1042900015D8DFE800F002080C100A4B1B681B69F8
:1042A0000B6000207047074B1B685B69F8E7054B04
:1042B0001B689B69F4E7034B1B68DB69F0E705208B
:1042C000704700BF245000202DE9F041C4B00C46D7
:1042D0004A9E17461D468046B8B3B1F5807F36D852
:1042E0004FF488720021684604F070FC4923009363
:1042F0004FF48073ADF804302B0C8DF80830330C7C
:10430000ADF80650ADF80A608DF80C302246002357
:10431000414604A82D0E360E8DF80E308DF809504A
:104320008DF80D608DF80F4004F03CFC04F1100195
:104330004B9A3B4689B26846FCF74DF810B101280C
:1043400018BF0F2044B0BDE8F0810A20FAE70E2024
:10435000F8E7000010B590B10A4C28220021206037
:1043600004F034FC2368084A1A6000204FF0FF3242
:10437000C3E90302C3E90522C3E9072210BD0920EE
:10438000FCE700BF2450002000010101024B1B6824
:1043900018600020704700BF2450002030B1044B4B
:1043A0001B68DB6801330360002070470A207047F8
:1043B0002450002073B50E46002101911D4633B3F1
:1043C00001A9FFF763FFD0B9019C631C04D0A3B21D
:1043D000D31A002B10DDE2180E4B2A601B689B7865
:1043E0006BB9121B63EB0303B24273F10003ACBF62
:1043F00001200020C00002E003D12C60072002B0A1
:1044000070BD230C1B0403F580331A44E4E70A2033
:10441000F5E700BF2450002028B1044B1B681C3373
:104420004362002070470A20704700BF24500020DC
:104430001FB5044600B3002303A80393FCF7A2F8BA
:104440000F4ABDF80C30126820469380E38200F0DA
:104450005CFA10B1112004B010BD04F118030093F0
:10446000216801231322FBF7ABFF38B9204600F087
:104470004CFA0028EFD0EDE70A20ECE70F20EAE73E
:1044800024500020F0B5054687B01C4613B90A2019
:1044900007B0F0BD2E4E3368DB68834255D894F8E0
:1044A0002020002A0CBF08220922834205D320467F
:1044B00000F05FFA68B11120EAE700230190009351
:1044C000A36894F82810606AFFF78BFE0028EED0EE
:1044D000DEE723792168B4F808C0A768043B9AB2E4
:1044E0000029D4D0B2F5807F2DD8ADF80EC08DF85C
:1044F00017304FEA174C04F12C033F0E8DF8117062
:1045000000932F0C08234FF0490EADF80C008DF8E6
:1045100014708DF816002F0E0DEB0300CDF808E097
:104520008DF810C0ADF812508DF81570FBF748FFEC
:1045300008B10F20ACE7204600F01BFA0028BAD1E2
:104540003368DD60A4E70E20A2E70620A0E700BFE5
:10455000245000202DE9FF410A9D80460F46164653
:104560001C46002D5AD0002303A910460393FFF7E1
:104570008DFE18B1062004B0BDE8F081039B9C427B
:1045800001D80133F6D1284600F064F9002847D15C
:10459000264B1A78424503D01A79424542D1012070
:1045A000AA68BA4240D103EB8002EB6A92F801801C
:1045B0002979CDE900430439927828683B4689B2CD
:1045C000FFF782FE0028D6D195F820300194002B09
:1045D0004FF00103009314BF4246082295F82810BB
:1045E000686A3B46FFF7FDFD0028C4D1013E032E5B
:1045F000C1D8DFE806F002070B0F0D4B1B681C61EA
:104600001C62B8E70A4B1B685C61F9E7084B1B6842
:104610009C61F5E7064B1B68DC61ACE70A20AAE762
:104620001020A8E70C20A6E70220A4E72401002020
:10463000245000201FB50B294FF00003CDE90033B3
:10464000CDE902330A4607D00C2914D00A2910D02C
:104650000B2005B05DF804FB012802D120238DF862
:10466000003000216846FBF736FF002818BF0F20F6
:10467000EFE73023F3E70B21F4E7000038B50546F8
:10468000FBF724FF044610B10F24204638BD002D4F
:10469000FBD1094B1B680B219878FFF7CBFF002853
:1046A000F2D10C21FFF7C6FF0028EDD10A21FFF758
:1046B000C1FF0028E9D0E7E7245000202DE9F043AE
:1046C00080468FB00C461746002A6BD0002969D06F
:1046D000002529461D2206A8059507F0FDF98DF84D
:1046E0001350344D2B680DF114099E88CDF80490B9
:1046F0000DF1130302933B7900933B683246214648
:104700004046FBF704FF00284ED138683A79494605
:1047100004F048FA384600F04FF8002846D13C7AB9
:10472000FA79BB79240444EA02241C432B689A6872
:1047300094423DD99C609DF813000B21FFF77AFF4E
:10474000034658BB0C21FFF775FF034630BB0A2117
:10475000FFF770FF034608BB7B7ABA7AFF7A3F0403
:1047600047EA02271F433A46334621460920FFF70E
:1047700015FD034690B933463A4621460820FFF717
:104780000DFD034650B92A689DF813109170002161
:10479000D1604FF0FF31C2E90411916118460FB0AA
:1047A000BDE8F0830A23F9E70F23F7E71023F5E7C5
:1047B0000323F3E72450002010B50446002845D019
:1047C0000168002942D011F8013B437103220630F1
:1047D00004F0E8F92046032250F8091B043104F0E4
:1047E000E1F92168CB79E3600A7A43EA0223E360C6
:1047F0004A7A43EA0243E3608A7A43EA0263E36067
:10480000CB7A23740B7B63742379212B1AD110226A
:104810000D3104F1120004F0C5F91D222168501C6D
:104820008B5C6362085C43EA0023901C6362085C53
:10483000033243EA004363628A5C43EA02636362D1
:10484000002010BD112B03DC0D22E7E70220F8E762
:104850000120F6E710B50446002854D0016800296D
:1048600051D00B7843714B7883608A7843EA0223F6
:104870008360CA7843EA024383600A7943EA0263A9
:1048800083604B7903738B79C381CA7943EA02232E
:10489000027BC38102F00F020831103004F082F96C
:1048A000237B002203F00F0384F8202084F82820C3
:1048B000227903F10800111A04290DDD216809335A
:1048C000043AD21A085C84F82000D2B2606A84F8F4
:1048D0002820194404F066F9237922681A4400203C
:1048E00012F8043CE36212F8031C43EA0123E3627A
:1048F00012F8021C43EA0143E36212F8012C43EA76
:104900000263E36210BD0220FCE710B5044660B309
:10491000036853B30279162A29D942791A700146DD
:10492000082251F8060B013004F046F9214608220E
:1049300051F80E0B093004F03FF92368E28A5A74EB
:10494000E38A22681B0A93742368A269DA74A36954
:1049500022681B0A13752368628B5A752368E27EEE
:104960009A7517232371002010BD0120FCE7022057
:10497000FAE738B50446002863D00168002960D002
:10498000037B90F8282003F00F03002A57D1083347
:10499000207904321344984255D363790B7023680D
:1049A000A2685A70A36822681B0A93702368628900
:1049B000DA702368E27A1A712368227B5A712368BD
:1049C000E2899A71E38922681B0A2146D371227B0E
:1049D00051F8100B02F00F02083004F0E3F8237BCB
:1049E00094F8282003F00F0303F108052AB1226888
:1049F00094F82010515503F10905206894F82820F7
:104A0000616A284404F0CEF894F828302268E16AFC
:104A10002B44D1545A1CE16A206892B2090A81548D
:104A20009A1C2168E08D92B28854DA1C216894F8AF
:104A30002F0092B2043388542371002038BD09330B
:104A4000A6E70120FAE70220F8E708289DBF40F218
:104A5000A31323FA00F000F0010000207047034682
:104A600082B00846082B15D8DFE803F005081414B7
:104A7000140B140E110002B000F00CBA02B000F0DA
:104A80006DBF02B002F096B802B002F0E1BD02B014
:104A900003F024BB002002B0704703460846082BF1
:104AA00010D8DFE803F005070F0F0F090F0B0D00FB
:104AB00000F0AABA01F018B802F018B902F068BE06
:104AC00003F0B2BB704703460846082B10D8DFE856
:104AD00003F005070F0F0F090F0B0D0000F0B0BA20
:104AE00001F01EB802F01EB902F06EBE03F0B8BBB2
:104AF0007047034608461146082B10D8DFE803F03C
:104B000005070F0F0F090F0B0D0000F0EDBA01F0B4
:104B100093B802F06DB902F0B3BE03F02DBC0020D3
:104B2000704703460846082B10D8DFE803F0050756
:104B30000F0F0F090F0B0D0000F036BE01F0A8B8E3
:104B400002F0B8BC03F0F6B903F038BC7047034676
:104B50000846082B10D8DFE803F005070F0F0F09F0
:104B60000F0B0D0000F0ECBA01F0BEB802F066B910
:104B700002F0ACBE03F04EBC0020704730B40446D7
:104B8000084611461A46029B082C15D8DFE804F0A7
:104B900005081414140B140E110030BC00F0EABA0E
:104BA00030BC01F0D7B830BC02F062B930BC02F0C2
:104BB000A7BE30BC03F06CBC30BC7047034608464F
:104BC0001146082B10D8DFE803F005070F0F0F0977
:104BD0000F0B0D0000F000BB01F0E8B802F07AB94D
:104BE00002F0C0BE03F080BC0020704710B4044641
:104BF000084611461A46082C15D8DFE804F00508C7
:104C00001414140B140E110010BC00F05DBB10BC8A
:104C100001F026B910BC02F0D5B910BC02F01ABFE1
:104C200010BC03F0BBBC002010BC704770B405463C
:104C3000084611461A46DDE90334082D1AD8DFE884
:104C400005F005091919190D19111500039470BC07
:104C500000F0C6BB039470BC01F070B9039470BC43
:104C600002F03CBA039470BC02F080BF039470BCA5
:104C700003F01EBD002070BC704703460846082B99
:104C800010D8DFE803F005070F0F0F090F0B0D0019
:104C900000F05EBC01F066BA02F0CEBA03F01AB8BA
:104CA00003F01ABE0020704703460846082B10D8B0
:104CB000DFE803F005070F0F0F090F0B0D0000F0E1
:104CC000B1BD01F072BA02F033BC03F071B903F068
:104CD0002CBE0020704703460846082B10D8DFE89A
:104CE00003F005070F0F0F090F0B0D0000F04BBC71
:104CF00001F05EBA02F0BEBA03F00BB803F018BEC2
:104D00000020704703460846082B10D8DFE803F060
:104D100005070F0F0F090F0B0D0000F037BC01F056
:104D200049BA02F0ABBA02F0F7BF03F004BE0020AC
:104D30007047034608461146082B10D8DFE803F0F9
:104D400005070F0F0F090F0B0D0000F041BC01F01C
:104D500035BA02F0BBBA03F001B803F0EFBD002092
:104D6000704730B40446084611461A46029B082C88
:104D700015D8DFE804F005081414140B140E110004
:104D800030BC00F027BC30BC01F030BA30BC02F0BF
:104D90009FBA30BC02F0E4BF30BC03F0E7BD09208D
:104DA00030BC704703460846082B10D8DFE803F0F4
:104DB00005070F0F0F090F0B0D0000F055BD01F097
:104DC000BBBA02F0D7BB03F015B903F075BE70474C
:104DD00010B40446084611461A46082C15D8DFE8D8
:104DE00004F005081414140B140E110010BC00F08C
:104DF00065BD10BC01F0CABA10BC02F0E5BB10BC26
:104E000003F022B910BC03F0A1BEC8B210BC7047B9
:104E10000048704703000101064B10B51B6A0446A9
:104E2000984730B10448054B204498428CBF00207D
:104E3000012010BD30E10108403576C9405DC60053
:104E4000F0B5114B85B00C4610491F56054601F0D0
:104E5000F7FD0F4BE4B25E6A072D4FF00103CDE979
:104E6000024301460AD105220023CDE900234FF475
:104E70007A727A431846B04705B0F0BD0822002088
:104E8000CDE900203A46F5E760DE010840DE010882
:104E900030E101081FB5002300930378013B382B54
:104EA00000F28580DFE803F01D2383838320838362
:104EB00083834042444B835356595C5F6265836DE4
:104EC000206F74797B7E7E808725838383838383B1
:104ED00083838383838383898B9083838990839265
:104EE0009600C378002B62D0022300935FE08378A2
:104EF000F8E743788DF8043007238DF80530837880
:104F0000003B18BF01235B008DF8063010238DF89D
:104F10000730334B1B6801A803F59062CDE90223EB
:104F200001F06EFD009042E04023DEE72023DCE745
:104F3000827890F9013042B92A4AD35CD5E7827869
:104F400090F901300AB9284AF7E7284AF5E740F610
:104F5000B833CAE74FF47A73C7E74FF4FA63C4E78C
:104F600041F28833C1E741F27073BEE74FF48043EA
:104F7000BBE71F484FF47A7103F0F8FD00F5FA60C3
:104F8000D0E71C4BB1E7164B1B6803F59063ACE709
:104F9000134B1B6803F28C43A7E71023A5E7104BC4
:104FA0001B68A2E70123A0E74FF08343009300981A
:104FB00005B05DF804FB104BF8E7104B95E740F2A5
:104FC0001123ADF80030F2E703238EE790F90130AA
:104FD0000B4AB2E70B4990F9010001F031FDA1E75E
:104FE0002850002035DE01082DDE010825DE0108ED
:104FF00018FCFFFF00EA06379A99094040F7093785
:1050000060DE010840DE010837B50B4B02781B68F3
:105010000C2101FB02335B7A03EB4304074B1D6851
:1050200003690093C3684278816805EBC40001F00E
:1050300082FA03B030BD00BF285000202C50002061
:1050400030B587B0027A6423ADF80030012A4FF002
:105050000003CDE90133CDE9033301468DF8023079
:105060008DF8143027D0022A2ED012BB006800B36E
:105070004B68F3B1194A1A4C106069461822236034
:1050800003F090FD174B246893E807000C3384E885
:10509000070093E8070004F10C05032385E80700E7
:1050A000A4F88C34012204F28C4104F5906001F0E4
:1050B00033FA07B030BD0A4908684360036100F263
:1050C0008C4100F59060F2E7054B1B68B3F8802433
:1050D000B3F88C140A43A3F88024EAE72C5000208C
:1050E00028500020ACCE010808B503460A2924D870
:1050F000DFE801F006232323230B161B23212100C5
:10510000BDE808400068FFF787BE90F90000997875
:10511000072271B901F0C0F9003818BF012008BD9D
:10512000052293F900000021F4E790F90000597876
:10513000EEE70221EEE70722F3E70020EFE70000A9
:1051400008B502791AB1012A0BD0002008BD084B1E
:1051500001681B68012203F5906001F0DDF9012070
:10516000F4E7034B01681B6803F28C40F5E700BFCE
:1051700028500020F7B50728144D1C46A8BF07206B
:1051800058700E462946174601F05AFC94F9013032
:10519000A070072B13D1322001F052FB0C4BDB6DBA
:1051A0000546984704F10C02083403460192009426
:1051B0003A463146284601F048FB03B0F0BD054AA7
:1051C00055F82310D05C01F033FBE7E740DE01081F
:1051D00030E1010860DE01082DE9F04F344F90F90D
:1051E00001607B68D0F804908BB0044688469847ED
:1051F0000546002859D1E37C73B92E4A23781268FA
:1052000003EB4303990002EB8303D3F80490B9F155
:10521000000F01D152F80190274B484613F906B010
:10522000FB689847A37C2289D7F818A00993072E1A
:1052300028D100230121CDE90223204A0693CDE99C
:105240000431CDE907330521CDE900214FF47A720D
:1052500002FB0BF24CF250311846D047637C13B37B
:10526000174B995D7B6D0D31C9B228469847E07C9C
:105270003246494601F0F6FB88F8006001200BB089
:10528000BDE8F08F002101250823CDE90013CDE909
:105290000715CDE90511CDE903110292A1782B463E
:1052A0005A462846D9E7074BDBE70020E7E700BF6F
:1052B00030E101082850002060DE0108854501002A
:1052C0002DDE010835DE01082DE9F04F8DB090F993
:1052D0000130DFF8F8A0DFF8F890CDE90A123D4A76
:1052E000017812F903B0DAF800203B4B0C2505FBDE
:1052F00001221B68527A182101FB0233044693F9FC
:10530000021090F9020001F096FB3449064694F928
:10531000010001F095FBA26861688046304601F00B
:10532000BCFA2178DAF80020D9F80C306943074636
:1053300050589847D9F81C309C4694F90130002504
:10534000072B4FF47A63CDE90753CDE905552DD1ED
:105350000123CDE903530523CDE901534FF47A73BB
:1053600003FB0BF300933946434646F2A812284646
:105370006746B8472378DAF800200C214B4394F9AC
:105380000110D05801F090FBA18994F90100FFF7BA
:1053900057FD0B9B217B1860D9F85430284698475D
:1053A0000A9B01201E700DB0BDE8F08F012008237C
:1053B000CDE90350CDE901032A46CDF800B065469A
:1053C00043463946A84701200546D3E72850002028
:1053D00030E1010860DE01082C50002040DE0108A9
:1053E0002DE9F04F8FB0002405468A469146984635
:1053F0000494ADF81440ADF8024007264FF0010BBD
:105400002B7AA34206D9686804A9204401F0A8F9C0
:1054100000285DD102238DF8083002A86B7A8DF840
:105420000A30FFF737FDAB7A8DF81D309DF811304B
:105430008DF81E309DF812308DF81F309DF8103019
:105440008DF82030EB7A8DF821302B7B8DF82230CF
:105450006B7B8DF8233010238DF81C608DF8243081
:105460003A4E8DF82C000DF102030A93072332689F
:105470008DF82D30ADF834302B680C9206930DF179
:10548000120204AB0DF1110106A801F083F90728FF
:1054900005460BD130680C22002100F5906003F026
:1054A00095FB3368BDF80220A3F880249DF81130E5
:1054B0008AF800309DF8123089F800309DF81030DD
:1054C00088F80030189B28461C700FB0BDE8F08F9C
:1054D0009DF81330BDF81470ADF802702044C4B2CA
:1054E000F3B917B3194A00201168072602464FF096
:1054F0000C0C062B1BD10CFB00FE51F80EE0BEF18C
:10550000000F04D00BFA00F23A4397B201220130A7
:105510001028EED1002A3FF473AFADF802706FE7A8
:105520005A1E042A01D9062BDCD0062668E747FA62
:1055300000FE1EF0010FEAD00CFB00FE51F80EE059
:10554000BEF1000F08BF0626E1E700BF285000208B
:1055500038B505464068FFF75FFC0722841D00212F
:1055600095F90000E4B200F097FF08B904F0FD04DB
:1055700095F901000722002100F08EFF08B904F020
:10558000FB04204638BD00207047000010B50378AA
:105590000F2B044618D84068FFF73EFC22780B49D1
:1055A00002EB42020968831C01EB820051F82220C1
:1055B000DBB21AB903F0FD0358B210BD032B06BFCE
:1055C000626842600223F7E70020F6E728500020D7
:1055D000022070472DE9F0413A4D0446286896B004
:1055E0000E46904600211F460122032300F59060DD
:1055F000CDE90411CDE906118DF80C108DF80D10D0
:10560000ADF80E3000F06AFF30B92A68B2F8803485
:1056100043F00303A2F880342A68637A8DF82030BF
:1056200002F59061CDE90912274A94F90830126811
:105630000B921022ADF830200DF10E020D9222686F
:105640000E9262680F92D4E90301A27A8DF840208D
:1056500001228DF8412011AA82E80300227DE18A0F
:105660008DF8213018468DF84C20FFF7E9FB08AB88
:1056700015930DF10D0314900093CDF8048003AB46
:1056800004AA39460EA801F077F9044678B99DF8C6
:105690000C10013903F06AFA00F158030DEB030016
:1056A00010F8483C3370204616B0BDE8F0810C2855
:1056B00001BF2A68B2F8803443F00303A2F88034B3
:1056C000F1E700BF285000202C500020F8B50679E3
:1056D000012E054648D90F2E48D80368187A40F3A2
:1056E00003000722002140B200F0D6FE2B680446DA
:1056F000187A40F303100722002140B200F0CCFEDC
:10570000B8B1B4FA84F4640929680B7A086843F3E1
:10571000030243F303135BB252B29A42C8BF01249F
:10572000FFF77AFB80F00103DBB224B10533D8B276
:10573000F8BD0124E8E7DBB90E4F29683B6806EBAA
:10574000460003EB80000C2203F02CFA3A680C238D
:1057500003FB062320465C72B2F880140123B34099
:105760000B43A2F88034E3E70620E1E70320DFE7FC
:105770000420DDE72850002010B4017801290ED95B
:10578000084B18680C234B43C4180022C250C4E9CC
:10579000012200F5906010BC102200F086BE0020AF
:1057A00010BC7047285000202DE9F04186B05023EE
:1057B0008DF814300379102B074630D10368DD7B58
:1057C0006DBB0224A8466426062C14D83A68535DA3
:1057D00003932A44517843EA01230393927843EADE
:1057E00002437343CDE9033863B968468DF800403E
:1057F000FFF7C2FF0DE0CDF80C808DF81480CDF8D6
:105800001080F2E703AB01A801938DF80840FFF781
:105810005DFF0134E4B2102C05F10305D4D106B0CC
:10582000BDE8F0811FB502680379116849B901A884
:105830008DF80430FFF7A0FF78B1032005B05DF8C4
:1058400004FB02A802928DF80C30FFF73FFF0428FA
:1058500005D0052805D00028EFD00020EEE7022073
:10586000ECE70120EAE7000070B5114E01783268DC
:10587000104B0C2505FB01221B68527A182101FBF5
:105880000233044693F9021090F9020001F0D3F8B4
:105890002378326861686B43D558A26800F0FDFF39
:1058A000054BA289DB6B01462846BDE870401847CE
:1058B000285000202C50002030E10108074B9B5657
:1058C000C91A431E5842584140008842B8BF084692
:1058D0000528A8BF0520C0B2704700BF1DDE010823
:1058E00030B50B4B85B00C460A491D5601F0A8F89F
:1058F000082201460020CDE90020074A0123E4B236
:1059000002940393546A18462A46A04705B030BD56
:105910000CDF0108CCDE010830E101080B4B10B5AB
:105920001B6A0446984768B1094B0A4A23449342CC
:1059300009D8094A534341F6F632B2EBB31F2CBFE4
:105940000120002010BD0020FCE700BF30E101086D
:10595000608FF7C8401640005FF743591FB500231A
:1059600000930378013B382B00F28880DFE803F0D6
:105970001D2186868624868686864244464F865723
:105980005A5D6063666986711F73787D7F82868445
:105990008A27868686868686868686868686868CFC
:1059A000921F1F868C1F1F9A9E00C37823B908235D
:1059B00003E08378002B61D0022300935EE04378FC
:1059C0008DF8043006238DF805308378003B18BF2E
:1059D00001235B008DF8063048238DF80730364BE5
:1059E0001B6801A803F59062CDE9022301F008F8D5
:1059F000009043E04023E0E72023DEE7827890F93F
:105A0000013012B92D4AD35CD7E72D4AFBE78278E3
:105A100090F901300AB92B4AF5E72B4AF3E740F633
:105A2000B833CAE74FF47A73C7E74FF4FA63C4E7B1
:105A300041F28833C1E741F27073BEE74FF480430F
:105A4000BBE722484FF47A7103F090F800F5FA6052
:105A5000CEE71F4BB1E7184B1B6803F59063ACE72B
:105A6000154B1B6803F28C43A7E74823A5E7124BAD
:105A70001B68A2E70123A0E7164B0093009805B02E
:105A80005DF804FB144BF8E7144A1149007900F063
:105A9000D3FCADE740F21333ADF8003001238DF8AD
:105AA0000230EBE790F901300D4AACE70D4990F96F
:105AB000010000F0C5FF9BE73050002092DE010896
:105AC00076DE010884DE010868DE010818FCFFFFAD
:105AD000A07008370000F0419A990940C0270900DA
:105AE0000CDF0108CCDE010837B50B4B02781B68D0
:105AF0000C2101FB02335B7A03EB4304074B1D6867
:105B000003690093C3684278816805EBC40000F024
:105B100012FD03B030BD00BF3050002034500020D3
:105B2000F0B587B00123047AADF800300023CDE949
:105B30000133CDE9033302468DF802308DF814307D
:105B400024B1013C012C4FD907B0F0BD00680028FA
:105B5000FAD05368002BF7D0314E324DA0F89C405C
:105B6000182269462860336003F01CF830682E4B19
:105B70002E4F024601464FF0500C0B6003F54333A5
:105B800003F5A073BB4281F808C04C7201F10C010F
:105B9000F3D1274B274966270024C2F8003303F5C9
:105BA000C31303F520638B4282F8087382F809431C
:105BB00002F10C02F1D14FF0FF33C0F88C34C0F881
:105BC0009034FF23C0F8943400F28C41062200F593
:105BD000906000F0A1FC31682868062201F5906110
:105BE000903000F099FCAFE70D4C2068062200F2DF
:105BF0008C4100F5906000F08FFC0A4B21681B6817
:105C000001F27E4103F18E029A3332F8020F31F82D
:105C1000024F9A4200EA04001080F6D194E700BFD8
:105C2000305000203450002000D88C3600285037E7
:105C30006086973660D65A3708B503460A2925D8B4
:105C4000DFE801F006242424240B0B16241F1F0078
:105C5000BDE808400068FFF761BE997890F9000040
:105C6000062261B900F018FC003818BF012008BDF9
:105C70009B7890F900000D220BB90821F2E7022170
:105C8000F0E790F900000E220021EBE70020EEE79C
:105C9000F0B50379102B22D10468E37B012B1ED1D0
:105CA0000F4B1D680F4B196805F27E408E310022A4
:105CB000671C14F8123020F8023F17F81260042A0B
:105CC00043EA0623038004BFDBB2A5F8883431F829
:105CD000023F068801323340052A0B80E9D1F0BD2E
:105CE000305000203450002038B504791CB1012C0C
:105CF00022D0002038BD154D01682B68062203F51F
:105D0000906000F009FC2B6893F89424A3F8942485
:105D10000F4AA3F89644126803F27E4302F18E0103
:105D20009A3231F8020F33F8024F914200EA040030
:105D30000880F6D10120DDE7044B01681B680622CC
:105D400003F28C4000F0E8FBF4E700BF3050002085
:105D500034500020F7B50D28114DA8BF0D201C466A
:105D60000E4658702946174600F06AFE94F9013035
:105D70000C4A55F82310A070D05C00F059FD0A4B76
:105D8000DB6D0546984704F10C0208340346019286
:105D900000943A463146284600F057FD03B0F0BD66
:105DA000CCDE01080CDF010830E101082DE9F047E5
:105DB000DFF8948090F90160D8F8043047688AB021
:105DC00004468946984700283CD1E37C33B92378C0
:105DD0001E4A1F4F03F0070302FB03771D4B384693
:105DE00013F906A0D8F80C309847A37C0993002536
:105DF0000123CDE90753CDE90555CDE903552289A6
:105E000002920822CDE900521846D8F81850A1781D
:105E10005246A847637C9BB10F4B9B5D03F10D017C
:105E2000C9B2D8F8543001209847E07C3246394650
:105E300000F018FE89F8006001200AB0BDE8F08784
:105E4000064BEAE70020F8E730E10108C027090027
:105E5000A07008370CDF010884DE010892DE01081B
:105E60002DE9F04F8FB090F90130DFF8BC900C9223
:105E70002E4A2F4ED756D9F800202E4B8A4601784D
:105E80001B684FF00C0808FB01221821527A01FB15
:105E90000233044693F9021090F9020000F0CBFDA2
:105EA0002549834694F9010000F0CAFDA2686168A3
:105EB0000B90584600F0F1FC2178D9F80020F368E7
:105EC0000D9008FB01F101255058984700224FF42E
:105ED0007A63CDE907230823CDE90522CDE903251F
:105EE000CDE901530D990B9B00972846F769B847F8
:105EF0002378D9F8002094F9011008FB03F3D05857
:105F000000F0D2FD736D217B28469847A18994F952
:105F10000100FFF7E5FC0C9B186028468AF800B0EA
:105F20000FB0BDE8F08F00BF305000200CDF01083B
:105F300030E1010834500020CCDE01082DE9F04F9B
:105F4000864F95B0CDE901123968039309AE00245C
:105F50000546062201F590613046C6E901440794E2
:105F6000ADF82040099400F0D7FAA0464FF0FF3971
:105F70002B7AA34205D9686807A9204400F0F0FBFA
:105F800068B99DF91D30052B66DC0422002109A8A3
:105F900000F0A4FA01285FD84FF006085EE09DF8F3
:105FA0001F30BDF820102044062BC4B205D1CDE926
:105FB0000999C9B2ADF82C10DAE7072B02D1CDE967
:105FC0000988F6E7052B41D14FF0000CC9B26046B5
:105FD0004FF0010B14AB0BFA0CF203EB400E114225
:105FE0003EF82C3C0CF0010A1CD092B2BAF1000F22
:105FF0000ED143F0FF032EF82C3CBDF82C30134398
:106000000CF1010CBCF1080FADF82C30E2D1AFE778
:1060100063F0FF032EF82C3CBDF82C301343013005
:10602000C0B2EDE7D24392B2BAF1000F07D123F02C
:10603000FF032EF82C3CBDF82C301340E0E7DBB218
:106040002EF82C3CBDF82C301340E8E714AA02EBE4
:10605000430323F82C1C8BE74FF0070802238DF82D
:10606000143005A86B7A8DF81630FFF777FCAB7A01
:106070008DF835309DF81D308DF836309DF81E3086
:106080008DF837309DF81C308DF83830EB7A8DF86C
:1060900039302B7B8DF83A306B7B8DF83B304823C1
:1060A0008DF83C303B6812930E23ADF84C302B68D2
:1060B00004908DF834808DF844000C934FF006085E
:1060C00007AB0DF11E020DF11D010CA810968DF805
:1060D000458000F05FFB072805462DD13868424611
:1060E000314600F5906000F017FA1D4B3A681B68C6
:1060F000B2F88004B3F890100140A3F89010B2F801
:106100008204B3F892100140A3F89210B2F884040C
:10611000B3F894100140A3F89410B2F88604B3F8D1
:1061200096100140A3F89610B2F88814B2F88A24A9
:10613000A3F89810A3F89A20019A9DF81D301370C7
:10614000029A9DF81E301370039A9DF81C3013704C
:106150001E9B28461C7015B0BDE8F08F3050002003
:106160003450002038B505464068FFF7D7FB0D22B4
:10617000841D082195F90000E4B200F08DF908B9FA
:1061800004F0FD0495F90030072B01D00D2B01DD43
:1061900004F0FD0495F901000522002100F07CF9CE
:1061A00008B904F0FB04204638BD4FF0FF307047BB
:1061B000002070474FF0FF30704700000A4B1A680C
:1061C00092F89D3069B90133DBB282F89D30C3EBA0
:1061D000C30203EBC203DBB21C2B8CBF02200620E0
:1061E0007047013BF0E700BF345000202DE9F04735
:1061F0000025A4B04E4F8DF80E5004460E46914631
:106200002946442213A898468DF80F50129505F0A0
:1062100063FC3868DFF81CA129460422903000F0A6
:106220005DF9054658B9DAF800103868042201F51E
:106230009061903000F070F93B6883F89C5094F9BD
:1062400008303868DAF80020052B06DD90F8981041
:1062500019B9B2F88814A0F89810617A8DF8101066
:1062600000F19001CDE905124822ADF8202000226E
:10627000099222680A92626807900B92D4E903019E
:10628000A27A8DF8302001228DF831200DAA82E803
:106290000300227DE18A8DF8113018468DF83C20EC
:1062A000FFF71EFB04AB11930DF10F031090009349
:1062B000CDF804900DF10E0312AA41460AA800F091
:1062C0005BFB054698B9637AABB19DF80E100139B6
:1062D00002F04CFC00F190030DEB030010F8483C79
:1062E0003370386831784822903000F0DEF8284664
:1062F00024B0BDE8F08794F908303868022B0DD03F
:1063000090F898002B46D9B240FA01F1C9071A4615
:1063100003F10103F7D502F14003E1E700F19C012D
:106320003246903000F042F80328DAD10546DEE725
:10633000345000203050002070B5114E0178326882
:10634000104B0C2505FB01221B68527A182101FB1A
:106350000233044693F9021090F9020000F06BFB3F
:106360002378326861686B43D558A26800F095FACB
:10637000054BA289DB6B01462846BDE870401847F3
:10638000305000203450002030E10108064B10B599
:10639000062404FB01339B56002B03DA003818BF98
:1063A00001204300D8B210BDA0DE01082DE9F34161
:1063B0000023CDE900330E469046074618B9032066
:1063C00002B0BDE8F0810029F9D0002AF7D00C789E
:1063D0006308E00737F813104FF0000354BFC9B249
:1063E000090A1D4641FA03F2D20706D505F1080253
:1063F0006A44013502F8083CEDB20133082BF1D1B3
:106400006DB1691E002002F0B1FB00F108030DEB35
:10641000030010F8083C03EBC40388F80030013493
:10642000E4B2082C28BF00241DB93378A342CFD191
:10643000C5E734700020C3E702FB00107047F0B5D9
:106440009A42069D03DB9DF914309A4220DD00201C
:10645000F0BD03EB430331F814C005EB83030026C2
:106460004CFA06F7FF0707D51F7A07F00F0E96457F
:1064700002DCB2EB171F0DDD0136102E03F10C0309
:10648000EED10134E4B22301DBB29842E1D8DEE779
:106490000024F8E70120DBE7884204DB9042CCBF10
:1064A0000020012070470020704710B51409B4EB9C
:1064B000111F03464FEA11100ED391420CD202B2C3
:1064C00001F00F0133F81240012000FA01F124EA33
:1064D000010123F8121010BD0020FCE7F0B528B12F
:1064E00000EB410501270020914200D3F0BD0024BC
:1064F00035F802CB234607FA04F636EA0C0608BF45
:10650000013304F1010408BFDBB2102CF3D11844AD
:106510000131C0B2C9B2E7E710B500B149B910BD49
:1065200031F8134020F813400133DCB2A242F7D80F
:10653000F5E70023F9E782B030B504880493D2B9B7
:10654000B3F5616F15D349F6AF2542F21072AB4235
:1065500098BF4FF47A72944238BF14466143BDE845
:106560003040C3688B428CBF5B1A0023C36002B00B
:1065700070476422EFE7012C38BF0124EEE70000EA
:106580002DE9F04F8FB01546199F03939DF86030A9
:1065900007930C46804604F069FD6A4A0590A7F50A
:1065A000F633303BB3FBF2F3534303F5F63B04936E
:1065B000182313FB05430BF1300B069300254FF016
:1065C000FF3A069B9C4207D1002D14BF50464FF066
:1065D000FF300FB0BDE8F08FBDF96830ADF8243062
:1065E000099919973846089704F0E2FA2688B8F115
:1065F000000F5FD1B7F5616F5AD349F6AF2242F26F
:106600001073974298BF4FF47A739E4238BF1E466C
:10661000642E59D1DFF83091A060A1680CA804F075
:10662000E9FA0D9B0093DDE908120C9B0AA804F01F
:1066300040FA039A0A9B0AB9079A2AB122694A4585
:1066400002D1424A93420ED9414BC4F80C909F426A
:1066500009D90023ADF82C300B99CDF828B0584655
:1066600004F0A6FAA060606808B9C4F80C90C4F8F9
:106670001090B8F1000F04D004F002FDE368034469
:10668000E360D4E903329342059B88BFE260636014
:106690001B9BE1687343994204D20398E8B9B8F1AF
:1066A000000F1AD001231D442375EDB2183488E77A
:1066B0006423AAE7039B0BB9234BE360012EDFF8A9
:1066C000889038BF0126CEE7B6F57A7F0ABFDFF89B
:1066D0008490DFF88490A0609FE7002093422075AB
:1066E00006D85B1A9A4505F1010528BF9A46EDB216
:1066F000B8F1000FDAD1642E184AADF82C801DD005
:1067000049F6B023B6F57A7F18BF1346974281BF8A
:10671000049A02F5A83202F5C0729B180A931A9BDC
:1067200000930AAE96E80600199B304604F0C1F9C2
:1067300096E8030004F03CFA8246B7E74FF4616341
:10674000E4E700BF8051010040771B007F5101004A
:106750002FEC010080A81201002E930230EC010002
:106760000378032B14D1437803F00F021B098A70BE
:106770004B7083788B80C27843EA02238B80037945
:10678000C3F3021203F00F03CA700B7005207047A9
:10679000002070472DE9F3479A464379057990F92F
:1067A00007609146044690F906208846D3B190F9D7
:1067B0000870002D37D00F2A1BD194F909200F2E15
:1067C00027D194F90A00072D02D1002F08BF012715
:1067D00088F8002089F8000028468AF8007002B086
:1067E000BDE8F08790F90B7090F9092090F90A60E4
:1067F000DFE7A369019394F91530009394F91430FD
:106800002169207BFFF71BFE0028D8D105F0FD058C
:10681000D5E794F91D00B042D5DC94F91C30B342A1
:1068200003DA05F0FB053046D2E73046CBE700003F
:10683000024B03FA00F0B0FBF1F0704740420F004A
:106840004FF4FA53B3FBF0F0704730B54FF47A755C
:106850000C1F6A4300FB042252001EBF00F1FF34EC
:106860001219B2FBF0F2914238BF1146039A11603F
:10687000820048431CBF013040084FF47A71121A5D
:1068800001FB1323002BCABF03F2E73393FBF1F1A3
:10689000B3FBF1F1049B196030BD38B540001446DC
:1068A0000D46EEF7E7FF01462846EEF731FF214699
:1068B000EEF72EFFEEF720FE06F05EFAEEF7FCFE96
:1068C00040B238BD2DE9F74F019300239C469E4608
:1068D000048A1E01F6B2B44246D906EB46054FEAD9
:1068E0004309AD000024476837F809702741FF07C6
:1068F00029D5876807EB050A7F5927B3077837B989
:10690000476927B137F809702741FF071BD59AF867
:10691000087090F901B047F303084FFA88F8D8459A
:1069200011DC47F303177FB25F450CDB9AF809705F
:1069300007EB4708C76807EBC8073F7D5FB90CF155
:10694000010C5FFA8CFC0134102C05F10C05CAD146
:106950000133DBB2BCE70EF1010706EB040801F8D6
:106960000E805FFA87FEEEE7019B82F800E083F875
:1069700000C003B0BDE8F08F2DE9FF470446406832
:10698000DDE90C671D468A46914604F079FB2368D1
:106990001B1A3B604FF000080123337085F800801C
:1069A000636813B12368834224D8D4F81CC0CAF8A2
:1069B0000080A3699CF800E00393D4E9030101ABD4
:1069C00083E80300237D0093DCF80C10237A627ABD
:1069D0007046FFF7D5FD334638602A46E0694946E0
:1069E000FFF770FF2B782BB1C7F80080002004B0B0
:1069F000BDE8F0873378002B0CBF0C200B20F6E7A6
:106A000037B590F9002090F90250954204460FD016
:106A1000013A52B295420BD0A368019394F9013028
:106A200000936168E0782B46FFF709FD0028EFD05E
:106A3000104603B030BD8842B8BF0846704700001A
:106A400051F82000054B984205D0054BC31A584217
:106A50005841400070470120704700BF90D00300AC
:106A600020A1070005281FB50ED80C4B53F8203085
:106A70000093CDE901120A4B01220021022004F00B
:106A8000CFFC05B05DF804FBCDE90012054B0122F7
:106A90000021022004F0C4FCF3E700BF88DF0108F6
:106AA0001CDF01083BDF010807B5054BCDE90001FC
:106AB00001220021022004F0B3FC03B05DF804FBC6
:106AC00057DF0108F0B5114B85B00C4610491F5631
:106AD0000546FFF7B5FF0F4BE4B25E6A072D4FF096
:106AE0000103CDE9024301460AD105220023CDE985
:106AF00000234FF47A727A431846B04705B0F0BDD0
:106B000008220020CDE900203A46F5E7D0DF010851
:106B1000B0DF010830E1010838B5194B1B6A0446A3
:106B20000D46984758B1174B174A2344934207D94B
:106B3000164B174A234493420CD800232B7038BDC0
:106B40000223FBE70123F9E70523F7E70323F5E732
:106B50000423F3E70F4B104A23449342F2D90F4B1F
:106B60000F4A23449342EFD90E4B0F4A23449342DA
:106B7000ECD90E4B0E4A23449342E9D90020DEE7BC
:106B800030E1010840AA8FCC7F841E00C02571CC63
:106B9000C0C62D00FF5E43CCBF270900A0B038CC93
:106BA00020A1070040022ECC90D00300606E29CCBB
:106BB000E09304001FB50023009303780B3B2E2BBA
:106BC0006CD8DFE803F02D3032373B3D4043464977
:106BD0004C4F6B576B595E63656B6B686F186B6BD3
:106BE0006B6B6B6B6B6B6B6B6B6B6B5771766B6BF8
:106BF00057766B787C0043788DF8043007238DF846
:106C000005304FF48053ADF80630304B1B6801A8B7
:106C100003F59062CDE90223FFF7F2FE00903DE01C
:106C2000402300933AE02023FBE790F90130284A03
:106C3000D35CF6E790F90130264AF9E70123F0E743
:106C400040F6B833EDE74FF47A73EAE74FF4FA63AE
:106C5000E7E741F28833E4E741F27073E1E74FF48C
:106C60008043DEE71C484FF47A7101F07FFF00F5A6
:106C7000FA60D3E7194BD4E7144B1B6803F5906314
:106C8000CFE7124B1B6803F28C43CAE71023C8E717
:106C90000E4B1B68C5E74FF083430093009805B087
:106CA0005DF804FB0E4BF8E740F21123ADF800301D
:106CB000F4E70323B5E790F901300A4AB8E70A4937
:106CC00090F90100FFF7BCFEA8E700BF3850002094
:106CD000A8DF0108A0DF010818FCFFFF08E6D33396
:106CE0009A990940D0DF0108B0DF010837B50B4B96
:106CF00002781B680C2101FB02335B7A03EB43042F
:106D0000074B1D6803690093C3684278816805EBEF
:106D1000C400FFF710FC03B030BD00BF38500020A6
:106D20003C50002030B5A5B004468E2200210DF164
:106D3000020004F0D1FE4FF47A72ADF83020ADF8C5
:106D40007820227A64230A21012AADF80030ADF8B8
:106D50001830ADF84810ADF860302ED0022A37D088
:106D60004ABB206838B363682BB31E4A1E4C1060C0
:106D700069469022236001F015FF1C4B246893E8BC
:106D8000070084E8070003F10C0207CA04F10C05B0
:106D9000183385E8070093E8070004F11805072376
:106DA00085E80700A4F88C34012204F28C4104F534
:106DB0009060FFF7B1FB25B030BD0B4B1868002386
:106DC00043600361C36100F28C4100F59060F0E71D
:106DD000054B1B68B3F88024B3F88C140A43A3F85E
:106DE0008024E8E73C50002038500020C4CE010841
:106DF00007B50F291FD8DFE801F00C1E1E1E1E1C50
:106E0000121C1E1C1C1E1E1E1E08012003B05DF855
:106E100004FB0DF107010068FFF77EFEF6E705228F
:106E200090F900000021FFF737FB003818BF012060
:106E3000ECE70722F4E70020E8E7000008B5027954
:106E40001AB1012A0BD0002008BD084B01681B684D
:106E5000012203F59060FFF75FFB0120F4E7034B8D
:106E600001681B6803F28C40F5E700BF3850002032
:106E7000F7B50728144D1C46A8BF072058700E46CA
:106E800029461746FFF7DCFD94F90130A070072B67
:106E900013D13220FFF7D4FC0C4BDB6D054698472D
:106EA00004F10C0208340346019200943A4631463C
:106EB0002846FFF7CAFC03B0F0BD054A55F8231079
:106EC000D05CFFF7B5FCE7E7B0DF010830E101086F
:106ED000D0DF01082DE9F04F344F90F901607B6855
:106EE000D0F804908BB004468846984705460028A1
:106EF00059D1E37C73B92E4A2378126803EB43031C
:106F0000990002EB8303D3F80490B9F1000F01D18B
:106F100052F80190274B484613F906B0FB68984792
:106F2000A37C2289D7F818A00993072E28D1002323
:106F30000121CDE90223204A0693CDE90431CDE9B0
:106F400007330521CDE900214FF47A7202FB0BF2E1
:106F50004CF250311846D047637C13B3174B995D00
:106F60007B6D0D31C9B228469847E07C32464946D0
:106F7000FFF778FD88F8006001200BB0BDE8F08FC6
:106F8000002101250823CDE90013CDE90715CDE93E
:106F90000511CDE903110292A1782B465A462846E5
:106FA000D9E7074BDBE70020E7E700BF30E1010846
:106FB00038500020D0DF010885450100A0DF01081E
:106FC000A8DF01082DE9F04F8DB090F90130DFF80E
:106FD000F8A0DFF8F890CDE90A123D4A017812F9DD
:106FE00003B0DAF800203B4B0C2505FB01221B689F
:106FF000527A182101FB0233044693F9021090F9EA
:107000000200FFF718FD3449064694F90100FFF726
:1070100017FDA268616880463046FFF73EFC217884
:10702000DAF80020D9F80C306943074650589847E1
:10703000D9F81C309C4694F901300025072B4FF4F9
:107040007A63CDE90753CDE905552DD10123CDE96B
:1070500003530523CDE901534FF47A7303FB0BF37C
:1070600000933946434646F2A81228466746B84779
:107070002378DAF800200C214B4394F90110D05802
:10708000FFF712FDA18994F90100FFF71BFD0B9B8F
:10709000217B1860D9F85430284698470A9B012074
:1070A0001E700DB0BDE8F08F01200823CDE903501C
:1070B000CDE901032A46CDF800B06546434639467E
:1070C000A84701200546D3E73850002030E10108E9
:1070D000D0DF01083C500020B0DF01082DE9F04F5F
:1070E0008DB0002405468A46914698460294ADF834
:1070F0000C40ADF8064007264FF0010B2B7AA34257
:1071000006D9686802A92044FFF72AFB002854D159
:10711000AB7A8DF815309DF809308DF816309DF852
:107120000A308DF817309DF808308DF81830EB7A5A
:107130008DF819302B7B8DF81A306B7B8DF81B3056
:1071400010238DF814608DF81C303A4E0DF10603B3
:1071500008934FF4E063ADF8243033680A930723B3
:10716000ADF82C302B6804930DF10A0202AB0DF13F
:10717000090104A8FFF70EFB072805460BD130686C
:107180000C22002100F5906001F020FD3368BDF86D
:107190000620A3F880249DF809308AF800309DF875
:1071A0000A3089F800309DF8083088F80030169BC6
:1071B00028461C700DB0BDE8F08F9DF80B30BDF86F
:1071C0000C70ADF806702044C4B2F3B917B3194A75
:1071D00000201168072602464FF00C0C062B1BD12D
:1071E0000CFB00FE51F80EE0BEF1000F04D00BFACC
:1071F00000F23A4397B2012201301028EED1002A62
:107200003FF47CAFADF8067078E75A1E042A01D926
:10721000062BDCD0062671E747FA00FE1EF0010FB0
:10722000EAD00CFB00FE51F80EE0BEF1000F08BFE3
:107230000626E1E73850002037B505460DF1070175
:107240004068FFF769FC0722841D002195F90000C2
:10725000E4B2FFF721F908B904F0FD0495F9010043
:1072600005220021FFF718F908B904F0FB042046B5
:1072700003B030BD4FF0FF307047000013B5027807
:1072800000230F2A04468DF807301BD80DF10701A3
:107290004068FFF741FC22780B4902EB4202096883
:1072A000831C01EB820051F82220DBB222B903F0EB
:1072B000FD0358B202B010BD032B06BF62684260E6
:1072C0000223F6E71846F5E7385000207047000023
:1072D0002DE9F0413A4D0446286896B00E46904696
:1072E00000211F460122072300F59060CDE904111B
:1072F000CDE906118DF80C108DF80D10ADF80E309B
:10730000FFF7ECF830B92A68B2F8803443F007038D
:10731000A2F880342A68637A8DF8203002F59061F3
:10732000CDE90912274A94F9083012680B9210220D
:10733000ADF830200DF10E020D9222680E926268B7
:107340000F92D4E90301A27A8DF8402006228DF82D
:10735000412011AA82E80300227DE18A8DF82130C4
:1073600018468DF84C20FFF7ADFB08AB15930DF1D7
:107370000D0314900093CDF8048003AB04AA3946A2
:107380000EA8FFF7F9FA044678B99DF80C100139F8
:1073900001F0ECFB00F158030DEB030010F8483C42
:1073A0003370204616B0BDE8F0810C2801BF2A6872
:1073B000B2F8803443F00703A2F88034F1E700BF4D
:1073C000385000203C500020F7B506790027022EE7
:1073D00005468DF807704DD90F2E4DD80368187AE1
:1073E00040F303000722394640B2FFF755F82B68F7
:1073F0000446187A40F303100722394640B2FFF7DB
:107400004BF8D0B1B4FA84F464092868037A0068B0
:1074100043F3030243F303135BB252B20DF10701CE
:107420009A42C8BF0124FFF777FB80F00103DBB26B
:107430002CB10533D8B203B0F0BD0124E5E7EBB9B8
:107440000F4F29683B6806EB460003EB80000C22D7
:1074500001F0A8FB3A689DF807100C2303FB0623F4
:1074600020465972B2F880140123B3400B43A2F8AE
:107470008034E0E70620DEE70320DCE70420DAE7DB
:107480003850002010B4017802290ED9084B186832
:107490000C234B43C4180022C250C4E9012200F55A
:1074A000906010BC1022FFF700B8002010BC70479D
:1074B000385000202DE9F04186B050238DF814306B
:1074C0000379102B074630D10368DD7B6DBB0324A5
:1074D000A8466426072C14D83A68535D03932A44BF
:1074E000517843EA01230393927843EA02437343BA
:1074F000CDE9033863B968468DF80040FFF7C2FF55
:107500000DE0CDF80C808DF81480CDF81080F2E7F6
:1075100003AB01A801938DF80840FFF755FF013434
:10752000E4B2102C05F10305D4D106B0BDE8F0811A
:107530001FB502680379116849B901A88DF80430B4
:10754000FFF7A0FF78B1032005B05DF804FB02A8A7
:1075500002928DF80C30FFF737FF042805D005287C
:1075600005D00028EFD00020EEE70220ECE7012054
:10757000EAE7000070B5114E01783268104B0C2517
:1075800005FB01221B68527A182101FB02330446D5
:1075900093F9021090F90200FFF74DFA2378326850
:1075A00061686B43D558A268FFF777F9054BA2894C
:1075B000DB6B01462846BDE8704018473850002074
:1075C0003C50002030E10108881A40B220EAE07007
:1075D000C0B27047064B10B51B6A0446984730B1DD
:1075E0000448054B204498428CBF0020012010BD68
:1075F00030E10108C02571CC80841E00F0B5114B2C
:1076000085B00C4610491F560546FFF719FA0F4B77
:10761000E4B25E6A072D4FF00103CDE90243014653
:107620000AD105220023CDE900234FF47A727A4370
:107630001846B04705B0F0BD08220020CDE9002073
:107640003A46F5E710E00108F0DF010830E10108F3
:107650001FB50023009303780B3B2E2B6BD8DFE87C
:1076600003F02D3032376A3B3E4144474A4D6A555C
:1076700057595E63656A6A686E186A6A6A6A6A6AF6
:107680006A6A6A6A6A6A6A5570786A6A55786A7A52
:107690007E0043788DF8043007238DF805304FF4D1
:1076A0008053ADF80630314B1B6801A803F590629A
:1076B000CDE90223FFF7A4F900903CE040230093BA
:1076C00039E02023FBE790F90130294AD35CF6E743
:1076D00090F90130274AF9E740F6B833EFE74FF465
:1076E0007A73ECE74FF4FA63E9E741F28833E6E7AF
:1076F00041F27073E3E74FF48043E0E71E484FF434
:107700007A7101F033FA00F5FA60D5E71B4BD6E742
:107710000223D4E7154B1B6803F59063CFE7134BA7
:107720001B6803F28C43CAE71023C8E70F4B1B68A2
:10773000C5E7134B0093009805B05DF804FB114BAF
:10774000F8E740F21313ADF8003003238DF8023050
:10775000F1E70423B3E790F901300B4AB6E70B4990
:1077600090F90100FFF76CF9A6E700BF4050002038
:10777000E8DF0108E0DF010818FCFFFFF080A63316
:107780000000F0419A99094010E00108F0DF01087B
:1077900037B50B4B02781B680C2101FB02335B7A77
:1077A00003EB4304074B1D6803690093C3684278E9
:1077B000816805EBC400FEF7BEFE03B030BD00BF1C
:1077C000405000204450002070B5027A86B0012657
:1077D0000023B242CDE90133CDE903330146ADF8D0
:1077E00000608DF802308DF814302ED0022A36D089
:1077F0004ABB006838B34B682BB31E4A1E4C10605E
:1078000069461822236001F0CDF91C4B246893E8E7
:10781000070084E8070003F10C0207CA04F10C0515
:10782000183385E8070093E8070004F118050723DB
:1078300085E80700A4F88C34324604F28C4104F544
:107840009060FEF769FE06B070BD0B4908684360A2
:107850000361C36100F28C4100F59060F1E7064BD3
:107860001B68B3F88024B3F88C140A43A3F880246F
:10787000E9E700BF4450002040500020E8CE010856
:1078800008B50A291FD8DFE801F0061E1E1E1E10CB
:107890000B101E1C1C00BDE808400068FFF79ABED4
:1078A000052290F90000002105E090F9000006286B
:1078B00009D007220021FEF7EFFD003818BF012094
:1078C00008BD0A22EDE70020FAE7000008B50279BA
:1078D0001AB1012A0BD0002008BD084B01681B68B3
:1078E000012203F59060FEF717FE0120F4E7034B39
:1078F00001681B6803F28C40F5E700BF4050002090
:10790000F7B50728144D1C46A8BF072058700E462F
:1079100029461746FFF794F894F90130A070072B19
:1079200013D13220FEF78CFF0C4BDB6D05469847D8
:1079300004F10C0208340346019200943A463146A1
:107940002846FEF782FF03B0F0BD054A55F8231024
:10795000D05CFEF76DFFE7E7F0DF010830E10108DA
:1079600010E001082DE9F04F344F90F901607B6879
:10797000D0F804908BB00446884698470546002806
:1079800059D1E37C73B92E4A2378126803EB430381
:10799000990002EB8303D3F80490B9F1000F01D1F1
:1079A00052F80190274B484613F906B0FB689847F8
:1079B000A37C2289D7F818A00993072E28D1002389
:1079C0000121CDE90223204A0693CDE90431CDE916
:1079D00007330521CDE900214FF47A7202FB0BF247
:1079E0004CF250311846D047637C13B3174B995D66
:1079F0007B6D0D31C9B228469847E07C3246494636
:107A0000FFF730F888F8006001200BB0BDE8F08F78
:107A1000002101250823CDE90013CDE90715CDE9A3
:107A20000511CDE903110292A1782B465A4628464A
:107A3000D9E7074BDBE70020E7E700BF30E10108AB
:107A40004050002010E0010885450100E0DF0108FA
:107A5000E8DF01082DE9F04F8DB090F90130DFF833
:107A6000F8A0DFF8F890CDE90A123D4A017812F942
:107A700003B0DAF800203B4B0C2505FB01221B6804
:107A8000527A182101FB0233044693F9021090F94F
:107A90000200FEF7D0FF3449064694F90100FEF7D4
:107AA000CFFFA268616880463046FEF7F6FE217877
:107AB000DAF80020D9F80C30694307465058984747
:107AC000D9F81C309C4694F901300025072B4FF45F
:107AD0007A63CDE90753CDE905552DD10123CDE9D1
:107AE00003530523CDE901534FF47A7303FB0BF3E2
:107AF00000933946434646F2A81228466746B847DF
:107B00002378DAF800200C214B4394F90110D05867
:107B1000FEF7CAFFA18994F90100FFF76FFD0B9BE7
:107B2000217B1860D9F85430284698470A9B0120D9
:107B30001E700DB0BDE8F08F01200823CDE9035081
:107B4000CDE901032A46CDF800B0654643463946E3
:107B5000A84701200546D3E74050002030E1010846
:107B600010E0010844500020F0DF01082DE9F04F3B
:107B70008DB0002506468A46914698460295ADF896
:107B80000C50ADF8065007244FF0010B337AAB428E
:107B900006D9706802A92844FEF7E2FD00284BD1FF
:107BA0009DF90930062B00F083808DF81630F37AAA
:107BB0008DF81930337B8DF81A30737B8DF81B30BC
:107BC00010238DF81C30424F9DF90A109DF80820B3
:107BD000B07A8DF815000DF1060308934FF4E063B9
:107BE000ADF824303B680A930A23ADF82C30336893
:107BF0008DF817108DF8182004930DF10A0202ABCE
:107C00000DF1090104A88DF81440FEF7C3FD072803
:107C1000044650D09DF809308AF800309DF80A30AB
:107C200089F800309DF8083088F80030169B20460F
:107C30001D700DB0BDE8F08F9DF80B30BDF80C70D5
:107C4000ADF806702844C5B2EBB90FB3204A002046
:107C50001168072402464FF00C0C062B1AD10CFBBE
:107C600000FE51F80EE0BEF1000F04D00BFA00F256
:107C70003A4397B2012201301028EED1002A85D074
:107C8000ADF8067082E75A1E042A01D9062BDDD012
:107C900006247BE747FA00FE1EF0010FEBD00CFB39
:107CA00000FE51F80EE0BEF1000F08BF0624E2E727
:107CB00004F0FD04AEE738680C22002100F5906066
:107CC00000F084FF3B68BDF80620A3F88024A1E7FC
:107CD0004050002038B505464068FFF77BFC07227E
:107CE000841D002195F90000E4B2FEF7D5FB18B120
:107CF00095F90030062B01D104F0FD0495F901003F
:107D000007220021FEF7C8FB08B904F0FB04204657
:107D100038BD4FF0FF30704710B503780F2B044685
:107D200018D84068FFF756FC22780B4902EB420254
:107D30000968831C01EB820051F82220DBB21AB9DA
:107D400003F0FD0358B210BD032B06BF626842600A
:107D50000223F7E70020F6E74050002070470000BC
:107D60002DE9F0413A4D0446286896B00E469046FB
:107D700000211F460122072300F59060CDE9041180
:107D8000CDE906118DF80C108DF80D10ADF80E3000
:107D9000FEF7A4FB30B92A68B2F8803443F0070339
:107DA000A2F880342A68637A8DF8203002F5906159
:107DB000CDE90912274A94F9083012680B92102273
:107DC000ADF830200DF10E020D9222680E9262681D
:107DD0000F92D4E90301A27A8DF8402001228DF898
:107DE000412011AA82E80300227DE18A8DF821302A
:107DF00018468DF84C20FFF701FC08AB15930DF1E8
:107E00000D0314900093CDF8048003AB04AA394607
:107E10000EA8FEF7B1FD044678B99DF80C100139A3
:107E200000F0A4FE00F158030DEB030010F8483CED
:107E30003370204616B0BDE8F0810C2801BF2A68D7
:107E4000B2F8803443F00703A2F88034F1E700BFB2
:107E50004050002044500020F8B50679022E054617
:107E600048D90F2E48D80368187A40F30300072238
:107E7000002140B2FEF710FB2B680446187A40F34D
:107E800003100722002140B2FEF706FBB8B1B4FA96
:107E900084F4640929680B7A086843F3030243F306
:107EA00003135BB252B29A42C8BF0124FFF792FBA0
:107EB00080F00103DBB224B10533D8B2F8BD012450
:107EC000E8E7DBB90E4F29683B6806EB460003EB99
:107ED00080000C2200F066FE3A680C2303FB0623A8
:107EE00020465C72B2F880140123B3400B43A2F821
:107EF0008034E3E70620E1E70320DFE70420DDE745
:107F00004050002010B4017802290ED9084B18689F
:107F10000C234B43C4180022C250C4E9012200F5CF
:107F2000906010BC1022FEF7C0BA002010BC704751
:107F3000405000202DE9F04186B050238DF81430D8
:107F40000379102B074630D10368DD7B6DBB03241A
:107F5000A8466426072C14D83A68535D03932A4434
:107F6000517843EA01230393927843EA024373432F
:107F7000CDE9033863B968468DF80040FFF7C2FFCA
:107F80000DE0CDF80C808DF81480CDF81080F2E76C
:107F900003AB01A801938DF80840FFF75DFF0134A2
:107FA000E4B2102C05F10305D4D106B0BDE8F08190
:107FB0001FB502680379116849B901A88DF804302A
:107FC000FFF7A0FF78B1032005B05DF804FB02A81D
:107FD00002928DF80C30FFF73FFF042805D00528EA
:107FE00005D00028EFD00020EEE70220ECE70120CA
:107FF000EAE7000070B5114E01783268104B0C258D
:1080000005FB01221B68527A182101FB023304464A
:1080100093F9021090F90200FEF70DFD2378326803
:1080200061686B43D558A268FEF737FC054BA289FF
:10803000DB6B01462846BDE87040184740500020E1
:108040004450002030E10108044B9B56C81A20EA36
:10805000E0700528A8BF0520C0B27047D8DF01082E
:1080600030B50B4B85B00C460A491D56FEF7E8FCAF
:10807000082201460020CDE90020074A0123E4B28E
:1080800002940393546A18462A46A04705B030BDAF
:108090008CE001084CE0010830E101080B4B10B501
:1080A0001B6A0446984768B1094B0A4A2344934225
:1080B00009D8094A534341F6F632B2EBB31F2CBF3D
:1080C0000120002010BD0020FCE700BF30E10108C6
:1080D000608FF7C8401640005FF743591FB5002373
:1080E00000930378013B382B70D8DFE803F01D6F55
:1080F0006F6F6F6F6F6F6F6F3537393E6F424548E7
:108100004B4E51546F5C1D5E63686A6F6F6D6F20DC
:108110006F6F6F6F6F6F6F6F6F6F6F6F6F73791DB3
:108120001D6F731D1D818500082300934EE0437869
:108130008DF8043004238DF805304FF49043ADF8EA
:108140000630304B1B6801A803F59062CDE902238D
:10815000FEF756FC009039E04023E6E72023E4E7F1
:1081600090F90130284AD35CDFE790F90130274AC3
:10817000F9E740F6B833D8E74FF47A73D5E74FF410
:10818000FA63D2E741F28833CFE741F27073CCE76C
:108190004FF48043C9E71E484FF47A7100F0E6FCC3
:1081A00000F5FA60D6E71B4BBFE7164B1B6803F5DB
:1081B0009063BAE7134B1B6803F28C43B5E748237F
:1081C000B3E7104B1B68B0E7134B0093009805B062
:1081D0005DF804FB114A0F490079FEF72DF9B9E764
:1081E00040F21753ADF8003003238DF80230EDE76D
:1081F00090F901300A4AB6E70A4990F90100FEF702
:108200001FFCA7E74850002028E0010818E00108FB
:1082100018FCFFFFA07008379A990042C027090098
:108220008CE001084CE0010837B50B4B02781B6865
:108230000C2101FB02335B7A03EB4304074B1D68FF
:1082400003690093C3684278816805EBC400FEF7B8
:1082500072F903B030BD00BF485000204C500020E0
:10826000F0B587B00123047AADF800300023CDE9E2
:108270000133CDE9033302468DF802308DF8143016
:1082800024B1013C012C4FD907B0F0BD0068002893
:10829000FAD05368002BF7D0314E324DA0F89C40F5
:1082A000182269462860336000F07CFC30682E4B51
:1082B0002E4F024601464FF0300C0B6003F543335E
:1082C00003F5A073BB4281F808C04C7201F10C01A8
:1082D000F3D1274B274944270024C2F8003303F584
:1082E000C31303F520638B4282F8087382F80943B5
:1082F00002F10C02F1D14FF0FF33C0F88C34C0F81A
:108300009034FF23C0F8943400F28C41062200F52B
:108310009060FEF701F931682868062201F5906146
:108320009030FEF7F9F8AFE70D4C2068062200F216
:108330008C4100F59060FEF7EFF80A4B21681B684E
:1083400001F27E4103F18E029A3332F8020F31F8C6
:10835000024F9A4200EA04001080F6D194E700BF71
:10836000485000204C5000206001C83560518B36C9
:10837000C0AFD235C0FF953608B50A291BD8DFE853
:1083800001F0061A1A1A1A0B0B0E1A181800BDE87B
:1083900008400068FFF782BE0422002101E00D22A0
:1083A000082190F90000FEF777F8003818BF012087
:1083B00008BD0E22F1E70020FAE70000F0B50379CE
:1083C000102B22D10468E37B012B1ED10F4B1D68BB
:1083D0000F4B196805F27E408E310022671C14F89D
:1083E000123020F8023F17F81260042A43EA0623ED
:1083F000038004BFDBB2A5F8883431F8023F068859
:1084000001323340052A0B80E9D1F0BD48500020ED
:108410004C50002070B50422044600210068FEF78D
:108420005DF8012803D025791DB1012D22D000204F
:108430001FE0154E21683068062200F59060FEF7B7
:108440006BF8336893F89424A3F894240F4AA3F8A4
:108450009654126803F27E4302F18E019A3231F88B
:10846000020F33F8024F914200EA04000880F6D16F
:10847000012070BD044B21681868062200F28C4070
:10848000FEF74AF8F4E700BF485000204C500020A7
:10849000F7B50D28114DA8BF0D201C460E4658708B
:1084A00029461746FEF7CCFA94F901300C4A55F8E4
:1084B0002310A070D05CFEF7BBF90A4BDB6D0546BC
:1084C000984704F10C0208340346019200943A469E
:1084D00031462846FEF7B9F903B0F0BD4CE001087B
:1084E0008CE0010830E101082DE9F047DFF89480C5
:1084F00090F90160D8F8043047688AB0044689468C
:10850000984700283CD1E37C33B923781E4A1F4F9B
:1085100003F0070302FB03771D4B384613F906A04F
:10852000D8F80C309847A37C099300250123CDE9A6
:108530000753CDE90555CDE903552289029208225A
:10854000CDE900521846D8F81850A1785246A847ED
:10855000637C9BB10F4B9B5D03F10D01C9B2D8F851
:10856000543001209847E07C32463946FEF77AFACB
:1085700089F8006001200AB0BDE8F087064BEAE701
:108580000020F8E730E10108C0270900A070083793
:108590008CE0010818E0010828E001082DE9F04FFF
:1085A000DFF8F4A090F901B03C4BDAF8009013F931
:1085B0000B703B4B90F902601B688FB090460278BD
:1085C0000B910C2101FB02921821527A01FB02331C
:1085D000044693F902103046FEF72DFABBF1040F62
:1085E00005464CD1022E3546B8BF02252D4994F9D7
:1085F0000100DFF8B490FEF723FA2C490D90002219
:108600002846FEF74AF926780C904FF00C0BDAF862
:108610000000D9F80C200BFB06F680599047012684
:1086200000224FF47A630820CDE90723CDE9052223
:10863000DDE90C13CDE90326CDE901600097304652
:10864000D9F81C70B8472378DAF8002094F90110A3
:108650000BFB03F3D058FEF727FAD9F85430217BEF
:1086600030469847A18994F90100FFF7F9FC0B9B6C
:10867000C8F8000030461D700FB0BDE8F08F04222E
:10868000002109F59060FDF729FF3128AED8052EAD
:108690003546B8BF0525A9E7485000208CE0010801
:1086A0004C5000204CE0010830E101080000F0418E
:1086B0002DE9F04F864F95B0CDE90112396803934B
:1086C00009AE00240546062201F590613046C6E950
:1086D00001440794ADF820400994FDF71DFFA04622
:1086E0004FF0FF392B7AA34205D9686807A92044C7
:1086F000FEF736F868B99DF91D30032B66DC0422BD
:10870000002109A8FDF7EAFE01285FD84FF006080E
:108710005EE09DF81F30BDF820102044062BC4B247
:1087200005D1CDE90999C9B2ADF82C10DAE7072BCC
:1087300002D1CDE90988F6E7052B41D14FF0000CB5
:10874000C9B260464FF0010B14AB0BFA0CF203EB0D
:10875000400E11423EF82C3C0CF0010A1CD092B2A3
:10876000BAF1000F0ED143F0FF032EF82C3CBDF8F8
:108770002C3013430CF1010CBCF1080FADF82C3078
:10878000E2D1AFE763F0FF032EF82C3CBDF82C30AC
:1087900013430130C0B2EDE7D24392B2BAF1000FF9
:1087A00007D123F0FF032EF82C3CBDF82C301340EA
:1087B000E0E7DBB22EF82C3CBDF82C301340E8E7A4
:1087C00014AA02EB430323F82C1C8BE74FF0070895
:1087D00002238DF8143005A86B7A8DF81630FFF758
:1087E0007DFCAB7A8DF835309DF81D308DF8363034
:1087F0009DF81E308DF837309DF81C308DF83830DC
:10880000EB7A8DF839302B7B8DF83A306B7B8DF815
:108810003B3048238DF83C3004238DF845303B68CD
:1088200012930E23ADF84C302B6804908DF8440061
:108830000C930DF11E0207AB0DF11D010CA88DF874
:1088400034801096FDF7A6FF072805462DD138681D
:108850000622314600F59060FDF75EFE1D4B3A683A
:108860001B68B2F88004B3F890100140A3F8901090
:10887000B2F88204B3F892100140A3F89210B2F853
:108880008404B3F894100140A3F89410B2F886045D
:10889000B3F896100140A3F89610B2F88814B2F815
:1088A0008A24A3F89810A3F89A20019A9DF81D3005
:1088B0001370029A9DF81E301370039A9DF81C30B5
:1088C00013701E9B28461C7015B0BDE8F08F00BFCA
:1088D000485000204C50002038B505464068FFF74E
:1088E000DDFB0D22841D082195F90000E4B2FDF79F
:1088F000D3FD08B904F0FD0495F900000722052115
:10890000FDF7CAFD012803D095F900300D2B01DDDC
:1089100004F0FD0495F9010003220021FDF7BCFDE0
:1089200008B904F0FB04204638BD4FF0FF30704713
:108930004FF0FF3070474FF0FF3070470A4B1B6815
:1089400093F89D0071B90130C0B283F89D00C0EB6F
:10895000C00300EBC300C0B21C288CBF0020012064
:10896000800070470138EFE74C5000202DE9F047B8
:108970000025A4B04E4F8DF80E5004460E46914689
:108980002946442213A898468DF80F50129503F0FB
:10899000A3F83868DFF81CA1294604229030FDF7BF
:1089A0009DFD054658B9DAF800103868042201F533
:1089B00090619030FDF7B0FD3B6883F89C5094F9CE
:1089C00008303868DAF80020032B06DD90F898109C
:1089D00019B9B2F88814A0F89810617A8DF81010BF
:1089E00000F19001CDE905124822ADF820200022C7
:1089F000099222680A92626807900B92D4E90301F7
:108A0000A27A8DF8302001228DF831200DAA82E85B
:108A10000300227DE18A8DF8113018468DF83C2044
:108A2000FFF71EFB04AB11930DF10F0310900093A1
:108A3000CDF804900DF10E0312AA41460AA8FDF7E5
:108A40009BFF054698B9637AABB19DF80E100139CA
:108A500000F08CF800F190030DEB030010F8483C97
:108A600033703868317848229030FDF71EFD284673
:108A700024B0BDE8F08794F9083038686BB190F8FD
:108A800098002B46D9B240FA01F1C9071A4603F102
:108A90000103F7D502F14003E2E700F19C01324601
:108AA0009030FDF783FC0328DBD10546DFE700BFEC
:108AB0004C500020485000202DE9F7431F4F02780A
:108AC000D7F800801E4B90F902601B6890F9019066
:108AD0000C2101FB02821821527A01FB0233044669
:108AE00093F902103046FDF7A6FFB9F1040F0546D1
:108AF00017D1022E3546B8BF022523783A680C21DB
:108B00004B432846D6580F490022FDF7C6FE0E4BB0
:108B1000A289DB6B01930146304603B0BDE8F04308
:108B200018470422002108F59060FDF7D7FC312892
:108B3000E3D8052E3546B8BF0525DEE748500020AE
:108B40004C5000200000F04130E10108034B03EBE2
:108B50008103985620EAE070C0B2704738E00108FF
:108B6000014B1860704700BF2C0100200B4A30B544
:108B700014680B4D43F2390305FB04331360091AE3
:108B80006FF00042B3FBF2F2C2EBC27201319B1AEA
:108B900093FBF1F201FB1233184430BD2C0100208D
:108BA0006D4EC64101380A44914200D1704711F818
:108BB000013B00F8013FF7E710440A44914200D11D
:108BC000704711F8013B00F8013DF7E702F084BF60
:108BD00030B530B10A4D01444FF0FF33814201D12D
:108BE000D84330BD10F8012B5340082243F3000452
:108BF000013A2C4092B284EA5303002AF6D1EDE701
:108C00002083B8ED01207047034B1B6813B15B68EC
:108C100003B11847704700BFDC500020034B1B68AE
:108C200013B1DB6803B11847704700BFDC50002068
:108C3000012070470120704701F01AB901F008B90E
:108C400010B501F0EBFD0E21044640F61F1001F0B7
:108C5000FFF82046012101F0CBFDBDE8104001F0F6
:108C6000A9BA000070B50C4E01EB40030D46B36588
:108C70004FF6FF71002304461A46084601F030FB08
:108C800096F85600002101F0B3FD29462046BDE8C4
:108C9000704001F067BA00BF8050002010B5044654
:108CA00001F07CFE012818D101F080FE34B110489B
:108CB000214602F0A7FA0E4802F06AFA0D4C002194
:108CC00094F85600A16501F093FD63786BB16FF0E5
:108CD0007F40BDE8104001F029BA002340F2622134
:108CE0001A46084601F0FCFAE0E7A0688001F0E7C8
:108CF0005050002080500020002001F097B9000063
:108D000008B501F09FF80438C0B2032896BF024BA3
:108D10000020185C08BD00BFFAE0010808B501F0AA
:108D200092FD033008BD01F021B901F0E1B808B5AA
:108D300001F0D8FC08BD000038B50D46144601F01E
:108D400035FB284601F06AFD0E21054640F61F104E
:108D500001F07EF828460121074D01F049FD01F0A0
:108D600029FA4FF47A716143284602F04BFA2846FB
:108D7000BDE8384002F00CBA6850002001F016BB84
:108D800008B5084B002193F8560001F031FD00238F
:108D90004FF4C0711A46084601F0A2FABDE8084037
:108DA00001F0FCB98050002010B5044601F0F6FD3A
:108DB000012818D101F0FAFD34B11048214602F023
:108DC00021FA0E4802F0E4F90D4C002194F8560007
:108DD000A16501F00DFD63786BB16FF07F40BDE8D8
:108DE000104001F059B9002340F262211A460846AA
:108DF00001F076FAE0E7A0688001F0E7505000202B
:108E00008050002008B54FF0040001F0F5F8BDE8EF
:108E100008400220EEF7E2B808B500231A461946CA
:108E2000184601F05DFABDE8084001F04BB90000BA
:108E30001D4B73B51D4D186000241D486C70C5E9AD
:108E40000144AC6501F076FAAC8101F0E1F921460C
:108E5000204601F029FC21460422012001F0DAFA23
:108E6000144E154D4FF6FF7123462246084601F079
:108E700037FAFFF7C7FF2246104B00944FF0FF313F
:108E8000304602F0D9F80E4B009422464FF0FF31E5
:108E9000284602F0D1F8304602F02CF9284602B0FC
:108EA000BDE8704002F026B9DC5000208050002060
:108EB000359E01086850002050500020098C0108A0
:108EC0001D8C01080128084805D1084BC17719708D
:108ED0000E3001F085BB437D012B03D1034B81751F
:108EE0001970F5E7704700BF805000203001002066
:108EF0000D4B10B5044618735873012000F016F896
:108F00005CB134214FF4E86000F0A2FF4421BDE8D9
:108F1000104040F2417000F09BBF14214FF4E86014
:108F200000F096FF2421F2E78050002038B5114C64
:108F30000546207001F03FFD052D04D8DFE805F05F
:108F4000090B03171709032001F04EFA002363737E
:108F500038BD0020F8E7012001F046FA207B637B52
:108F60008342F5D06073BDE83840FFF7C1BF0220EF
:108F7000EAE700BF805000202DE9F0431E4687B08D
:108F800000230546CDE901330C46174601F005FDE7
:108F9000032D5BD8DFE815F07A00C1000C01040056
:108FA000A27C082A69D8A16801A801F05BFD2168AC
:108FB000002962D042F210729142E37C874D50D872
:108FC0000322AA7385F83820E96385F844304FF00E
:108FD00002086368A17DDB002B820423AB74A37CB1
:108FE000DB00EB7402294FF000032B75637D02D088
:108FF000227D022A46D103F10F02D2B2012A01D901
:10900000012B3AD1764B774A196803944FF0010946
:1090100003A88DF8149001F0BDFC70BB287685F88C
:1090200017906875FFF768FE4046FFF77FFF6E48B0
:1090300001F06AFA6D4801F0D3FA01A800F068FF68
:10904000208A00F039FFA08900F07EFF384601F049
:10905000E5FB624C84F8560001F0A4FC6660002039
:109060000DE04FF00008E963890885F80E8085F867
:10907000388085F844302964ABE74FF0FF3007B003
:10908000BDE8F083EB7529766A75CBE72368002B82
:10909000F3D0A27C082AF0D8504DA16801A801F0B5
:1090A000E1FC002385F838302268EA63E27C85F829
:1090B0004420A269AB732A646268D2002A82042227
:1090C000AA74A27C2B75D200EA74A27D022A02D077
:1090D000237D022B1CD1627D02F10F03DBB2012B39
:1090E00001D9012AC9D13E4B3E4A196803944FF079
:1090F000010803A88DF8148001F04CFC0028BCD1B5
:10910000287685F817806875FFF7F6FD00208CE754
:10911000617DE9752A766B75F6E7304D012185F89A
:109120003810227885F85020637885F85130A3787C
:1091300085F85230E3788B4202D0022B03D03BB942
:1091400085F8533004E00B3A012A29D885F85310EA
:109150004FF0010885F80E80A388AB83A379AB7725
:10916000E37985F82030237A85F82130FFF7C4FDB4
:109170004046FFF7DBFE1C4801F0C6F91B4801F032
:109180002FFA95F85130062B40F689000AD100F0ED
:109190006FFE00F0FB0140F6890000F059FE55E734
:1091A0000023CDE700F064FE40F00401C9B2F2E70D
:1091B0002368013BB3F57A7FBFF45FAF0320FFF76D
:1091C000B5FE0648022380F83830236883641623EE
:1091D00080F84C30383001F097F937E780500020A4
:1091E000DC50002068500020B85000208E50002035
:1091F000F0B51E4687B00023CDE90133144607467B
:109200000D4601F0CAFB002C724C16BF012300234F
:109210000026637027B1012F7AD0002007B0F0BD7F
:10922000AB68002B00F0D280EB68002B00F0CE8002
:10923000AA7F082A00F2CA80296901A801F012FC5D
:109240002868003818BF012000F0BEFF84F838708D
:10925000AB68E36395F8203084F84430686801F027
:109260003FFBA77384F84500EB68DB002382EB7FAC
:10927000A374AB7FDB00E37495F82130237595F878
:109280002230002B3ED12A7D95F82410A2750229A8
:1092900095F8232001D0022B36D102F10F03DBB267
:1092A000012B02D9012A40F0918000238DF814305F
:1092B000494B4A4A1968049503A801F06BFB002842
:1092C00040F0848001232076E3756075FFF714FD7C
:1092D0000020FFF72BFE424801F016F9414801F04B
:1092E0007FF901A800F014FEA88B00F0E5FD288BA3
:1092F00000F02AFE4FF4FA53AA687343B3FBF2F36B
:10930000A3608AE7FF22BFE7E27521766375DDE798
:109310002B8E002B5AD095F83230A86A012B0CBF47
:109320002F7DFF27003818BF012000F04DFFF0B25D
:1093300000F056FF012184F8381095F82C2084F8AD
:10934000502095F82D3084F8513095F82E3084F85F
:10935000523095F82F308B4202D0022B03D03BB90C
:1093600084F8533004E00B3A012A27D884F85310CC
:109370002B8EA38395F83230A3770126AB8E2384FE
:10938000A673E777FFF7B8FC3046FFF7CFFD144828
:1093900001F0BAF8134801F023F994F82130B342F0
:1093A00040F236700CD100F063FD00F0FB0140F29A
:1093B000367000F04DFD4FF6FF73A1E70023CFE7B5
:1093C00000F056FD40F00401C9B2F0E74FF0FF3065
:1093D00024E700BF80500020DC50002050500020C7
:1093E000B85000208E5000202DE9F04F85B0824605
:1093F0000E9DBDF840809DF844709DF84890019105
:1094000093461E4601F0C9FABAF1010F524C54D0EE
:10941000BAF1040F00F09180BAF1000F3AD10B229B
:10942000304684F8442084F838A0E56301F058FA07
:109430004FEAC803B9F1000F238241F604036382A7
:109440000CBF0123F223E37587F001070123237684
:1094500084F84500C4F840B084F80EA084F814A045
:109460006775FFF749FC5046FFF760FD04F13800CF
:1094700001F04AF804F10E0001F0B2F8374A106822
:10948000516802AB03C302A800F042FD40F2FF1096
:1094900000F012FD019801F0C1F90E2184F8560088
:1094A00040F61F1000F0D4FC94F8560001F07AFA50
:1094B000169B636005B0BDE8F08F294984F838A099
:1094C000EAB2895D84F8502076BB0B3D012D8CBF3C
:1094D00000250125053A012A04D8B8F10C0F38BF40
:1094E0004FF00C081F4B9DF83C201B7884F853501C
:1094F000E37701259DF8543084F8511084F8522008
:1095000084F82130A573A4F81C80A77784F82090F4
:10951000FFF7F2FB2846FFF709FD134800F0F4FFC0
:10952000124801F05DF8B5E7012E04D1A5F10C0356
:109530005D425D41CEE70025CCE75046FFF7F6FCE3
:10954000022384F8383004F138001623A56484F827
:109550004C3000F0D9FF9DE7805000200CCF01086F
:109560002CE1010830010020B85000208E5000206E
:109570002DE9F04F87B0DFF8B4B29DF864A09DF8F4
:109580004C90029314469DF854309DF85020BDF83D
:109590004880039205468BF801A0BDF84460019312
:1095A0000F4601F0FAF9BAF1000F18BF4FF00008AA
:1095B000DFF87CA2039AB9F1000F08BFFF22012D4A
:1095C0008AF8002000F0C880052D48D0002D40F01A
:1095D000C080284600F0F8FD0B2238468BF8442066
:1095E0008BF83850CBF83C4001F07AF9019B8BF8AE
:1095F000450041F60402002BABF812209AF8002037
:109600008BF816200CBF0122F2228BF81720F600EF
:10961000012289F001098BF818208BF80E50ABF865
:1096200010608BF814508BF81590FFF765FB2846F7
:10963000FFF77CFC0BF1380000F066FF0BF10E0029
:1096400000F0CEFF7B490868496804AA03C204A859
:1096500000F05EFC40F2FF1000F02EFC71E00120F3
:1096600000F0B2FD09224FF000098BF84420384683
:109670004FF44872CBF840208BF83890CBF83C4040
:1096800001F02EF94FF48052ABF812209AF8002026
:109690008BF845008BF8162028460122F6008BF83F
:1096A00017208BF80E90ABF81060ABF814908BF885
:1096B0001890FFF73BFC0BF1380000F025FF0BF191
:1096C0000E0000F08DFF5B498868C96804AA03C2D8
:1096D00004A800F01DFC40F2FF1000F0EDFB40F686
:1096E000B80000F0C5FB00F0EF0140F6B80000F054
:1096F000AFFB042140F6B90000F0AAFB40F69B0046
:1097000000F0B6FB00F0E30141F0080140F69B00D9
:1097100000F09EFB40F2D16000F0AAFB40F018017F
:10972000C9B240F2D16000F093FB40F2AC6000F0AF
:109730009FFB00F08F0141F0500140F2AC6000F05F
:1097400087FB4FF4FA5202FB08F2B2FBF4F2CBF8BB
:10975000082007B0BDE8F08F002000F035FD364945
:109760008BF83850E2B2C95D8BF85020002F4DD1F4
:109770000B3C012C8CBF00240124053A012A02D89D
:109780000C2E38BF0C26029B9AF800208BF8523022
:109790008BF85340019B8BF81F2001249DF860201B
:1097A0008BF821208BF851108BF820308BF80E406D
:1097B000ABF81C608BF81E90FFF79EFA2046FFF76F
:1097C000B5FB1E4800F0A0FE1D4800F009FF5FFA3F
:1097D00088F000F005FD40F6A30000F049FB00EA28
:1097E000040140F6A30000F033FB9BF82120A242C5
:1097F00040F2367013D100F03BFB00F0FB0140F269
:10980000367000F025FB4FF6FF72A0E7012F04D160
:10981000A4F10C035C425C41AFE70024ADE700F02B
:1098200027FB40F00401C9B2E9E700BF80500020E7
:10983000300100200CCF01082CE10108B8500020B5
:109840008E500020F0B58BB00D46044617461E46DC
:10985000FFF752FA0020FFF769FB204600F0A6FD53
:1098600000240123CDE9084303234FF4167229464F
:109870002046CDE90644CDE90444CDE90244CDE9D2
:1098800000532346FFF774FE2046FFF78DFAFFF7DB
:1098900045FAEDF7A3FB01F0E9FB0446204601F091
:1098A000EFFBB04205D30124FFF726FA20460BB0A8
:1098B000F0BD00F017FF8742F0DA0024F4E7000063
:1098C000F7B50023664D0C4640F201211A460646C4
:1098D000084600F005FD95F85600012100F088FFCC
:1098E0002B78012B40F6890013D195F85130062BC7
:1098F0000FD100F0BDFA00F0FB0140F6890000F046
:10990000A7FA2B78042B6CD8DFE803F0524B527F78
:10991000090000F0ADFA40F00401C9B2EDE7514A88
:10992000731E1046C6F101074FF0000CF9188C4267
:109930006FDC0022E7001346BA4271D19A0142EA75
:10994000C3125B0183F020031343661C0355F6B278
:1099500002234548AB73AE7600F042FE0021F120B1
:1099600000F076FA0021F02000F072FAAB6C642B64
:1099700070D17021F32000F06BFA1D21F22000F06D
:1099800067FAE1008C1CF420090A00F061FA04F087
:10999000FE01F52000F05CFA32486FF07F4231465C
:1099A0001DE0EC77304800F01BFE0022214615E058
:1099B00000F0F4FF0128074625D121460DF10702EA
:1099C000304600F0F0FF0446A0B99DF80730264865
:1099D000AB7500F005FE9DF807102246304600F0FA
:1099E00051FB6968214801F00DFC204801F0D0FBD3
:1099F000002006E01E4B3A460021022001F010FD37
:109A0000032003B0F0BDAC75CCE70223AB73AC769A
:109A1000C8E713F8011FC943197002F801CB85E7A5
:109A2000D1106FEA020C715C0CF0070C013241FAA4
:109A30000CF101F001014FEAE20C4B40D14310F868
:109A40000CE001F0070103FA01F141EA0E0100F810
:109A50000C1071E7E121F32000F0FAF904218DE701
:109A600080500020E05000208E50002068500020E0
:109A70009CE00108F0B5BDF814409DF818709DF801
:109A80001CE09DF8205040B1012814D00122002391
:109A900098180138B0FBF2F0F0BD87F00107E30041
:109AA00003EBC70318330EEB450503EBC5034FF477
:109AB0007A714B43ECE7501F012803F1040302D8ED
:109AC0000C2C38BF0C24D1B9A2F10B0CBCF1010F46
:109AD0008CBF4FF0000C4FF0010C2801002F00EB61
:109AE000CE000CBF14250025A0EB8200062A4FEA09
:109AF00082062844A2F102070DD8354610E001295C
:109B000006D1A2F10C00D0F1000C4CEB000CE4E704
:109B10004FF0000CE1E70830BCF1000FEDD0BD00C4
:109B20000028ACBF2E182E1C701E90FBF5F003FB16
:109B30000044094B062A5A5C8CBF0C340E340A2AA6
:109B400009D8A30001334FF47A71BB404B4303495A
:109B500051F822209CE7FFDE2CE1010800E101081A
:109B600008B5094B012193F8560000F041FE4FF46F
:109B7000D7602D2100F06CF900F021FBBDE8084012
:109B8000024800F069BA00BF80500020FFFF0F00BC
:109B900073B59C4CB4F854300025202B8DF803503D
:109BA000019500F00A8114D8082B0DD87BB1013B38
:109BB000072B0CD8DFE813F03D0052000B00BC006F
:109BC0000B000B000B00EC00102B00F0EF8002B03C
:109BD00070BDB3F5807F00F08B8011D8402B00F072
:109BE000FF80802BF3D1284600F020FA864B1B68BB
:109BF000002BECD09B69002BE9D028469847E6E77C
:109C0000B3F5007FE3D1814B01222946022001F008
:109C100007FC00F017F9042878D17D4801F06AFAB2
:109C2000284600F003FA784B1B68002BCFD05B6806
:109C300010E0774801F05EFA002000F0F7F900F03C
:109C4000AFFE012801D100F0B4FE6F4B1B68002B62
:109C5000BDD01B68002BBAD09847B8E76D4801F01B
:109C600049FA657895B9284600F0E0F9294640F6AA
:109C7000021000F0EDF840F6441000F0F9F840F062
:109C80000201C9B240F6441000F0E2F8FF220DF1E3
:109C9000030161485C4D00F055FD604800F06CFD2B
:109CA0002B68002B93D09E68002E90D094F824301F
:109CB000012B08D194F9313094F930209DF803102C
:109CC0005548B04783E7E06B01A900F01DFE019BFA
:109CD0009DF8031050484FF47A7203F5FA7393FB22
:109CE000F2F32A685BB2956894F92920A8476EE7D9
:109CF000284600F09BF9444B1B68002B3FF467AFEC
:109D00009B69002B3FF463AF012077E700F09AF8DE
:109D100005287FF45CAF3F4801F0ECF9284600F0DD
:109D200085F9394B1B68002B3FF451AFDB6891E795
:109D300000213B4B0122022001F072FBA16D0029A2
:109D40003FF445AFC1F3074140F6031000F080F83F
:109D500094F8591040F6041000F07AF894F858106E
:109D600040F6051000F074F840F6021000F080F89C
:109D700040F00101C9B240F6021000F069F800237A
:109D800040F262211A460846A36500F0A9FA1EE7D0
:109D9000244B01220021022001F042FB00F0FEFDD5
:109DA00001287FF414AF00F005FE10E71E4B0122DE
:109DB0000021022001F034FB09E7164801F09AF96E
:109DC000607808B900F032F90F4B1B68002B3FF4A4
:109DD000FEAEDB68002B3FF4FAAE9847134BE6E784
:109DE000134B01222946022001F01AFB607808B9C2
:109DF00000F01CF9044B1B68002B3FF4E8AE1B6914
:109E000028E700BF80500020DC500020B1E00108AE
:109E10006850002050500020E0500020A450002046
:109E2000C5E00108CEE00108D8E00108E1E0010842
:109E3000EAE00108024BA3F85400FFF7A9BE00BFF7
:109E400080500020014B1878704700BFEE51002071
:109E500007B501238DF807100DF1070201460348ED
:109E6000EFF7F6FE03B05DF804FB00BF40030020EF
:109E700007B5012301460DF107020448EFF721FF62
:109E80009DF8070003B05DF804FB00BF400300200D
:109E900010B50446F5F74EFE01280CD140F623100C
:109EA000FFF7E6FF00F0F901214340F62310BDE87B
:109EB0001040FFF7CDBF10BD10B50C4B1B7804460A
:109EC0009BB94FF4D760FFF7D3FFC4F3002100F034
:109ED000FE0001434FF4D760FFF7BAFFE1B240F252
:109EE000B960BDE81040FFF7B3BF10BDED510020D1
:109EF00010B51346EFF3108472B60A4601460348C4
:109F0000EFF7A6FE84F3108810BD00BF40030020C9
:109F100008B5014608224FF4D860FFF7E9FF00209A
:109F200008BD000007B5074B1B7840BAADF8040028
:109F30002BB9022201A940F2BC60FFF7D9FF03B0A0
:109F40005DF804FBED51002007B5074B1B7840BAC4
:109F5000ADF804002BB9022201A940F2BE60FFF760
:109F6000C7FF03B05DF804FBED51002010B51346A8
:109F7000EFF3108472B60A4601460348EFF7A1FEDC
:109F800084F3108810BD00BF4003002010B51346B5
:109F9000EFF3108472B60A4601460348EFF783FFD9
:109FA00084F3108810BD00BF400300200A4601461C
:109FB0000020FFF7EBBF000010B51346EFF310844D
:109FC00072B60A4601460348EFF7A0FF84F31088F3
:109FD00010BD00BF4003002010B51346EFF31084FE
:109FE00072B60A4601460348EFF7A6FE84F31088CE
:109FF00010BD00BF4003002013B504460020F5F754
:10A0000093FD0220FFF744FF04F0070401220DF145
:10A01000070184208DF80740FFF7DEFF024B002286
:10A020001A7002B010BD00BFEE51002007B501222A
:10A030008DF807000DF107018020FFF7CDFF9DF897
:10A040000730002B034B14BF022201221A7003B009
:10A050005DF804FBEE51002007B5094B8DF80600B2
:10A0600004221A70030C8DF804300322030A01A99C
:10A0700083208DF80530FFF7AFFF03B05DF804FBD8
:10A08000EE51002010B51446FFF790FF2046BDE8C2
:10A090001040FFF7E1BF000007B5094B8DF806003F
:10A0A00005221A70030C8DF804300322030A01A95B
:10A0B00082208DF80530FFF78FFF03B05DF804FBB9
:10A0C000EE51002073B5002640F6E2000196FFF73E
:10A0D000CFFE00F0FE01054640F6E200FFF7B8FEB5
:10A0E00040F6E500FFF7C4FE00F07F01044640F6AD
:10A0F000E500FFF7ADFE6FF07F40FFF7CDFF0422D4
:10A100000DEB020140F61900FFF730FF3046FFF774
:10A110008DFF294640F6E200FFF79AFE214640F601
:10A12000E500FFF795FE019802B070BD13B50C4B2A
:10A1300004460522972140F6AC001A70FFF788FE0E
:10A14000230C8DF804300322230A01A982208DF804
:10A1500005308DF80640FFF73FFF02B010BD00BF8D
:10A16000EE51002007B5030C8DF80030030A8DF87E
:10A1700001300B0C49BA8DF80200ADF8041006222C
:10A18000694694208DF80330FFF726FF024B062224
:10A190001A7003B05DF804FBEE510020002208B5F0
:10A1A0001146C520FFF718FF014B07221A7008BDA2
:10A1B000EE51002000221146D120FFF70DBF0022F2
:10A1C0001146D220FFF708BF07B501228DF807001E
:10A1D0000DF107019F20FFF7FFFE03B05DF804FBC0
:10A1E00007B501228DF807000DF10701A020FFF748
:10A1F000F3FE9DF807103F2907D901F0F80101315E
:10A20000C9B240F20670FFF723FE03B05DF804FB0D
:10A2100007B5F5F78FFC431E584258418DF80700EB
:10A2200001220DF107019620FFF7D6FE03B05DF87D
:10A2300004FB07B500F07F008DF8070001220DF147
:10A2400007018920FFF7C8FE03B05DF804FB00009A
:10A25000154B984207B51BD8144B98421BD8144B8A
:10A2600098421BD8134B98421BD8134B98428BBF74
:10A270006B2229226F232B238DF8042001A90222AF
:10A2800098208DF80530FFF7A7FE03B05DF804FBBA
:10A29000E122E923F0E7D722DB23EDE7C122C52342
:10A2A000EAE775228123E7E700E9A43580F8A932BF
:10A2B0008044E52D000B6B1B40FC541907B58DF84D
:10A2C000062004228DF804008DF8051095200DEB72
:10A2D00002018DF80730FFF77FFE03B05DF804FB45
:10A2E00007B552BAADF8042040BA082249BAADF811
:10A2F0000000ADF802105BBA69461046ADF80630B2
:10A30000FFF76AFE03B05DF804FB07B50B0C0422EF
:10A3100000F0070049BA8DF80400ADF80610972048
:10A320000DEB02018DF80530FFF756FE03B05DF826
:10A3300004FB000010B508B1194B1860ECF7B8FA2F
:10A340000220FFF7A5FD0024164B20461C70FFF7E6
:10A350006DFEF5F7EDFB012816D14021FFF7D5FF83
:10A3600040F611102146FFF773FD4FF07F00FFF715
:10A3700060FF0E2140F61F10FFF76AFDF5F7D2FBD4
:10A38000094B01221A7010BD202140F61110FFF771
:10A390005FFD202140F61210FFF75AFDE9E700BFEC
:10A3A000E0510020E4510020EE51002037B50C4D63
:10A3B0002B7804461BB9FFF74BFF01232B700023BA
:10A3C000084A6006E109EBF7E9FC042200BA0190B3
:10A3D0000DEB02018620FFF7FFFD03B030BD00BF8B
:10A3E000E45100200048E80107B5094B8DF807004B
:10A3F0000146187018B940F2AC60FFF729FD012240
:10A400000DF107018A20FFF7E7FD03B05DF804FBBB
:10A41000ED510020012873B50C46164637D10020B7
:10A42000F5F78AFBA042B8BF44B20E2805461AD100
:10A4300001231A4600210420FFF740FF6FF01003AC
:10A440009C42B8BF1C46182140F6E700FFF700FD0C
:10A45000022201A98E208DF804408DF80560FFF7D7
:10A46000BBFD02B070BD01230A28E4B21A464FF0CA
:10A47000000105D11846FFF721FF033464B2DDE780
:10A480000720C5F10E05FFF719FF2C44F6E740F64B
:10A49000D800FFF7EDFC40F01E01C9B240F6D8002D
:10A4A000FFF7D6FC0120F5F747FBA042B8BF44B246
:10A4B000142805464FF001034FF000020CD105218E
:10A4C0000320FFF7FBFE023464B26FF008039C42E6
:10A4D000B8BF1C463821B7E7112805D10321022057
:10A4E000FFF7ECFE0534EFE70E2804D10221084601
:10A4F000FFF7E4FEE9E7C5F116050721042025442E
:10A50000FFF7DCFE6CB2E0E713B5314A0446516850
:10A5100010686B4603C32F4B20781B78834201D011
:10A52000FFF762FF2378032B27D8DFE803F0023917
:10A53000283C6268284BB3FBF2F31A0CA1688DF833
:10A5400000208DF802301A0A237B8DF80330637BDC
:10A550008DF801208DF80430204A00234806C909EF
:10A56000EBF71CFC030C40BA8DF80530ADF8060083
:10A57000082269468B20FFF72FFD02B010BD22692B
:10A58000154BB3FBF2F31A0C8DF800208DF8023056
:10A590001A0A237D8DF801208DF803300422E8E7A4
:10A5A000A3690093FAE762680B4BB3FBF2F31A0C52
:10A5B0008DF800208DF802301A0A237B8DF80330C5
:10A5C000637B8DF801208DF804300522D1E700BFB0
:10A5D0001CCF0108ED5100200000093D0048E801B2
:10A5E0001FB52E4A0446D1689068127C01AB03C3A4
:10A5F0001A702B4B20781B78834201D0FFF7F4FEB2
:10A600002378032B26D8DFE803F002383302637A7D
:10A61000F12B21D14FF6FF70FFF784FC48F20500C3
:10A62000FFF792FC02236288A188ADF8061052BAA7
:10A63000E188ADF804208DF80B30227AA37A8DF8EA
:10A640000A20ADF808108DF80C30092201A98C20E1
:10A65000FFF7C2FC04B010BDF22BE4D141F60F505D
:10A66000FFF760FC41F22100FFF76EFC0623DAE7FA
:10A67000237B8DF804300122E8E7E389094A5BBABD
:10A68000ADF80430237C13708DF80630637C8DF8B0
:10A690000730638AADF808300622D7E71CCF0108DF
:10A6A000ED510020EC51002007B502228DF8040086
:10A6B0008DF805108F2001A9FFF78EFC03B05DF81F
:10A6C00004FB000010B51346EFF3108472B60A467F
:10A6D00001460348EFF768FB84F3108810BD00BF04
:10A6E0004003002007B5012201A91520FFF7EAFF6A
:10A6F0009DF804004042401003B05DF804FB0000E8
:10A7000037B505460C46022201A91320FFF7DAFFF0
:10A710000A4B1B78012B0DD1094B1B78012B09D15A
:10A7200040F20270FFF7A4FB9DF8053028702370FB
:10A7300003B030BD9DF80400F6E700BFED510020E6
:10A74000EC510020F7B50D46064600240DF1070137
:10A75000284617468DF80740FFF7D2FF2A78BA42FD
:10A7600007D89DF807003146FFF726FC204603B0C6
:10A77000F0BD0120FBE7000013B50322044601A948
:10A780001420FFF79FFF184B1A7822704AB1012A54
:10A7900017D014220021204600F06EF90F232370F9
:10A7A0000DE09DF8043023719DF80530A2605B42F6
:10A7B0005B10A3719DF806305B425B10637102B0C1
:10A7C00010BD9DF804305B425B1023739DF905308A
:10A7D00002339B1063739DF806305B425B10A373DA
:10A7E000024B1B682361EAE7ED510020E85100208D
:10A7F000012908B5034608460ED1012B07D10420D4
:10A80000FFF746FB0220BDE80840F5F78DB9022BA3
:10A8100014BF08460320F6E70120F4E738B50446E4
:10A82000F5F784F950B102280CBF0225012528460E
:10A8300002222146FFF7EEFD284638BD102CB4BF9A
:10A8400001250225F3E7012070470000014B01209C
:10A850001B681847E0510020014B02201B68184775
:10A86000E0510020014B40201B681847E0510020B8
:10A8700011B1012904D07047044B1B688020184790
:10A88000024B4FF480701B68F9E700BFE0510020D5
:10A89000024B4FF400701B68184700BFE0510020C6
:10A8A000014B20201B681847E0510020014B042079
:10A8B0001B681847E0510020014B08201B6818470F
:10A8C000E0510020014B10201B681847E051002088
:10A8D000024B4FF480401B68184700BFE051002036
:10A8E00010B568B1074A002352F83340844202EBA6
:10A8F000C30101D9087910BD0133162BF4D1FEE74D
:10A900001F20F8E7BCE1010873B51D4B0193044615
:10A9100040F607000D46FFF7ABFAC0F3C10308335A
:10A920006B4413F8042C00F00703013302FA03F31D
:10A93000144AB2FBF3F2B2FBF4F007281ED8400031
:10A94000042834BF042302234FF4D66002FB03F42F
:10A95000FFF78EFA060240F2B160FFF789FA06F4BB
:10A9600070663043030544BF6FEA00506FEA105031
:10A9700063094343DB112B6002B070BD0123E3E7A1
:10A9800004080A0C0048E8014FF0FF3070474FF010
:10A99000FF3070474FF0FF3070477047002070471E
:10A9A0000020704770474FF0FF3070474FF0FF3086
:10A9B0007047704770477047024A00231360024A8D
:10A9C00013607047F4510020F051002010B5EFF3F0
:10A9D000108472B641B1012903D1064A13680343BA
:10A9E000136084F3108810BD024A136823EA000341
:10A9F000F6E700BFF451002010B5EFF3108472B6F3
:10AA000041B1012903D1064A13680343136084F35B
:10AA1000108810BD024A136823EA0003F6E700BF5E
:10AA2000F051002038B5EFF3108572B60A4B0B4C8D
:10AA30001B6833B1236898476368984785F310888B
:10AA400038BD074B1B681BB1A3689847E368F4E760
:10AA5000236998476369F0E7F451002030CF01087B
:10AA6000F051002001380A44914200D1704711F89A
:10AA7000013B00F8013FF7E701F02EB882B082B049
:10AA80000DF1080C0CE90600BDF8042003930B44FB
:10AA9000BDF810100A4491B212B2B2F57A7FA2BF8B
:10AAA000A1F57A72013312B20360828002B002B063
:10AAB000704782B082B00DF1080C0CE90600BDF8B9
:10AAC00004200393CB1ABDF81010521A91B212B29F
:10AAD000002ABEBF01F57A7203F1FF3312B20360A0
:10AAE000828002B002B0704730B585B0114D6B4620
:10AAF00083E8030000230293ADF80C3003A82B6910
:10AB00009847009BBDF804400290181ABDF80C301D
:10AB1000E41AA3B224B2002CBEBF03F57A731CB2B0
:10AB200000F1FF302B689847AB682046984705B086
:10AB300030BD00BFF4CF010873B5114E00230546A8
:10AB40000093ADF8043001A833699847F36800908A
:10AB50009847736804469847009B1844BDF8043032
:10AB600023449AB21BB2B3F57A7FA2BF0130A2F59B
:10AB70007A731BB228602846AB8002B070BD00BF5C
:10AB8000F4CF010837B500230093ADF80430074B2C
:10AB900004461B6901A898476D46009095E803009C
:10ABA00084E80300204603B030BD00BFF4CF0108A5
:10ABB00037B50F4D02AB03E90300EB6898476B68AC
:10ABC00004469847BDF80430009A1B1B99B21BB28B
:10ABD000002BA2EB0002BEBF01F57A7102F1FF3239
:10ABE0000BB24FF47A7000FB023003B030BD00BFEF
:10ABF000F4CF01082DE9F0414FF47A75B1FBF5F57A
:10AC0000C5EB4513DFF83C8005EB8303A1EBC303E1
:10AC10009CB2D8F80C3006469847D8F8043007465E
:10AC20009847E31999B21BB2B3F57A7F2844A2BFC3
:10AC3000A1F57A7301301BB23060B3803046BDE8B5
:10AC4000F08100BFF4CF01082DE9F04F002997B043
:10AC500081461E4640F3118104464F1E1378A4EB33
:10AC6000090023B90023237017B0BDE8F08FB84264
:10AC7000F8DA252B05D004F8013B904608F10102D3
:10AC8000ECE792F801E0AEF1300102F10108AEF11B
:10AC900030034A424A41092B2BD8414600250A205D
:10ACA000884611F8013BA3F1300CBCF1090F1BD908
:10ACB00098F80030692B00F09E801DD8632B29D0B6
:10ACC000642B00F09880582B5AD0252B1AD198F875
:10ACD0000030002B00F0938004F8013BA4EB090343
:10ACE000BB4280F28A80C9E700FB0533A3F130053F
:10ACF000D6E74FF0FF35DBE7752B7ED0782B41D0C0
:10AD0000732B1CD0252304F8013BA4EB0903BB42A1
:10AD100073DADCE7002D05F1FF3AD8BF4FF0000AE7
:10AD200052462046202100F0D7FEA244002D56F8BE
:10AD3000043B8AF80030D8BF01252C449EE7504BD5
:10AD400056F804BBBBF1000F08BF9B465846EAF714
:10AD500017FA2A1A8542B8BF0022824620212046CF
:10AD6000019200F0B9FE019A00232244534502DB10
:10AD700002EB0A0482E71BF80310D1540133F5E714
:10AD800042F040021021DFF8FCB0DFF8FCA056F8DA
:10AD900004CB12F0400F18BFDA46BEF1300FCDF8E9
:10ADA00008A0A4EB09030CBF4FF0300A4FF0200AB3
:10ADB0009207A7EB03036046CDF80CA022D500282C
:10ADC00020DA4042013D4FF02D0C05AA01920022ED
:10ADD0008246B0FBF1F001FB10AB029810F80BB00B
:10ADE000019800F801BB5145019002F10102BAFB44
:10ADF000F1F0EDD910E042F002020A21C3E708F1B8
:10AE0000FF386BE7BCF1000F02D04FF0000CDCE71D
:10AE100030228DF814200122BEF1300FA5EB02057F
:10AE200004D02020002D05F1FF350ADCBCF1000F15
:10AE300005D02D21013B04F8011B3FF41FAF254431
:10AE40000AE0013B04F8010BECD117E7039904F881
:10AE5000011B013B3FF412AF291B0029F6DC05A9B9
:10AE6000114423442244A2423FF408AF11F8010DDB
:10AE700004F8010B9C42F6D100E70020F4E600BF85
:10AE80006CE2010898E2010873E2010810B5EFF3E3
:10AE9000108472B6064A136803431360054A52F8D9
:10AEA0003130034342F8313084F3108810BD00BFC5
:10AEB0003C520020F851002070477047B0F5803FA9
:10AEC0003ABF000410230023B0F1807F3EBF083357
:10AED0000002DBB2B0F1805F38BF00014FEA1070B2
:10AEE000054A38BF0433125C38BFDBB2C3F11F031D
:10AEF000981AC0B2704700BFBDE201082DE9F84FB3
:10AF0000384D394ED5F80080DFF8E0B0DFF8E0A02A
:10AF1000DFF8E090D6F800C0374FDBF80010374C70
:10AF2000DAF80020D9F8003008EA00002860286824
:10AF300000EA020E1EEA0C0F01D019421ED04FF09B
:10AF4000FF333B60FFF7B8FFEFF3108472B633684E
:10AF5000DBF80020DAF800100B4029680B4205D11D
:10AF6000D9F80030134201D1EBF7CCFF84F31088FD
:10AF7000FFF7A3FFC5F80080BDE8F88F23682368BA
:10AF80000340134062681A4204BF4FF0FF32626010
:10AF900060681840FFF792FF62683860012303FA87
:10AFA00000F022EA00026260EFF3108172B63A68A4
:10AFB0009340326822EA03023260226822EA0303E5
:10AFC000236081F310880E4A3B6852F8233098477B
:10AFD000D6F800C0DBF80010DAF80020D9F800300D
:10AFE000A5E700BF340100203C5200203852002069
:10AFF000380100203452002030520020F851002047
:10B000000052002010B51146EFF3108472B6FFF71E
:10B0100055FF034B43F8201084F3108810BD00BF88
:10B0200000520020024B00221A60024B1B68184796
:10B030004052002008D00108F8B5044617460846DB
:10B040001E467CB173B1084B00255B6A25609847AA
:10B05000069B60602581A572E6602361E7726561E9
:10B060002846F8BD0120FCE708D0010810B5034CC4
:10B07000E3699847A36ABDE81040184708D0010863
:10B0800070B5064DEB69064698476B6A0446304634
:10B090009847AB6A201ABDE87040184708D00108ED
:10B0A000054B1B680BB918467047834201D05B699A
:10B0B000F8E70120704700BF405200202DE9F3411E
:10B0C0000B4E336A044698470123B7692372D4F8BC
:10B0D00000800546B8472844804502D2B847284436
:10B0E0002060B3682068019302B0BDE8F0411847C2
:10B0F00008D0010870B520B3EFF3108672B6124D78
:10B100002B680122827253B10022427298425C691C
:10B110000ED102723CB120462C60FFF7CFFF86F3C0
:10B120001088002070BD094BDB6898472C60F6E75B
:10B130001A465B69002BF2D09842F9D143695361FA
:10B14000EDE70120EEE700BF4052002008D00108E3
:10B15000084B10B51A685369516911B950614161C2
:10B1600010BD046819688C4202D91A465B69F3E77E
:10B170001946F3E740520020044A13680BB100213E
:10B18000197243611060FFF799BF00BF4052002061
:10B190002DE9F041044600282DD0FFF781FF50BB78
:10B1A000657A45BBEFF3108872B6144E6768336A50
:10B1B000984787422CBF27602060114FA5724FF43B
:10B1C000807323813B684BB9336998472046FFF76A
:10B1D000D3FF88F310882846BDE8F081B36998470B
:10B1E000236818443B6820601B6898422046EED3D1
:10B1F000FFF7AEFFEDE70125EDE700BF08D001083E
:10B200004052002010B5044608467CB1084B5B6AEA
:10B21000984760602046FFF743FF40B12046FFF7A4
:10B2200069FF2046BDE81040FFF7B2BF012010BD06
:10B2300008D001082DE9F041EFF3108772B61D4EDA
:10B240001D4D736998473369044698472B684BB97D
:10B250004FF000082B688BB9286828BB87F310884B
:10B26000BDE8F081011B241A1A688A428CBF1219AA
:10B2700000221A605B69002BF6D1E9E71C681CB15B
:10B28000B36998478442E7D22C6863692B60A4F8BD
:10B290000880D4E9033098476389B3F5807FD9D11A
:10B2A0002046FFF775FFD5E7037A002BD6D1FFF7CD
:10B2B00005FFD3E708D001084052002070B5EFF336
:10B2C000108672B6144B5C8A1A8A944213D1C4F564
:10B2D000806292B2904206D3844218D901229A70B9
:10B2E00000221C805A825A8A0A800244C2F3090250
:10B2F0005A8200200DE006D9C4F58065ADB28542C2
:10B30000F1D88242E9E7121B92B28242EBD84FF0A9
:10B31000FF3086F3108870BD44580020EFF3108191
:10B3200072B6034AD38A0133D38281F310887047FF
:10B3300044580020EFF3108172B6034AD38A013BD0
:10B34000D38281F3108870474458002010B5084814
:10B3500018220021FFF790FB06484FF4806200217D
:10B36000FFF78AFB044B05481B68BDE810401847EF
:10B37000445800204454002034D00108E9B40108A6
:10B38000014B5860704700BF44580020014B1872B1
:10B39000704700BF4458002073B5EFF3108572B6B4
:10B3A0001C4CE08A00282FD1FFF7B8FF218A628A5F
:10B3B000914227D0A378012B12D1238820805B1AD9
:10B3C0009BB20221A382A17063B9A3702382238A56
:10B3D0009A428BBFD21AC3F58063A282A38201E096
:10B3E000002BF4D0268A0C4B1E4485F31088EBF713
:10B3F000E5FD0A4BA18ADB680193304602B0BDE847
:10B4000070401847FFF796FF85F31088002002B0C0
:10B4100070BD00BF445800204454002034D00108BF
:10B4200008B4F0B586B00023ADF800302B4B0B9C70
:10B430001D7A85424CD3D86881434CD15B681BB1DF
:10B4400012B1694602A898470CAB22464FF400712E
:10B4500023480193FFF7F8FBFFF760FFBDF80030CA
:10B4600018440DF1020180B2FFF728FF01302AD005
:10B470000023BDF80020BDF802601A480DF1080C49
:10B480001F4699B216FA83F58A42ADB215D817B1A4
:10B490003244ADF80220BDF80250019B22464FF421
:10B4A00000712844FFF7D0FBFFF744FFFFF774FF5C
:10B4B00006B0BDE8F04001B070471CF8011B4155D3
:10B4C00001330127DDE7FFF735FF6FF00200EFE7FB
:10B4D0006FF00400ECE76FF00500E9E74458002046
:10B4E000445200204454002013B5EFF3108472B688
:10B4F000204B9A78588A022A1DBF1A8A998A5218B4
:10B50000002214BFC2F309029A7090421A8228D016
:10B51000D98A012925D19978012913D119888A1A44
:10B52000022192B2997000219A82198062B99A70B0
:10B530001A821A8A90428BBF801AC2F58062988262
:10B540009A8201E00029F4D0188A0B4A104484F34F
:10B5500010880A4A998AD368019302B0BDE8104066
:10B56000184784F31088EBF72DFD02B0BDE81040BA
:10B57000FFF7E0BE445800204454002034D00108B6
:10B580000A22002100F07AB8242B2DE9F0478646E4
:10B59000904601D8012B06D100F002FC162303606F
:10B5A0000020BDE8F08734480D462A4615F8014BC7
:10B5B000065D16F00806F8D12D2C2DD12C78012629
:10B5C000951C33F0100209D1302C2AD12A7802F0D0
:10B5D000DF02582A25D16C781023023506F1004C81
:10B5E0000CF1FF3C0022BCFBF3F9104603FB19CA27
:10B5F000A4F13007092F1BD83C46A34227DD571C76
:10B6000007D0814520D301D1A2451DDB00FB0340BB
:10B61000012215F8014BEBE72B2C04BF2C78951C6D
:10B62000CFE7002BDAD1302C0CBF08230A23D5E753
:10B63000A4F14107192F01D8373CDEE7A4F16107D7
:10B64000192F04D8573CD8E74FF0FF32E1E7531CDD
:10B6500008D12223CEF800306046B8F1000FA0D008
:10B66000691E06E006B14042B8F1000F99D0002AE9
:10B67000F6D1C8F8001094E7CEE2010813460A4656
:10B68000014602480068FFF77FBF00BF4801002065
:10B690002DE9F043344E86460D46284615F8014BF9
:10B6A000375D17F00807F8D12D2C2FD12C78012702
:10B6B000851C33F0100009D1302C2CD1287800F0F3
:10B6C000DF00582827D16C78102302354FF0FF385F
:10B6D0000026B8FBF3F803FB08F96FEA09093046C6
:10B6E000A4F1300CBCF1090F1CD86446A3422ADD3A
:10B6F000B6F1FF3F07D0804522D301D1A1451FDB22
:10B7000000FB0340012615F8014BE9E72B2C04BF91
:10B710002C78851CCDE7002BD8D1302C0CBF08230A
:10B720000A23D3E7A4F1410CBCF1190F01D8373C2F
:10B73000DCE7A4F1610CBCF1190F04D8573CD5E744
:10B740004FF0FF36DFE7731C06D12223CEF800301E
:10B75000304632B9BDE8F08307B14042002AF9D043
:10B7600006B1691E1160F5E7CEE2010813460A46EC
:10B77000014602480068FFF78BBF00BF4801002068
:10B78000002310B50446C0E90033C0E904338360E8
:10B7900081814366C2818361194608225C3000F0D2
:10B7A0009BF90D4B63620D4BA3620D4BE3620D4B96
:10B7B00023630D4B24629C4206D003F1680294423D
:10B7C00002D0D0339C4205D104F15800BDE81040AE
:10B7D00000F010BB10BD00BFADB90108CFB9010822
:10B7E00007BA01082BBA01085C580020024A034935
:10B7F000034800F069B800BF3C01002031C70108D0
:10B800004C01002041680C4B994210B5044601D010
:10B8100000F08EFFA168094B994202D0204600F04B
:10B8200087FFE168064B994204D02046BDE81040EE
:10B8300000F07EBF10BD00BF5C580020C45800203F
:10B840002C59002010B50B4B0B4C0C4A1A602046AB
:10B8500000220421FFF794FF04F16800012209216E
:10B86000FFF78EFF04F1D0000222BDE81040122144
:10B87000FFF786BF945900205C580020EDB70108FF
:10B88000014800F0B8BA00BF9D590020014800F0FF
:10B89000B3BA00BF9D59002010B50446FFF7F0FF72
:10B8A000236A1BB1BDE81040FFF7F0BF044B2362D1
:10B8B000044B1B68002BF5D1FFF7C4FFF2E700BF74
:10B8C00005B80108945900202DE9F8430746884639
:10B8D00014460026D4E90195B9F1010905D524687B
:10B8E000002CF7D13046BDE8F883AB89012B07D98E
:10B8F000B5F90E30013303D029463846C047064318
:10B900006835E9E70CB430B5174B0C1E1D689DB0C7
:10B9100008DA8B232B604FF0FF301DB0BDE83040BC
:10B9200002B070474FF40273ADF8143014BF04F145
:10B93000FF332346049307934FF6FF73029006905C
:10B94000ADF81630209A21AB02A92846019300F0E9
:10B95000E5FB431CBCBF8B232B60002CDDD0029B7E
:10B9600000221A70D9E700BF480100200EB400B5CC
:10B970009CB01DAB029006906FF000410948079102
:10B980000491094953F8042B05910068019302A919
:10B9900000F0C4FB029B00221A701CB05DF804EB9F
:10B9A00003B07047480100200802FFFF10B50C46A5
:10B9B000B1F90E1000F0D0F90028ABBF636DA38978
:10B9C0001B1823F48053ACBF6365A38110BD2DE920
:10B9D000F0411F468B89DB0505460C46164605D50A
:10B9E000B1F90E100223002200F0A4F9A389B4F9E2
:10B9F0000E1023F48053A38132463B462846BDE80F
:10BA0000F04100F0BBB910B50C46B1F90E1000F0D2
:10BA100091F9431CA38915BF606523F4805343F457
:10BA20008053A38118BFA38110BDB1F90E1000F09F
:10BA30005FB930B51446002C9BB005461A4605DAAE
:10BA40008B2303604FF0FF301BB030BD4FF4027307
:10BA5000ADF80C3014BF04F1FF3323460293059375
:10BA60004FF6FF7300910491ADF80E3069461E9BAE
:10BA700000F054FB431CBCBF8B232B60002CE3D095
:10BA8000009B00221A70DFE707B5009313460A46B1
:10BA9000014603480068FFF7CCFF03B05DF804FBE4
:10BAA00048010020884210B501EB020402D984420B
:10BAB000234607D8431EA14208D011F8012B03F8F2
:10BAC000012FF8E7024401468A4200D110BD13F865
:10BAD000014D02F8014DF7E702440346934200D1BD
:10BAE000704703F8011BF9E7C9B20346184613F87B
:10BAF000012B12B18A42F9D17047002918BF0020EA
:10BB000070470A7870B56AB970BD9A4209D10C467F
:10BB1000054614F8013F002BF6D015F8016F9E4240
:10BB2000F7D001300378002BEFD11846ECE7000086
:10BB300038B50B4B1D686B6B044653B9242000F0DD
:10BB4000DBF90246686320B9064B07483D2100F047
:10BB50006BF9696B2046BDE8384000F007B800BFBC
:10BB600048010020CEE30108E5E301082DE9F0419A
:10BB70004D4A0C460023D0E90001EAF7BFF8002A3D
:10BB8000BCBF02F5A83202F5C0724FF4616100F546
:10BB90002F20B2FBF1F301FB13224FF03C01ACBFAD
:10BBA00000F66C2000F66B20A360B2FBF1F301FB02
:10BBB000132263602260C31C072293FBF2F2C2EBE4
:10BBC000C2029B1A48BF07330028A361B8BFA0F583
:10BBD0000E333649AEBF90FBF1F1A3F52C7393FB06
:10BBE000F1F1334B03FB010048F6AC63B0FBF3F318
:10BBF000034440F2B45CB0FBFCF29B1A40F26D17B8
:10BC00002C4AB0FBF2F264269B1AB3FBF7F2B3FBAB
:10BC1000FCF3B2FBF6F5EB1A034407FB1233992051
:10BC200003EB8307023703F1010EB7FBF0FC00FBC7
:10BC30000CF002304FF00508B0FBF8F0AEEB00005E
:10BC400040F2F95E77458CBF6FF009070227674421
:10BC50004FF4C87C0CFB0121012F98BF0131B3F5D3
:10BC6000997F0CD3A3F59973E361A1F26C71002362
:10BC7000E060C4E9047123622046BDE8F08112F05F
:10BC8000030F02D106FB15255DB94FF4C875B2FB51
:10BC9000F5F605FB1622B2FA82F252093B33134441
:10BCA000E2E70122FAE700BF80510100B13A020049
:10BCB0004FC5FDFFB03A0200DFB50C4B04464FF014
:10BCC000FF3618684FF0FF3700226946CDE900675C
:10BCD00000F01EF8002801DACDE90067DDE9000177
:10BCE0000CB1C4E9000104B0D0BD00BF4801002080
:10BCF00038B5064D0023044608462B60EBF7C8F91B
:10BD0000431C02D12B6803B1236038BD9859002031
:10BD100038B5074D00230446084611462B6001F054
:10BD2000ABF8431C02D12B6803B1236038BD00BFC0
:10BD30009859002038B5074D0446084611460022A0
:10BD40002A601A46EBF7AEF9431C02D12B6803B107
:10BD5000236038BD9859002038B5074D0446084681
:10BD6000114600222A601A46EBF776F9431C02D1ED
:10BD70002B6803B1236038BD9859002038B5074DB2
:10BD800004460846114600222A601A46EBF772F96B
:10BD9000431C02D12B6803B1236038BD98590020A1
:10BDA000014B1868704700BF4801002070B50D4D69
:10BDB0000D4C641BA4100026A64209D10B4D0C4C5F
:10BDC00001F062F8641BA4100026A64205D170BDE4
:10BDD00055F8043B98470136EEE755F8043B984781
:10BDE0000136F2E78CE501088CE501088CE50108D5
:10BDF00090E50108704770477047034611F8012B22
:10BE000003F8012B002AF9D170470A44914200F14E
:10BE1000FF3300D1704710B511F8014B03F8014F03
:10BE20009142F9D110BD00001FB514461A46094BC6
:10BE30001B680546D86854B9074B1C46CDE9013448
:10BE400000912B46054900F09BFC00F0BBFC044B25
:10BE5000F4E700BF480100209BD401084AE4010830
:10BE60003DE4010838B50546002941D051F8043CAD
:10BE70000C1F002BB8BFE41800F0E8F81D4A136847
:10BE800033B9636014602846BDE8384000F0E4B878
:10BE9000A34208D9206821188B4201BF19685B684A
:10BEA00009182160EDE71A465B680BB1A342FAD985
:10BEB00011685018A0420BD12068014450188342E9
:10BEC0001160E0D118685B68536008441060DAE7DD
:10BED00002D90C232B60D6E7206821188B4204BFBF
:10BEE00019685B68636004BF091821605460CAE781
:10BEF00038BD00BFA4590020024B0146186800F06D
:10BF000025B800BF4801002070B50F4E0C463168BF
:10BF1000054611B900F046FC30602146284600F085
:10BF200041FC431C03D14FF0FF34204670BDC41CBC
:10BF300024F00304A042F8D0211A284600F032FC75
:10BF40000130F2D1EFE700BFA05900202DE9F843FE
:10BF5000CD1C25F0030508350C2D38BF0C25002D10
:10BF6000064601DBA94204D90C2333600020BDE85A
:10BF7000F883DFF8D48000F069F8D8F800301C4668
:10BF800044BB29463046FFF7BFFF431C044658D147
:10BF9000D8F800402746002F43D1002C4BD023680F
:10BFA0003946304604EB030900F0FCFB814542D1E1
:10BFB00021686D1A29463046FFF7A6FF01303AD0B6
:10BFC00023682B442360D8F800305A6862BBC8F855
:10BFD00000700FE02268521B20D40B2A17D9611978
:10BFE000A342256018BF5960636808BFC8F80010F5
:10BFF00062514B60304600F02FF804F10B00231D16
:10C0000020F00700C21A1CBF1B1AA350AFE76268DA
:10C01000A3420CBFC8F800205A60EBE723466468CF
:10C02000AEE73C467F68B6E71A465B68A342FBD1A1
:10C0300000235360DEE70C233360304600F00CF839
:10C0400094E70560D6E700BFA45900200148FFF738
:10C05000D2BE00BF9C5900200148FFF7CDBE00BFF3
:10C060009C5900202DE9F0478E681F46BE420B68A0
:10C0700082460C4690462DD8B1F90C2012F4906FF0
:10C0800026D06569096905EB4505A3EB010905EBB8
:10C09000D5757B1C4B446D109D4238BF1D46530522
:10C0A00027D52946FFF752FF064660B321694A4665
:10C0B000FFF7ABFEA38923F4906343F08003A381D1
:10C0C000266165614E44A5EB09052660A5603E46E4
:10C0D000BE4200D93E46206832464146FFF7E2FCA8
:10C0E000A3689B1BA3602368334423600020BDE842
:10C0F000F0872A4600F06DFB06460028E0D1216952
:10C100005046FFF7AFFE0C23CAF80030A38943F076
:10C110004003A3814FF0FF30E9E700002DE9F04F25
:10C1200098468B891B069DB007460D46144610D5D0
:10C130000B6973B94021FFF709FF2860286130B906
:10C140000C233B604FF0FF301DB0BDE8F08F402363
:10C150006B610023099320238DF82930CDF80C80E2
:10C160003023DFF89C818DF82A304FF001092346F7
:10C170009A4613F8012B0AB1252AF9D1BAEB040B20
:10C180000BD05B46224629463846FFF76BFF01304D
:10C1900000F0A780099A5A4409929AF80030002BBF
:10C1A00000F09F8000234FF0FF32CDE905230AF114
:10C1B000010A049307938DF853301A9354460522CD
:10C1C00014F8011B4E48E8F7E3FF049AD8B9D006EB
:10C1D00044BF20238DF85330110744BF2B238DF823
:10C1E00053309AF800302A2B15D0079A5446002075
:10C1F0004FF00A0C214611F8013B303B092B4BD97B
:10C20000B0B1079214E0A0EB080309FA03F313435B
:10C210000493A246D2E7039B191D1B680391002BD0
:10C22000BBBF5B4242F0020207930793B8BF049280
:10C2300023782E2B0AD163782A2B32D1039B1A1D27
:10C240001B68039243EAE37302340593DFF8B4A05A
:10C25000217803225046E8F79BFF38B1049BA0EBFE
:10C260000A004022824013430134049314F8011B56
:10C2700025488DF828100622E8F78AFF002836D0D6
:10C28000224B1BBB039B073323F0070308330393A5
:10C29000099B334409936AE70CFB02320C460120E8
:10C2A000A8E700230134059319464FF00A0C2046F5
:10C2B00010F8012B303A092A03D9002BC6D005917A
:10C2C000C4E70CFB012104460123F0E703AB009314
:10C2D0002A460F4B04A93846AFF30080421C06469D
:10C2E000D6D1AB895B063FF52DAF09982CE703ABA0
:10C2F00000932A46064B04A9384600F079F8EDE78A
:10C3000079E401087FE4010883E4010800000000EB
:10C3100065C001082DE9F047164698468A680B6902
:10C32000DDF820909342B8BF1346336091F8432064
:10C3300007460C460AB1013333602368990642BFB1
:10C34000336802333360256815F0060506D104F121
:10C35000190AE36832689B1AAB4226DC94F8433032
:10C360002268003B18BF012392062BD404F143023C
:10C3700041463846C84701301ED02368226903F081
:10C380000603042B02BFE5683368ED1AA3680CBFEF
:10C3900025EAE57500259342C4BF9B1AED180026D7
:10C3A0001A34B5421AD1002008E001235246414612
:10C3B0003846C847013003D14FF0FF30BDE8F08761
:10C3C0000135C6E7E1185A1C302081F843002244A9
:10C3D00094F8451082F843100233C7E70123224640
:10C3E00041463846C8470130E6D00136D9E700005B
:10C3F0002DE9FF470F7E0C9E782F914680460C4614
:10C400009A4601F1430207D8622F0AD8002F00F0A4
:10C41000D280582F00F0B98004F1420684F84270AF
:10C420003AE0A7F16303152BF6D801A151F823F0E8
:10C4300089C401089DC4010819C4010819C4010870
:10C4400019C4010819C401089DC4010819C40108D0
:10C4500019C4010819C4010819C401089DC50108BF
:10C46000C7C4010857C5010819C4010819C4010847
:10C47000BFC5010819C40108C7C4010819C40108CF
:10C4800019C401085FC5010833681A1D1B683260B2
:10C4900004F1420684F8423001239DE033682068AD
:10C4A000191D3160060601D51D6803E04506FBD560
:10C4B000B3F90050002D03DA2D236D4284F8433088
:10C4C00059480A2311E021683368080653F8045BD1
:10C4D00002D4490648BFADB26F2F5348336014BF32
:10C4E0000A230823002184F843106668A660002E02
:10C4F000A2BF216821F0040121600DB9002E4BD0AC
:10C500001646B5FBF3F103FB1157C75D06F8017D35
:10C510002F46BB420D46F4D9082B0BD12368DF0709
:10C5200008D5236961689942DEBF302306F8013CD3
:10C5300006F1FF36921B2261CDF800A04B4603AAFC
:10C5400021464046FFF7E6FE01304AD14FF0FF306A
:10C5500004B0BDE8F087236843F02003236033482C
:10C56000782784F84570236831681F0651F8045B0A
:10C5700002D45F0648BFADB23160D90744BF43F073
:10C58000200323601DB11023ACE72748E9E72368A7
:10C5900023F020032360F6E71646BDE733682568DD
:10C5A0006169181D30602E061B6801D5196002E014
:10C5B0006806FBD51980002323611646BCE7336863
:10C5C0001A1D32601E68626800213046E8F7E0FDFF
:10C5D00008B1801B606063682361002384F84330E6
:10C5E000AAE72369324649464046D0470130ADD0DC
:10C5F00023689B0713D4E068039B9842B8BF184692
:10C60000A6E70123324649464046D04701309DD037
:10C610000135E36803995B1AAB42F2DCEBE70025D6
:10C6200004F11906F5E700BF8AE401089BE401085C
:10C63000B1F90C20F8B5160705460C4654D44B68E2
:10C64000002B02DC0B6C002B48DDE66A002E45D087
:10C65000002312F480522F68216A2B6030D0626D63
:10C66000A389590705D56368D21A636B0BB1236C94
:10C67000D21A0023E66A216A2846B047431CA389E0
:10C6800006D129681D292BD8284A0A41D60727D464
:10C6900000226260D9042269226004D5421C01D1C3
:10C6A0002B6803B96065616B2F60B9B104F1440375
:10C6B000994202D02846FFF7D5FB002363630DE0C3
:10C6C00001232846B0470246501CC9D12B68002BD5
:10C6D000C6D01D2B01D0162B1DD12F60002021E0CC
:10C6E00043F040031BB21AE00F69002FF6D0930706
:10C6F0000E6808BF4B690F6018BF0023F61B8B60E4
:10C70000002EEBDD216AD4F828C033463A4628468D
:10C71000E047002807DCB4F90C3043F04003A38164
:10C720004FF0FF30F8BD0744361AE9E7FEFFBFDFE0
:10C7300038B50B6905460C4613B90025284638BDA7
:10C7400018B1036A0BB9FFF7A7F8B4F90C30002B46
:10C75000F3D0626ED00704D4990502D4A06DFFF720
:10C760004AFB28462146FFF763FF636EDA0705465A
:10C77000E4D4A3899B05E1D4A06DFFF73DFBDDE781
:10C780000EB403B5014603AB054853F8042B00680B
:10C79000019300F073F802B05DF804EB03B070474A
:10C7A0004801002038B5064D0023044608462B609A
:10C7B000EAF77AFC431C02D12B6803B1236038BD31
:10C7C0009859002008B5062000F02CFA0120EAF75D
:10C7D0003DFC2DE9F041804615460C4621B9BDE8E7
:10C7E000F0411146FFF7B2BB2AB9FFF73BFB00242B
:10C7F0002046BDE8F08100F031FA8542064602D8B5
:10C80000B5EB500FF4D829464046FFF79FFB07468B
:10C810000028ECD0B5422A46214628BF3246FFF711
:10C82000F4FA21464046FFF71DFB3C46E0E79368DB
:10C83000013B002B10B4936007DA9469A34201DB3B
:10C840000A2902D110BC00F031B91368581C1060DD
:10C850001970084610BC7047F8B506460F461446D6
:10C86000D518AC4201D1002007E014F8011B3A466C
:10C870003046FFF7DCFF431CF3D1F8BD2DE9F04F44
:10C880000D469DB014469846064618B1036A0BB98A
:10C89000FFF702F86B6ED90705D4AB899A0502D46D
:10C8A000A86DFFF7A8FAAB891B0701D52B699BB9C7
:10C8B0002946304600F038F970B16B6EDC0704D5BC
:10C8C0004FF0FF301DB0BDE8F08FAB899805F7D46D
:10C8D000A86DFFF791FAF3E70023099320238DF861
:10C8E0002930CDF80C803023DFF8AC818DF82A3068
:10C8F0004FF0010923469A4613F8012B0AB1252A65
:10C90000F9D1BAEB040B0BD05B46224629463046E0
:10C91000FFF7A2FF013000F0A780099A5A4409925C
:10C920009AF80030002B00F09F8000234FF0FF3278
:10C93000CDE905230AF1010A049307938DF85330DA
:10C940001A935446052214F8011B5348E8F720FCBB
:10C95000049AD8B9D10644BF20238DF85330130769
:10C9600044BF2B238DF853309AF800302A2B15D072
:10C97000079A544600204FF00A0C214611F8013B5B
:10C98000303B092B4BD9B0B1079214E0A0EB080360
:10C9900009FA03F313430493A246D2E7039B191D3C
:10C9A0001B680391002BBBBF5B4242F0020207935E
:10C9B0000793B8BF049223782E2B0AD163782A2BD1
:10C9C00032D1039B1A1D1B68039243EAE3730234BE
:10C9D0000593DFF8C8A0217803225046E8F7D8FB7A
:10C9E00038B1049BA0EB0A0040228240134301347B
:10C9F000049314F8011B2A488DF828100622E8F742
:10CA0000C7FB00283FD0274B1BBB039B073323F0FA
:10CA1000070308330393099B3B4409936AE70CFB24
:10CA200002320C460120A8E7002301340593194681
:10CA30004FF00A0C204610F8012B303A092A03D98E
:10CA4000002BC6D00591C4E70CFB0121044601234D
:10CA5000F0E703AB00932A46134B04A93046AFF32B
:10CA600000800746781CD6D16B6ED90705D4AB89F8
:10CA70009A0502D4A86DFFF7BFF9AB895B063FF5B5
:10CA80001FAF09981EE703AB00932A46064B04A983
:10CA90003046FFF7ADFCE4E779E401087FE40108E4
:10CAA00083E401080000000059C80108F8B50E46EB
:10CAB0001446054618B1036A0BB9FEF7EDFEA369EB
:10CAC000A360A3891A0701D5236943B921462846E3
:10CAD00000F02AF818B14FF0FF373846F8BD236848
:10CAE0002269981A6369F6B28342374605DC21460B
:10CAF0002846FFF71DFE0028EDD1A368013BA36087
:10CB000023685A1C22601E706269431C9A4204D03A
:10CB1000A389DB07E1D50A2EDFD121462846FFF79E
:10CB200007FE0028D9D0D6E738B5294B0546186846
:10CB30000C4618B1036A0BB9FEF7AEFEB4F90C301F
:10CB4000190722D4DA0607D409222A6043F04003E9
:10CB5000A3814FF0FF3033E0580712D5616B41B12C
:10CB600004F14403994202D02846FFF77BF90023E1
:10CB70006363A38923F02403A381002363602369F3
:10CB80002360A38943F00803A38123694BB9A389D8
:10CB900003F42073B3F5007F03D02146284600F04C
:10CBA0008BF8B4F90C3013F001020AD00022A26015
:10CBB00062695242A261226942B913F08000C5D174
:10CBC00038BD990758BF6269A260F4E70020F7E713
:10CBD000480100201F2938B505460C4604D9162304
:10CBE00003604FF0FF3038BDC26B12B152F82130F4
:10CBF0004BB9284600F030F8224601462846BDE8E9
:10CC0000384000F017B8012B0AD0591C03D1162365
:10CC100003600120E7E7002142F8241020469847EE
:10CC20000020E0E7024B01461868FFF7D3BF00BFC2
:10CC30004801002038B5074D002304460846114638
:10CC40002B60EAF7FBF9431C02D12B6803B1236088
:10CC500038BD00BF98590020EAF7EEB951F8043CFE
:10CC6000181F002BBCBF0B58C018704770B50C467E
:10CC7000B1F90E10002996B015461E460DDAA389AB
:10CC800013F0800F4FF0000114BF40234FF4806376
:10CC9000002031602B6016B070BD6A4600F048F885
:10CCA0000028ECDB019901F47041A1F500535942D1
:10CCB00059414FF48063EBE78B89F7B59D07064632
:10CCC0000C4607D504F14703236023610123636108
:10CCD00003B0F0BD01AB6A46FFF7C8FF009F0546F1
:10CCE00039463046FFF732F948B9B4F90C309A05A5
:10CCF000EED423F0030343F00203A381E2E7A38908
:10CD0000206043F08003A381019BC4E904075BB169
:10CD1000B4F90E10304600F01DF828B1A38923F0B5
:10CD2000030343F00103A381A3891D43A581CFE73A
:10CD300038B5074D00230446084611462B60EAF734
:10CD4000AAF9431C02D12B6803B1236038BD00BF90
:10CD50009859002038B5064D0023044608462B603C
:10CD6000EAF79EF9431C02D12B6803B1236038BD5A
:10CD700098590020000000002DE9F041C1F30A5746
:10CD8000A7F2FF36132E02460B460C460546804698
:10CD900035DC002E17DA34A3D3E90023E8F74EFA86
:10CDA00000220023E8F77EFC50B1002C57DA24F073
:10CDB00000442C430025AC422D4C08BF4FF00044EA
:10CDC00023462A4624E02B4F374101EA070C5CEA50
:10CDD000000C1DD024A3D3E90023E8F72FFA00228A
:10CDE0000023E8F75FFC0028EAD0002CBEBF4FF418
:10CDF00080133341E41824EA07040025E0E7332ECA
:10CE00000ADDB6F5806F03D1E8F718FA02460B4643
:10CE100010461946BDE8F081A7F213474FF0FF3CDA
:10CE20002CFA07F70742F3D00FA3D3E90023E8F762
:10CE300005FA00220023E8F735FC0028C0D0002CBA
:10CE40000ADA142E01D1013406E0C6F134060123BA
:10CE5000B3401D444545F6D325EA0705B0E7002554
:10CE60002C46ADE7AFF300809C7500883CE4377E2C
:10CE70000000F0BFFFFF0F00024B58221A604FF076
:10CE8000FF30704798590020F8B500BFF8BC08BCC7
:10CE90009E467047F8B500BFF8BC08BC9E46704778
:10CEA00000000000010000000200000000EA063758
:10CEB000000000005000000040F7093700000000AB
:10CEC00050000000A027BE33000000005001000009
:10CED000E034C13300000000500100002042C433A0
:10CEE000000000005001000064CE8F3300000000FD
:10CEF0005000000084FE9433000000005000000049
:10CF0000E8E19D330000000050000000C194C10022
:10CF100000000000B2270000000000000000000038
:10CF20000000000000000000000000000000000001
:10CF30007B690008696900084D6900086D6900088F
:10CF4000496900088D690008256473253033643A07
:10CF500000000000A0860100400D0300801A0600BA
:10CF600000350C0040420F0080841E0000093D0087
:10CF700000127A000024F40000366E010048E80137
:10CF8000006CDC0200000000000000000000000057
:10CF90000000000000000000000000000000000091
:10CFA000000000000100000002000000030000007B
:10CFB0000400000001000000030000000500000064
:10CFC0000100000001000000060000000A0000004F
:10CFD0002000000002000000040000000800000023
:10CFE0001000000040000000800000000001000070
:10CFF000000200009171000831720008A171000860
:10D000003D7200080172000849720008000000002B
:10D01000B17100086971000835710008ED700008F1
:10D020004571000859710008F9700008FD7000088A
:10D03000117100084973000871730008F572000847
:10D04000E1720008010002000400060008000A0066
:10D050000C001000200040008000000108040204C1
:10D060000801010101010103070100002243686179
:10D070006E6E656C2041222C224368616E6E656C79
:10D0800020422200224669656C642031222C22460F
:10D0900069656C6420322200444556494E464F3D36
:10D0A0004C4F524157414E2C4E4F44452C25732C2A
:10D0B0005625752E25752E25752C5625752E25750C
:10D0C0002E25752C25642C25642C25640A004552D8
:10D0D0004153453D4F4B0A0061D2C5E0F16534EA4A
:10D0E00000A6C0A9588B8A9FAA3F4B7B9866F92956
:10D0F000C000253034642D253032642D2530326453
:10D1000054253032643A253032643A253032642B6B
:10D1100030303A30300A0049443D253032583A2503
:10D120003032583A253032583A253032583A253084
:10D1300032583A253032583A253032583A25303272
:10D14000582C00253032583A253032583A253032A2
:10D15000583A253032583A253032583A253032582C
:10D160003A253032583A253032583A253032583A3A
:10D17000253032583A253032583A253032583A253F
:10D180003032583A253032583A253032583A253024
:10D1900032582C00253032583A253032583A253052
:10D1A00032583A253032583A253032583A25303202
:10D1B000583A253032583A253032580A00414E410B
:10D1C0004C4F47005253343835004572726F72002D
:10D1D000414E47434845434B3D310A00414E47438A
:10D1E0004845434B3D300A00224368616E6E656CD2
:10D1F0002041222C224368616E6E656C2042222CF5
:10D2000022426F74682200224669656C64203122D4
:10D210002C224669656C642032222C22426F74688D
:10D22000220041542B444556444154410041542B63
:10D23000444556494E464F00545854494D453D25A6
:10D24000640A0041542B504152414D530050415209
:10D25000414D533D5B7B226E616D65223A224669EA
:10D26000656C642031222C22696E646578223A3123
:10D270002C226D696E223A302C226D6178223A3070
:10D280007D2C7B226E616D65223A224669656C6455
:10D290002032222C22696E646578223A322C226D6B
:10D2A000696E223A302C226D6178223A307D5D0A17
:10D2B0000041542B4C525300434C4153533D256382
:10D2C0000A0042414E443D25730A004D5347494EE2
:10D2D000464F3D25642C25642C25640A0041542BBF
:10D2E00049443D524546524553480041542B494418
:10D2F0000041542B4A4F494E53544154004A4F4920
:10D300004E535441543D25640A0041542B44455624
:10D31000545950453D00444556545950453D257398
:10D320000A00444556545950453D4572726F720A81
:10D330000041542B444556545950450041542B410B
:10D340004E473D00414E473D4572726F720A0041A3
:10D350004E473D25642C25640A0041542B414E471D
:10D36000524541443D00414E473D312C25640A0061
:10D37000414E473D322C25640A0041542B414E4713
:10D38000434845434B3D00414E47434845434B3D91
:10D390004572726F720A0025642E25303264206D4A
:10D3A000410025642E25303264205600414E47430B
:10D3B0004845434B3D25730A0041542B545854496A
:10D3C0004D453D0041542B545854494D450041545E
:10D3D0002B42414E443D0042414E443D25640A00EB
:10D3E00042414E443D4572726F720A0041542B42D5
:10D3F000414E440042414E443D41533932330A00CC
:10D4000042414E443D41553931350A0042414E4476
:10D410003D45553836380A0042414E443D494E3864
:10D4200036350A0042414E443D55533931350A00E4
:10D4300041542B434C4153533D00434C4153533DC6
:10D440004572726F720A0041542B434C4153530092
:10D4500041542B4D5347494E464F3D004572726F24
:10D46000723A20496E636F6D706C657465204D5320
:10D4700047494E464F20636F6D6D616E642E2049A3
:10D48000676E6F72696E6720746F20707265766563
:10D490006E742063726173682E0D0A0041542B4D27
:10D4A0005347494E464F0041542B54524947454E2D
:10D4B000423D0041542B53414D50454E423D0041A9
:10D4C000542B545247434845434B3D00545249471F
:10D4D0003D7B22737461747573223A224572726FB8
:10D4E00072227D0A00545249473D7B22747269675B
:10D4F000676572223A25642C22706172616D6574D1
:10D500006572223A5B25735D2C22696E6465782210
:10D510003A25642C226D696E223A25642E2530321C
:10D52000642C226D6178223A25642E253032642CD9
:10D530002274696D65736C6F74223A25642C2265C0
:10D540006E61626C65223A25647D0A0041542B5459
:10D550005249473D0041542B545249470041542BF6
:10D5600053414D504C494E473D0023232323232351
:10D57000205452494731206175746F2D646973617D
:10D58000626C6564202853414D504C494E47204FF2
:10D590004E290A00232323232323205452494732B0
:10D5A000206175746F2D64697361626C65642028F5
:10D5B00053414D504C494E47204F4E290A0053418C
:10D5C0004D504C494E473D7B22706172616D6574D0
:10D5D0006572223A5B25735D2C22696E6465782240
:10D5E0003A25642C22636F756E74223A25642C22CE
:10D5F000656E61626C65223A25642C2273616D70E0
:10D600006C655F74696D65223A25647D0A0041543A
:10D610002B53414D504C494E470041542B424155EC
:10D62000443D00424155443D25642C25640A004197
:10D63000542B424155440041542B4D4F44434845DF
:10D64000434B3D004D4F44434845434B3D4572726B
:10D650006F720A0041542B4C54494D450041542BE4
:10D6600052455345540052455345543D4F4B0A00D3
:10D6700041542B4F54413D0041542B5550005550BF
:10D680003D4572726F720A0041542B455241534519
:10D690000041542B4D4F44434F4E463D004D4F44A7
:10D6A000434F4E463D4572726F720A004D4F4443E0
:10D6B0004F4E463D25642C25642C25642C25642C76
:10D6C00025642C25642C25642C25640A0041542BE8
:10D6D0004D4F44524541443D004D4F44434F4E460B
:10D6E0003D25642C25642C25642C25642C25642C74
:10D6F00025642C25640A00415339323300415539E1
:10D70000313500455538363800494E3836350055E4
:10D710005339313500000000F7D60108FDD6010865
:10D7200003D7010809D701080FD7010855505355F1
:10D7300043434553533D253034642C25642C2564E4
:10D740002C25642C25642C25640A002D00256400FA
:10D75000257500257325642E25303264004552520C
:10D76000002C20004D4F44434845434B3D7B200057
:10D770002575257300207D004D4F44434845434B9C
:10D780003D25730A00257325730055503D53656E82
:10D7900064696E670A0055503D427573790A00004E
:10D7A0004D9383BD4B1641BD1848AB3B2504AB3BA5
:10D7B000CA7B46BD64ECBFBD71DE243B0805253B3A
:10D7C0002B4F54413A4641494C2C53594E544158E1
:10D7D0000D0A002B4F54413A4641494C2C53495AAB
:10D7E000450D0A002B4F54413A4641494C2C4552B5
:10D7F0004153450D0A002B4F54413A52454144597B
:10D800000D0A002B4F54413A4641494C2C54494D86
:10D81000454F55540D0A002B4F54413A4641494C4F
:10D820002C57524954450D0A002B4F54413A41435D
:10D830004B2C25750D0A0041542B4F544141424F4A
:10D840005254002B4F54413A41424F525445440DDB
:10D850000A002B4F54413A4641494C2C4352430D48
:10D860000A002B4F54413A4641494C2C4D455441F6
:10D870000D0A002B4F54413A4F4B0D0A00A58499D5
:10D880008D0DBDB1545003A97D1962E69A459D40A6
:10D890008715EBC90BEC67FDEABFF7965BC21CAEC0
:10D8A0006A5A41024F5CF434089373533F0C52653B
:10D8B0005E28A10FB509369B3D2669CD9F1B9E743E
:10D8C0002E2DB2EEFBF64D61CE7B3E7197F56800D2
:10D8D0002C601FC8EDBE46D94BDED4E84A6B2AE562
:10D8E00016C5D75594CF100681F044BAE3F3FEC0B5
:10D8F0008AADBC4804DFC17563301A0E6D4C143517
:10D900002FE1A2CC3957F28247ACE72B95A098D1F2
:10D910007F667EAB83CA29D33C79E21D763B564EA7
:10D920001EDB0A6CE45D6EEFA6A8A4378B32435968
:10D93000B78C64D2E0B4FA0725AF8EE918D5886FAA
:10D940007224F1C751237C9C21DDDC86859042C482
:10D95000AAD8050112A35FF9D0915827B93813B39B
:10D9600033BB7089A7B622922049FF787A8FF8805E
:10D9700017DA31C6B8C3B07711CBFCD63AC6F8EE89
:10D98000F6FFD6DE916002CE56E7B54DEC8F1F89CB
:10D99000FAEFB28EFB41B35F452353E49B75E13D43
:10D9A0004C6C7EF5836851D1F9E2AB622A0895464A
:10D9B0009D30370A2F0E241BDFCD4E7FEA121D58F3
:10D9C0003436DCB45BA476B77D52DD5E13A6B900B5
:10D9D000C140E379B6D48D67729498B085BBC54FCA
:10D9E000ED869A66118AE904FEA078254BA25D8037
:10D9F000053F2170F16377AF4220E5FDBF81182616
:10DA0000C3BE35882E9355FC7AC8BA32E6C0199E3B
:10DA1000A344543B0B8CC76B28A7BC16ADDB6474C6
:10DA200014920C48B89FBD43C43931D3F2D58B6EE4
:10DA3000DA01B19C49D8ACF3CFCAF447106FF04A71
:10DA40005C38577397CBA1E83E96610D0FE07C716F
:10DA5000CC9006F71CC26AAE6917993A27D9EB2B0E
:10DA600022D2A907332D3C15C987AA50A50359090D
:10DA70001A65D784D082295A1E7BA86D2C637C77C7
:10DA80007BF26B6FC53001672BFED7AB76CA82C9BC
:10DA90007DFA5947F0ADD4A2AF9CA472C0B7FD93F4
:10DAA00026363FF7CC34A5E5F171D8311504C723EC
:10DAB000C31896059A071280E2EB27B27509832CEA
:10DAC0001A1B6E5AA0523BD6B329E32F8453D100C0
:10DAD000ED20FCB15B6ACBBE394A4C58CFD0EFAADF
:10DAE000FB434D338545F9027F503C9FA851A3402D
:10DAF0008F929D38F5BCB6DA2110FFF3D2CD0C130E
:10DB0000EC5F974417C4A77E3D645D197360814F35
:10DB1000DC222A908846EEB814DE5E0BDBE0323A57
:10DB20000A4906245CC2D3AC629195E479E7C83710
:10DB30006D8DD54EA96C56F4EA657AAE08BA782593
:10DB40002E1CA6B4C6E8DD741F4BBD8B8A703EB593
:10DB5000664803F60E613557B986C11D9EE1F898F7
:10DB60001169D98E949B1E87E9CE5528DF8CA18937
:10DB70000DBFE6426841992D0FB054BB16232323F5
:10DB800023232320257320253032583A253032585C
:10DB90003A253032583A253032583A253032583A00
:10DBA000253032583A253032583A253032583A2505
:10DBB0003032583A253032583A253032583A2530EA
:10DBC00032583A253032583A253032583A253032D8
:10DBD000583A253032580D0A0023232323232320CB
:10DBE0004465764555493A202020202020253032B2
:10DBF000583A253032583A253032583A2530325882
:10DC00003A253032583A253032583A253032583A8F
:10DC1000253032580D0A002323232323232041706B
:10DC2000704555493A202020202020253032583A8E
:10DC3000253032583A253032583A253032583A2574
:10DC40003032583A253032583A253032583A253059
:10DC500032580D0A002323232323232044657641D1
:10DC60006464723A2020202020253032583A253032
:10DC700032583A253032583A253032580D0A004190
:10DC800070704B65793A2020202020004E776B4B36
:10DC900065793A2020202020004E776B534B657920
:10DCA0003A2020202000417070534B65793A2020A3
:10DCB0002020004442496E744B65793A20202000B0
:10DCC0004D43526F6F744B65793A2020004D434BA2
:10DCD000454B65793A20202020004D434170705318
:10DCE0004B65795F303A004D434E776B534B657906
:10DCF0005F303A00000000004150505F7FDC0108B7
:10DD0000010000004E574B5F8CDC0108080000004A
:10DD10004E574B5399DC0108090000004150505305
:10DD2000A6DC01080A0000004442495FB3DC010898
:10DD30000B0000004D435254C0DC01080C000000F1
:10DD40004D434B45CDDC01080D0000004D434B30E9
:10DD5000DADC01080E0000004D415330DADC010826
:10DD60000F0000004D4E5330E7DC010810000000AA
:10DD70005A45524F9BD401086572726F723A205215
:10DD80006567696F6E206973206E6F7420646566C5
:10DD9000696E656420696E20746865204D573A206D
:10DDA000736574206C6F726177616E5F636F6E660E
:10DDB0002E68206163636F7264696E676C790D0A07
:10DDC000004D414320727854696D654F75740D0A9A
:10DDD000004D414320747854696D654F75740D0A88
:10DDE000004D4143207278446F6E650D0A004D412D
:10DDF00043207478446F6E650D0A00080A0C0D0EFE
:10DE000010121415181A1B1D1E21240305020501EA
:10DE100006020205000006000001050404000102DC
:10DE2000030405FFFE00000B357DF2F2F2333333BD
:10DE300073DEDEDEDE33333373F2F2F2F200000023
:10DE400048E8010048E8010048E8010048E801000E
:10DE500048E8010048E8010090D0030000000000FD
:10DE60000C0B0A090807073200000B357DF2F2009F
:10DE7000216DDEDEDEDE00000B357DF2F200358145
:10DE8000F2F2F2F233333373DEDEDE00216DDEDEDA
:10DE9000DEDE33333373F2F2F2003581F2F2F2F266
:10DEA0000808080808080908080808080A090808EE
:10DEB00008080B0A090808080C0B0A0908080D0CC9
:10DEC0000B0A09080D0D0C0B0A09000048E80100B7
:10DED00048E8010048E8010048E8010048E801007E
:10DEE00048E8010020A107000000000020A1070071
:10DEF00020A1070020A1070020A1070020A1070002
:10DF000020A1070000000000000000000C0B0A091F
:10DF1000080708000C0B0A090807000052585F2583
:10DF200073206F6E206672657120256420487A2008
:10DF300061742044522025640D0A005258206F6EEF
:10DF4000206672657120256420487A20617420441F
:10DF5000522025640D0A005458206F6E20667265A9
:10DF60007120256420487A20617420445220256461
:10DF70000D0A00310032004D756C74695F43004D2D
:10DF8000756C74695F50000073DF010875DF01086C
:10DF90007DDF010877DF01087CD601087FDF0108FB
:10DFA00033333373DEDEDEDE33333373F2F2F2F219
:10DFB00048E8010048E8010048E8010048E801009D
:10DFC00048E8010048E8010090D00300000000008C
:10DFD0000C0B0A0908070732000102030405FFFEC3
:10DFE00033333373DEDEDEDE33333373F2F2F2F2D9
:10DFF00048E8010048E8010048E8010048E801005D
:10E0000048E8010048E8010090D00300000000004B
:10E010000C0B0A09080707320B357DF2F2000000ED
:10E02000216DDEDEDEDE00000B357DF2F200000049
:10E030003581F2F2F2F200000A0908080B0A090819
:10E040000C0B0A090D0C0B0A0D0D0C0B48E8010016
:10E0500048E8010048E8010048E8010020A1070065
:10E0600000000000000000000000000020A10700E8
:10E0700020A1070020A1070020A1070020A1070080
:10E0800020A1070000000000000000000A090807A6
:10E09000080000000C0B0A090807000052616469BF
:10E0A0006F53656E64204F76657273697A650D0AE9
:10E0B000004952515F52585F54585F54494D454F83
:10E0C00055540D0A00505245204F4B0D0A0053592C
:10E0D0004E43204F4B0D0A00484452204F4B0D0A2F
:10E0E00000484452204B4F0D0A004952515F4352A1
:10E0F000435F4552524F520D0A00020100030000D7
:10E10000841E0000093D0000127A000024F4000083
:10E1100048E8010090D0030020A1070000000000A3
:10E12000B128000061510000C3A2000004050600F0
:10E13000318E0108018D01082D8F01087D8D0108A8
:10E1400045980108198E010871950108E9930108A5
:10E15000058C0108759A0108C1980108058E01080F
:10E16000F98C0108A98D0108818D0108398D0108FC
:10E170002F8D01083D8C0108398C01082B8D010879
:10E18000278D0108C58E0108F18E01081D8D01083B
:10E19000919B01089D8C0108658C0108619B010819
:10E1A000418C0108F1910108798F010889A90108C2
:10E1B0008FA90108318C0108358C0108C0120000BC
:10E1C0001F000000A816000017000000841C0000BB
:10E1D0000F000000E42500001E000000B42D000028
:10E1E00016000000083900000E0000002C4C000052
:10E1F0001D000000685B0000150000007472000044
:10E200000D000000589800001C00000034B700000A
:10E2100014000000E8E400000C0000007831010068
:10E220001B000000686E01001300000034CA0100EA
:10E230000B000000286202001A00000040DB020010
:10E24000120000003C9303000A000000C0C204005A
:10E250001900000060B3050011000000382007001D
:10E260000900000020A10700000000003C4E554CB2
:10E270004C3E0030313233343536373839616263E1
:10E280006465666768696A6B6C6D6E6F70717273D6
:10E290007475767778797A003031323334353637A1
:10E2A00038394142434445464748494A4B4C4D4E14
:10E2B0004F505152535455565758595A000403025F
:10E2C0000201010101000000000000000000202008
:10E2D0002020202020202028282828282020202016
:10E2E00020202020202020202020202020208810D6
:10E2F0001010101010101010101010101010040436
:10E30000040404040404040410101010101010413C
:10E3100041414141410101010101010101010101AD
:10E320000101010101010101011010101010104242
:10E33000424242424202020202020202020202027D
:10E34000020202020202020202101010102000005B
:10E3500000000000000000000000000000000000BD
:10E3600000000000000000000000000000000000AD
:10E37000000000000000000000000000000000009D
:10E38000000000000000000000000000000000008D
:10E39000000000000000000000000000000000007D
:10E3A000000000000000000000000000000000006D
:10E3B000000000000000000000000000000000005D
:10E3C00000000000000000000000000000005245B6
:10E3D000454E54206D616C6C6F632073756363658B
:10E3E00065646564002F6275696C642F676E752DB6
:10E3F000746F6F6C732D666F722D73746D33325F33
:10E4000031322E332E72656C312E32303234303947
:10E4100032362D313731352F7372632F6E65776C3D
:10E4200069622F6E65776C69622F6C6962632F7405
:10E43000696D652F676D74696D652E63002C2066AC
:10E44000756E6374696F6E3A2000617373657274E0
:10E45000696F6E2022257322206661696C65643ABB
:10E460002066696C6520222573222C206C696E65FC
:10E47000202564257325730A00232D302B20006886
:10E480006C4C0065666745464700303132333435A1
:10E49000363738394142434445460030313233340F
:10E4A0003536373839616263646566000000000004
:10E4B0000000000061D2C5E0F16534EA0000000010
:10E4C0000000000000A6C0A9588B8A9FAA3F4B7B82
:10E4D0009866F929C001A6C0A9588B8A9FAA3F4B0C
:10E4E0007B9866F929C008A6C0A9588B8A9FAA3FC5
:10E4F0004B7B9866F929C009A6C0A9588B8A9FAAA8
:10E500003F4B7B9866F929C00A000000000000001C
:10E510000000000000000000000B000000000000F0
:10E52000000000000000000000000C0000000000DF
:10E5300000000000000000000000000D00000000CE
:10E540000000000000000000000000000E000000BD
:10E55000000000000000000000000000000F0000AC
:10E56000000000000000000000000000000010009B
:10E57000000000000000000000000000000000009B
:10E5800000000000FC6BFE7F0100000065510008E8
:10E590004151000800093D0001000000100000008A
:10E5A000000000006835002010270000050201006F
:10E5B0000000000000000000000000000400000057
:10E5C000401F0000096F00080D6F0008256F00084C
:10E5D000916F0008F5CF00081DD20008A9CD0008F2
:10E5E00055D50008000000007DDB000805F7000895
:10E5F000E9CE0008EDCC0008E9CC0008EBCC00081F
:10E600003DCE0008F1CC0008FDCC000805D2000882
:10E610000201A6C0A9588B8A9FAA3F4B7B9866F936
:10E6200029C061D2C5E0F16534EA0000100E000097
:10E6300001000000000000001C420020000000005B
:10E6400000000000FF000000000000001C4200204D
:10E6500000000000000000000000000000000000BA
:10E66000000000001C4200200000FF00000000002D
:10E67000010000000000000000000000E0000000B9
:10E68000A910010889100108951001080000000078
:10E69000A510010800000000CD1001088D1101082F
:10E6A000ED10010800000000000000000000000064
:10E6B0000000000000000000000E0F0D010908110D
:10E6C00001000000FF000000FFFFFFFFFFFFFFFF52
:10E6D00000000000030000005C5800204C010020F6
:10E6E000000000005C580020C45800202C59002075
:10E6F000000000000000000000000000000000001A
:10E700000000000000000000000000000000000009
:10E7100000000000000000000000000000000000F9
:0CE72000000000000000000000000000ED
:00000001FF
